"Hour", kWh, kvarh, "Peak kW", "peak kVA", "Losses kWh", "Losses kvarh", "Peak Losses kW"
1, 980.34026188492, 114.521428674148, 980.34026188492, 987.006680168965, 15.1366430773504, 26.1809131408808, 15.1366430773504
2, 971.005355534879, 97.6580034594444, 980.34026188492, 987.006680168965, 14.7976171280949, 25.5867351982922, 15.1366430773504
3, 972.689824258139, 25.4310483212299, 980.34026188492, 987.006680168965, 14.7089244673527, 25.4309153600057, 15.1366430773504
4, 1019.34373925681, 27.9627564830763, 1019.34373925681, 1019.7272059292, 16.1557634647448, 27.9664378889932, 16.1557634647448
5, 991.401058053295, 26.435132475243, 1019.34373925681, 1019.7272059292, 15.2811288149973, 26.4337147722656, 16.1557634647448
6, 989.499034581315, 26.3308719196382, 1019.34373925681, 1019.7272059292, 15.2224054326699, 26.3307790177574, 16.1557634647448
7, 982.032949789057, 25.9295035762113, 1019.34373925681, 1019.7272059292, 14.9932531465143, 25.9291964997813, 16.1557634647448
8, 985.755138472649, 26.1288123913147, 1019.34373925681, 1019.7272059292, 15.1072581783684, 26.1289793859239, 16.1557634647448
9, 989.49183684708, 26.3301795971398, 1019.34373925681, 1019.7272059292, 15.2221702117457, 26.3303615517983, 16.1557634647448
10, 993.229001913133, 26.5323388588686, 1019.34373925681, 1019.7272059292, 15.3375336350694, 26.5325350733436, 16.1557634647448
11, 985.769316865287, 26.1301337911631, 1019.34373925681, 1019.7272059292, 15.107720048938, 26.129798620443, 16.1557634647448
12, 987.62581300849, 26.2296227427787, 1019.34373925681, 1019.7272059292, 15.1647355432718, 26.229709555011, 16.1557634647448
13, 972.703195662509, 25.4321423027965, 1019.34373925681, 1019.7272059292, 14.7093522937778, 25.4316700010481, 16.1557634647448
14, 978.28074478852, 25.7282427060742, 1019.34373925681, 1019.7272059292, 14.8787102549777, 25.7284504338194, 16.1557634647448
15, 983.884577774268, 26.0282065632657, 1019.34373925681, 1019.7272059292, 15.0498938799497, 26.0284473589798, 16.1557634647448
16, 980.160241489418, 25.8290680314131, 1019.34373925681, 1019.7272059292, 14.9360366923803, 25.8289220480281, 16.1557634647448
17, 978.290038069221, 25.7290529714056, 1019.34373925681, 1019.7272059292, 14.8790107052603, 25.7289831986071, 16.1557634647448
18, 965.231637836322, 25.0369530072698, 1019.34373925681, 1019.7272059292, 14.4839412085346, 25.0366391951914, 16.1557634647448
19, 967.080599184883, 25.1339903755357, 1019.34373925681, 1019.7272059292, 14.5395256168027, 25.1340381514895, 16.1557634647448
20, 968.947764342434, 25.2326053193685, 1019.34373925681, 1019.7272059292, 14.5957996102315, 25.2326571726719, 16.1557634647448
21, 982.007146307251, 25.9271757202748, 1019.34373925681, 1019.7272059292, 14.992415872359, 25.9277114716123, 16.1557634647448
22, 993.219390854925, 26.53138723895, 1019.34373925681, 1019.7272059292, 15.3372182516023, 26.5319754576642, 16.1557634647448
23, 978.306335103795, 25.730474616605, 1019.34373925681, 1019.7272059292, 14.8795375952828, 25.7299175507632, 16.1557634647448
24, 963.366882512594, 24.938866417357, 1019.34373925681, 1019.7272059292, 14.4279605411908, 24.9385356189115, 16.1557634647448
25, 885.081500766119, 20.9884273772262, 1019.34373925681, 1019.7272059292, 12.1753745173717, 20.992918153747, 16.1557634647448
26, 866.403213262724, 20.0991678032808, 1019.34373925681, 1019.7272059292, 11.6662258549955, 20.100597458726, 16.1557634647448
27, 862.930265944967, 131.993806689686, 1019.34373925681, 1019.7272059292, 11.8390590427257, 20.4040470373991, 16.1557634647448
28, 853.695213064528, 152.644301106871, 1019.34373925681, 1019.7272059292, 11.684275323444, 20.1328733341451, 16.1557634647448
29, 471.490271677663, 103.637414570562, 1019.34373925681, 1019.7272059292, 3.61797825902177, 6.00005430752111, 16.1557634647448
30, 451.27390470691, 96.1070161186712, 1019.34373925681, 1019.7272059292, 3.30489336749062, 5.45118724926204, 16.1557634647448
31, 458.592900219698, 84.6183966885983, 1019.34373925681, 1019.7272059292, 3.37596222141633, 5.57575102220185, 16.1557634647448
32, 462.256614453195, 89.3854206185454, 1019.34373925681, 1019.7272059292, 3.44125530295633, 5.69022342219571, 16.1557634647448
33, -72.8747150063126, 74.335839506703, 1019.34373925681, 1019.7272059292, 0.169748028038235, -0.051034535291579, 16.1557634647448
34, -87.3664308059474, 41.7624756651386, 1019.34373925681, 1019.7272059292, 0.14879414422941, -0.0840381999943477, 16.1557634647448
35, -101.810181741004, 41.8371954436763, 1019.34373925681, 1019.7272059292, 0.191895923006879, -0.00895342120497833, 16.1557634647448
36, -83.7647403079585, 32.4268707519027, 1019.34373925681, 1019.7272059292, 0.128155933716982, -0.120120564856859, 16.1557634647448
37, -232.281793744843, 12.7682569554267, 1019.34373925681, 1019.7272059292, 0.852865124498544, 1.14316347991057, 16.1557634647448
38, -217.900327358117, 19.5695574782064, 1019.34373925681, 1019.7272059292, 0.754599398367213, 0.971544476739729, 16.1557634647448
39, -232.290120918644, 5.78981325902319, 1019.34373925681, 1019.7272059292, 0.850846107035757, 1.13961399357008, 16.1557634647448
40, -230.493071894543, 5.7663408225746, 1019.34373925681, 1019.7272059292, 0.837770149731272, 1.11677123221153, 16.1557634647448
41, -1028.24779956872, 37.9950536560853, 1019.34373925681, 1028.94954269888, 16.636103745533, 28.7181260147005, 16.636103745533
42, -1035.25229614783, 29.1079504932024, 1019.34373925681, 1035.66142607575, 16.8532984291198, 29.0981188701948, 16.8532984291198
43, -1007.20481823185, 36.8294397525601, 1019.34373925681, 1035.66142607575, 15.9626785181754, 27.5400338098675, 16.8532984291198
44, -1001.92053048625, 31.8931262720904, 1019.34373925681, 1035.66142607575, 15.7906517503875, 27.2391235824523, 16.8532984291198
45, -707.22250019291, 25.0300466822704, 1019.34373925681, 1035.66142607575, 7.87624764143629, 13.403713982863, 16.8532984291198
46, -694.818731271295, 33.8592730602424, 1019.34373925681, 1035.66142607575, 7.61149359290319, 12.9406949599938, 16.8532984291198
47, -714.305742058144, 16.0040641335086, 1019.34373925681, 1035.66142607575, 8.02838973456283, 13.669827100667, 16.8532984291198
48, -700.146007862632, 22.4225346696014, 1019.34373925681, 1035.66142607575, 7.71791586721651, 13.1268621827044, 16.8532984291198
49, -369.774254177633, 5.73650366114008, 1019.34373925681, 1035.66142607575, 2.15377460154672, 3.41140622714253, 16.8532984291198
50, -342.906168571859, 23.8215355773165, 1019.34373925681, 1035.66142607575, 1.86142960083449, 2.90054026874133, 16.8532984291198
51, -371.558690787517, 12.7521276281359, 1019.34373925681, 1035.66142607575, 2.17665306482388, 3.45138563319587, 16.8532984291198
52, -382.300101291408, 10.6470872057498, 1019.34373925681, 1035.66142607575, 2.30309134568623, 3.67236719817094, 16.8532984291198
53, -572.75023906278, 13.3164181674896, 1019.34373925681, 1035.66142607575, 5.1631035582717, 8.66764247172969, 16.8532984291198
54, -608.296859862324, 9.82016201240136, 1019.34373925681, 1035.66142607575, 5.82102615112274, 9.81817062102288, 16.8532984291198
55, -626.067644507767, 10.4210443327685, 1019.34373925681, 1035.66142607575, 6.16565345600874, 10.4208710284606, 16.8532984291198
56, -620.747300918957, 12.563989482191, 1019.34373925681, 1035.66142607575, 6.06230243111571, 10.2401187640329, 16.8532984291198
57, -269.600126222152, 8.62896207859953, 1019.34373925681, 1035.66142607575, 1.14672395698916, 1.65450835551529, 16.8532984291198
58, -267.8051585188, 6.27673751258509, 1019.34373925681, 1035.66142607575, 1.13099483725922, 1.62702763344091, 16.8532984291198
59, -273.191071883654, 8.68227642829336, 1019.34373925681, 1035.66142607575, 1.17737408173507, 1.70805276546833, 16.8532984291198
60, -249.843337281832, 6.021301746453, 1019.34373925681, 1035.66142607575, 0.984794512897433, 1.37165611583167, 16.8532984291198
61, -61.4337276428904, -0.238180833090392, 1019.34373925681, 1035.66142607575, 0.0606692528166169, -0.238264648045516, 16.8532984291198
62, -70.4706513989698, 2.11929845891514, 1019.34373925681, 1035.66142607575, 0.0795396602661392, -0.205496175081857, 16.8532984291198
63, -43.3546274792411, 6.68571992407373, 1019.34373925681, 1035.66142607575, 0.0315274543659731, -0.288703294657374, 16.8532984291198
64, -52.396483598951, 2.05850284346823, 1019.34373925681, 1035.66142607575, 0.0445269521616086, -0.266240160602882, 16.8532984291198
65, 505.266898437765, 9.01901134312101, 1019.34373925681, 1035.66142607575, 4.01241194059654, 6.69674343652215, 16.8532984291198
66, 527.354653109284, 16.6280878613281, 1019.34373925681, 1035.66142607575, 4.3740830145, 7.33084457721916, 16.8532984291198
67, 536.575500644792, 28.5359798905119, 1019.34373925681, 1035.66142607575, 4.53687400201849, 7.61629462418151, 16.8532984291198
68, 560.605485136336, 75.8838479878682, 1019.34373925681, 1035.66142607575, 5.02955389732916, 8.48017267754941, 16.8532984291198
69, 838.06563319104, 60.9581239521443, 1019.34373925681, 1035.66142607575, 11.1023564664907, 19.1178976154238, 16.8532984291198
70, 830.628777063857, 58.2899622045879, 1019.34373925681, 1035.66142607575, 10.9020818916809, 18.7669139402172, 16.8532984291198
71, 851.043790825237, 42.9304228043973, 1019.34373925681, 1035.66142607575, 11.417496087367, 19.6701183791711, 16.8532984291198
72, 888.283990969542, 54.0254189990557, 1019.34373925681, 1035.66142607575, 12.4536936078564, 21.4861337822761, 16.8532984291198
73, 980.357050958088, 37.8082040567047, 1019.34373925681, 1035.66142607575, 15.1381740238349, 26.1875381765393, 16.8532984291198
74, 991.577803546574, 50.0636542211024, 1019.34373925681, 1035.66142607575, 15.5035708838348, 26.827937648613, 16.8532984291198
75, 993.456683841644, 50.1790229760972, 1019.34373925681, 1035.66142607575, 15.5624661700743, 26.9311759774746, 16.8532984291198
76, 993.447732815547, 43.1932523693768, 1019.34373925681, 1035.66142607575, 15.5517880792502, 26.9124385234494, 16.8532984291198
77, 999.066058484917, 52.8097816346899, 1019.34373925681, 1035.66142607575, 15.7426786119622, 27.2469930273316, 16.8532984291198
78, 971.043279389318, 37.323288012601, 1019.34373925681, 1035.66142607575, 14.8516031949335, 25.6853768773585, 16.8532984291198
79, 965.414615659684, 34.6808057910001, 1019.34373925681, 1035.66142607575, 14.6770028368365, 25.3793452733077, 16.8532984291198
80, 963.538187365765, 29.9250058468937, 1019.34373925681, 1035.66142607575, 14.6151137328624, 25.2708597420313, 16.8532984291198
81, 967.273431754423, 34.7731078858265, 1019.34373925681, 1035.66142607575, 14.7336294554333, 25.4785658097822, 16.8532984291198
82, 971.009315890255, 34.977816059782, 1019.34373925681, 1035.66142607575, 14.8478143627228, 25.6786793105408, 16.8532984291198
83, 972.882175937421, 37.405625609716, 1019.34373925681, 1035.66142607575, 14.9079212308621, 25.7840269855005, 16.8532984291198
84, 974.756644171359, 42.1641530205767, 1019.34373925681, 1035.66142607575, 14.9714237050763, 25.8953360414524, 16.8532984291198
85, 944.891152207082, 26.6222543444994, 1019.34373925681, 1035.66142607575, 14.0521343871242, 24.2842685024465, 16.8532984291198
86, 971.006929691342, 48.9382692581043, 1019.34373925681, 1035.66142607575, 14.8664131697949, 25.7113019162198, 16.8532984291198
87, 965.437673857196, 50.9900533847441, 1019.34373925681, 1035.66142607575, 14.6999962970166, 25.4197217181705, 16.8532984291198
88, 957.951522566478, 38.9523624184498, 1019.34373925681, 1035.66142607575, 14.4561444846072, 24.9923328465564, 16.8532984291198
89, 965.42122628924, 48.6509649120281, 1019.34373925681, 1035.66142607575, 14.6957697645506, 25.4122830418377, 16.8532984291198
90, 952.376581382436, 52.6266211792258, 1019.34373925681, 1035.66142607575, 14.3085084115435, 24.7336628199619, 16.8532984291198
91, 950.494841332204, 50.2028058053563, 1019.34373925681, 1035.66142607575, 14.2481830365632, 24.6279316690883, 16.8532984291198
92, 969.181682267089, 67.5038801963034, 1019.34373925681, 1035.66142607575, 14.8450575095063, 25.6739846825371, 16.8532984291198
93, 971.127177286757, 90.9520368027429, 1019.34373925681, 1035.66142607575, 14.9633844981827, 25.8814679168213, 16.8532984291198
94, 984.258232114665, 110.371076452735, 1019.34373925681, 1035.66142607575, 15.4293611988073, 26.6981637305508, 16.8532984291198
95, 974.990225994093, 123.912077515961, 1019.34373925681, 1035.66142607575, 15.1937694445819, 26.2853812939761, 16.8532984291198
96, 969.310428449675, 104.921828816301, 1019.34373925681, 1035.66142607575, 14.9512380140593, 25.8603107105414, 16.8532984291198
97, 952.52811414656, 108.680826116123, 1019.34373925681, 1035.66142607575, 14.45634635135, 24.9930265593729, 16.8532984291198
98, 956.335274625344, 132.268121849618, 1019.34373925681, 1035.66142607575, 14.6605440542768, 25.3509408855254, 16.8532984291198
99, 948.599562518942, 24.5773960573103, 1019.34373925681, 1035.66142607575, 14.1609395382442, 24.475029520439, 16.8532984291198
100, 931.814066120633, 23.6032405871392, 1019.34373925681, 1035.66142607575, 13.6634880845983, 23.6031355802306, 16.8532984291198
101, 954.174112795938, 24.7675591587374, 1019.34373925681, 1035.66142607575, 14.327959534348, 24.7675751319534, 16.8532984291198
102, 941.140841539244, 24.0855093528872, 1019.34373925681, 1035.66142607575, 13.9387395338027, 24.0855034838624, 16.8532984291198
103, 941.128764668414, 24.0848433903528, 1019.34373925681, 1035.66142607575, 13.9383684752656, 24.0848431280681, 16.8532984291198
104, 969.108069622791, 25.5607674666629, 1019.34373925681, 1035.66142607575, 14.7805884034803, 25.5607951417079, 16.8532984291198
105, 943.019385854071, 24.1832909273473, 1019.34373925681, 1035.66142607575, 13.9945260947061, 24.1832783981398, 16.8532984291198
106, 929.945001360597, 23.5070438315331, 1019.34373925681, 1035.66142607575, 13.6086551931854, 23.5070392737652, 16.8532984291198
107, 944.847593473133, 24.2784769326583, 1019.34373925681, 1035.66142607575, 14.0488714278863, 24.2784852589387, 16.8532984291198
108, 937.403284294825, 23.8916075895305, 1019.34373925681, 1035.66142607575, 13.8280992093214, 23.8916046779686, 16.8532984291198
109, 931.803902779183, 23.6025867922338, 1019.34373925681, 1035.66142607575, 13.6631787985352, 23.6025847054029, 16.8532984291198
110, 950.443894801137, 24.5713698513006, 1019.34373925681, 1035.66142607575, 14.2160062125231, 24.5713822182892, 16.8532984291198
111, 950.461514061405, 24.5723549261066, 1019.34373925681, 1035.66142607575, 14.2165529880286, 24.5723553339867, 16.8532984291198
112, 939.272874149246, 23.9885067619578, 1019.34373925681, 1035.66142607575, 13.883389027472, 23.9885016310413, 16.8532984291198
113, 950.450954261428, 24.5717649869075, 1019.34373925681, 1035.66142607575, 14.2162253076676, 24.5717721772549, 16.8532984291198
114, 935.544107495076, 23.7954732435154, 1019.34373925681, 1035.66142607575, 13.7732380220936, 23.7954675725662, 16.8532984291198
115, 937.394735505713, 23.8911386021643, 1019.34373925681, 1035.66142607575, 13.8278376117643, 23.8911391306952, 16.8532984291198
116, 987.769530468003, 26.5692943233941, 1019.34373925681, 1035.66142607575, 15.3561041306873, 26.5693615319726, 16.8532984291198
117, 989.688321898483, 26.6743052754667, 1019.34373925681, 1035.66142607575, 15.4159636073209, 26.6743090752852, 16.8532984291198
118, 976.621541802194, 25.9646947192426, 1019.34373925681, 1035.66142607575, 15.0110318702241, 25.9646807061896, 16.8532984291198
119, 997.146707567089, 27.0835476413637, 1019.34373925681, 1035.66142607575, 15.6495072340946, 27.0835774795099, 16.8532984291198
120, 1015.85048364234, 28.123621324336, 1019.34373925681, 1035.66142607575, 16.2429863625859, 28.1236557028038, 16.8532984291198
121, 950.513424929543, 17.5953179691953, 1019.34373925681, 1035.66142607575, 14.2128203719491, 24.5679070813541, 16.8532984291198
122, 954.237635142268, 6.16849125996041, 1019.34373925681, 1035.66142607575, 14.3199521519535, 24.7556058082096, 16.8532984291198
123, 969.179180340611, 27.8733456610111, 1019.34373925681, 1035.66142607575, 14.7842181537032, 25.5693210439954, 16.8532984291198
124, 959.861821669162, 25.0717819730562, 1019.34373925681, 1035.66142607575, 14.4990192826036, 25.0695298292823, 16.8532984291198
125, 558.209626584079, 8.2496487764636, 1019.34373925681, 1035.66142607575, 4.89758550643437, 8.24719024244916, 16.8532984291198
126, 620.918951716693, 10.2862833759547, 1019.34373925681, 1035.66142607575, 6.0607473733577, 10.2861032336316, 16.8532984291198
127, 609.867578498218, 9.91101188649051, 1019.34373925681, 1035.66142607575, 5.84677452270223, 9.91104514610791, 16.8532984291198
128, 656.036180566639, 11.5230023124275, 1019.34373925681, 1035.66142607575, 6.76631265863904, 11.5228805517097, 16.8532984291198
129, 317.127462347012, 2.43351746675214, 1019.34373925681, 1035.66142607575, 1.57917411614036, 2.43312030489862, 16.8532984291198
130, 337.252204209574, 2.79621712504659, 1019.34373925681, 1035.66142607575, 1.78606659144542, 2.79614819603133, 16.8532984291198
131, 375.709305298531, 3.55212324851073, 1019.34373925681, 1035.66142607575, 2.21687660461691, 3.55199033334868, 16.8532984291198
132, 460.108055718842, 5.49705680486648, 1019.34373925681, 1035.66142607575, 3.32555865999097, 5.49677190085701, 16.8532984291198
133, -139.538254043336, 0.192097232587473, 1019.34373925681, 1035.66142607575, 0.310193361864843, 0.19190605791087, 16.8532984291198
134, -155.767372113492, 0.323269106254172, 1019.34373925681, 1035.66142607575, 0.385653346468221, 0.323259807441513, 16.8532984291198
135, -139.544950442154, 0.191953437565591, 1019.34373925681, 1035.66142607575, 0.310224526957581, 0.191959108864335, 16.8532984291198
136, -137.74175477605, 0.178257810228273, 1019.34373925681, 1035.66142607575, 0.302350559643254, 0.178258405907159, 16.8532984291198
137, 60.112202529032, -0.238056446700082, 1019.34373925681, 1035.66142607575, 0.0586057334420164, -0.238417925196311, 16.8532984291198
138, 43.7860445260332, -0.285616966466752, 1019.34373925681, 1035.66142607575, 0.0321532412598003, -0.285588249474784, 16.8532984291198
139, 94.6018383789287, -0.0904177178957278, 1019.34373925681, 1035.66142607575, 0.142022993885682, -0.09052772746536, 16.8532984291198
140, 187.366623105542, 5.28277413535353, 1019.34373925681, 1035.66142607575, 0.552356891678854, 0.633068708007916, 16.8532984291198
141, -389.081149901791, 3.80947034397076, 1019.34373925681, 1035.66142607575, 2.39173655644226, 3.81012323833376, 16.8532984291198
142, -419.474555799119, 4.48478442026539, 1019.34373925681, 1035.66142607575, 2.77815812264147, 4.48463369933527, 16.8532984291198
143, -433.772227981381, 7.14474517661185, 1019.34373925681, 1035.66142607575, 2.97043088035831, 4.82029451129102, 16.8532984291198
144, -442.705080297593, 5.03492003070123, 1019.34373925681, 1035.66142607575, 3.09306892476105, 5.03444316380962, 16.8532984291198
145, -53.0664115575766, 27.6566088396105, 1019.34373925681, 1035.66142607575, 0.0620276061048102, -0.241342353388132, 16.8532984291198
146, -63.9160201028969, 25.3624248540237, 1019.34373925681, 1035.66142607575, 0.0802100303907239, -0.210202020527332, 16.8532984291198
147, -74.7576998001156, 25.4034459512293, 1019.34373925681, 1035.66142607575, 0.104030644384181, -0.169196577652235, 16.8532984291198
148, -71.1353524804887, 34.7036890528538, 1019.34373925681, 1035.66142607575, 0.104516350734867, -0.16815216568508, 16.8532984291198
149, -243.443515783507, 5.93523914110696, 1019.34373925681, 1035.66142607575, 0.941814799783924, 1.28388646532978, 16.8532984291198
150, -225.477190936205, 3.37711367036366, 1019.34373925681, 1035.66142607575, 0.808818496690553, 1.05226223018406, 16.8532984291198
151, -221.880076368852, 3.33292588788108, 1019.34373925681, 1035.66142607575, 0.783481211707624, 1.00814485878082, 16.8532984291198
152, -180.492083848133, 2.87650121289644, 1019.34373925681, 1035.66142607575, 0.521188220047261, 0.551750402548306, 16.8532984291198
153, 141.225894443083, 4.86503565006558, 1019.34373925681, 1035.66142607575, 0.315262595012794, 0.21548847441914, 16.8532984291198
154, 159.420992845252, 7.34191168450057, 1019.34373925681, 1035.66142607575, 0.401450261617612, 0.367543766655983, 16.8532984291198
155, 170.349504015743, 21.4011908305817, 1019.34373925681, 1035.66142607575, 0.464369397709832, 0.478377460627678, 16.8532984291198
156, 144.865417656352, 9.54539651810043, 1019.34373925681, 1035.66142607575, 0.332662886803174, 0.246173230821626, 16.8532984291198
157, 799.700474815293, 24.2725225759742, 1019.34373925681, 1035.66142607575, 10.0601444429689, 17.3094859492327, 16.8532984291198
158, 820.13731720391, 29.8516178701554, 1019.34373925681, 1035.66142607575, 10.5856313306451, 18.2309582458753, 16.8532984291198
159, 848.045299338565, 45.1090230584402, 1019.34373925681, 1035.66142607575, 11.3361134909003, 19.5469201424715, 16.8532984291198
160, 840.614565474839, 33.1321040647167, 1019.34373925681, 1035.66142607575, 11.123841654492, 19.1747459195447, 16.8532984291198
161, 1176.51985313009, 56.4995549355987, 1176.51985313009, 1177.8756999434, 21.8220677957282, 37.9193967241109, 21.8220677957282
162, 1163.40408241684, 64.9853919898726, 1176.51985313009, 1177.8756999434, 21.3554306101973, 37.1014256025649, 21.8220677957282
163, 1185.90978146674, 61.8039183108639, 1185.90978146674, 1187.51915104434, 22.1812986933592, 38.5491879505641, 22.1812986933592
164, 1144.62135554872, 49.8185465361196, 1185.90978146674, 1187.51915104434, 20.645269751485, 35.8565620069135, 22.1812986933592
165, 1551.4078518706, 96.4899181789398, 1551.4078518706, 1554.40555427338, 38.0310702645393, 66.3170952896923, 38.0310702645393
166, 1587.55234595837, 102.021748404981, 1587.55234595837, 1590.82710823821, 39.8364518456753, 69.4819606278916, 39.8364518456753
167, 1543.76902743091, 77.1985290808236, 1587.55234595837, 1590.82710823821, 37.6050618011103, 65.5706160760929, 39.8364518456753
168, 1572.24766766147, 74.9984385910588, 1587.55234595837, 1590.82710823821, 38.9978663882139, 68.0120480506655, 39.8364518456753
169, 1683.612432369, 85.0281722500203, 1683.612432369, 1685.75817141832, 44.7397228861786, 78.0713859672338, 44.7397228861786
170, 1624.37300124968, 74.9447351008813, 1683.612432369, 1685.75817141832, 41.6252088069205, 72.6118928691338, 44.7397228861786
171, 1561.43419500498, 67.0490551317772, 1683.612432369, 1685.75817141832, 38.4473005204798, 67.0412811648775, 44.7397228861786
172, 1542.43473102401, 65.4067712542533, 1683.612432369, 1685.75817141832, 37.5146212439828, 65.4064358760246, 44.7397228861786
173, 1540.49224117459, 67.5677111971326, 1683.612432369, 1685.75817141832, 37.4247893797322, 65.2488934853435, 44.7397228861786
174, 1494.83151738141, 61.4036495003789, 1683.612432369, 1685.75817141832, 35.22826779779, 61.3987393862925, 44.7397228861786
175, 1458.81890468939, 58.4521865404795, 1683.612432369, 1685.75817141832, 33.5468993427533, 58.4516902741836, 44.7397228861786
176, 1436.01389643264, 56.622977610422, 1683.612432369, 1685.75817141832, 32.5034482828336, 56.6226838587761, 44.7397228861786
177, 1430.28521971514, 56.1677487148028, 1683.612432369, 1685.75817141832, 32.2438863933346, 56.167674148388, 44.7397228861786
178, 1424.60015312272, 58.0453095850998, 1683.612432369, 1685.75817141832, 31.9916555773995, 55.7255606358681, 44.7397228861786
179, 1369.64352857664, 51.4700989059092, 1683.612432369, 1685.75817141832, 29.5611778235005, 51.4655236380773, 44.7397228861786
180, 1363.97432090902, 51.0365101007063, 1683.612432369, 1685.75817141832, 29.3163744786968, 51.0364412009165, 44.7397228861786
181, 1333.75651404445, 48.7801678720597, 1683.612432369, 1685.75817141832, 28.0288849394616, 48.7798830137163, 44.7397228861786
182, 1333.70705069263, 53.43003808683, 1683.612432369, 1685.75817141832, 28.0343459417654, 48.7893767598614, 44.7397228861786
183, 1295.98283848096, 48.3661299212553, 1683.612432369, 1685.75817141832, 26.4638339067392, 46.0368389155245, 44.7397228861786
184, 1269.53740359151, 46.4840949706095, 1683.612432369, 1685.75817141832, 25.3924988906814, 44.1590976050631, 44.7397228861786
185, 1233.72349748833, 41.6769891879673, 1683.612432369, 1685.75817141832, 23.973990095439, 41.6729491894287, 44.7397228861786
186, 1201.69854970877, 39.5158160892976, 1683.612432369, 1685.75817141832, 22.7430956856379, 39.5156219755277, 44.7397228861786
187, 1199.76996728533, 39.3873786786392, 1683.612432369, 1685.75817141832, 22.6699455212627, 39.3873655681159, 44.7397228861786
188, 1169.71073328222, 37.4180389247771, 1683.612432369, 1685.75817141832, 21.5461833494812, 37.4178881127177, 44.7397228861786
189, 1169.67012194759, 39.7415553278405, 1683.612432369, 1685.75817141832, 21.5475089721838, 37.4201679907762, 44.7397228861786
190, 1167.79909370637, 44.2778122187776, 1683.612432369, 1685.75817141832, 21.4847729057832, 37.3102317424374, 44.7397228861786
191, 1107.68983159913, 40.504579853613, 1683.612432369, 1685.75817141832, 19.3263780069653, 33.5274824843423, 44.7397228861786
192, 1021.50149747565, 42.4216501916626, 1683.612432369, 1685.75817141832, 16.4403841810434, 28.469697481197, 44.7397228861786
193, 1015.9038369662, 49.0876467378263, 1683.612432369, 1685.75817141832, 16.2706239036865, 28.1722098599342, 44.7397228861786
194, 1004.6592749053, 27.5216034702016, 1683.612432369, 1685.75817141832, 15.8866142155597, 27.4991689026733, 44.7397228861786
195, 1002.77105199816, 15.7685469838678, 1683.612432369, 1685.75817141832, 15.8187005086762, 27.3800653280676, 44.7397228861786
196, 1002.77072452961, 18.0806640957519, 1683.612432369, 1685.75817141832, 15.8199639667489, 27.3822705107061, 44.7397228861786
197, 1008.38259162496, 27.6960324537445, 1683.612432369, 1685.75817141832, 16.0047034347943, 27.7060616769881, 44.7397228861786
198, 967.306111529894, 23.1389552490434, 1683.612432369, 1685.75817141832, 14.7238498802325, 25.4614104287767, 44.7397228861786
199, 980.332470972821, 26.1628045155594, 1683.612432369, 1685.75817141832, 15.1254545012931, 26.1651797571448, 44.7397228861786
200, 987.813453960639, 26.5718714961505, 1683.612432369, 1685.75817141832, 15.3575213595476, 26.57188405821, 44.7397228861786
201, 974.753104949876, 25.8639919029242, 1683.612432369, 1685.75817141832, 14.9535696351416, 25.8639784583862, 44.7397228861786
202, 978.473209936268, 26.0646187284507, 1683.612432369, 1685.75817141832, 15.0680686319817, 26.0646226099292, 44.7397228861786
203, 980.343667094925, 26.1658229201855, 1683.612432369, 1685.75817141832, 15.1258154307255, 26.1658251741776, 44.7397228861786
204, 985.946338731042, 26.4700912794018, 1683.612432369, 1685.75817141832, 15.2994400384326, 26.4700983700747, 44.7397228861786
205, 991.553798809568, 26.7763802270962, 1683.612432369, 1685.75817141832, 15.4742130703075, 26.7763879784134, 44.7397228861786
206, 980.356856626699, 26.1665896005844, 1683.612432369, 1685.75817141832, 15.1262378023982, 26.166576952, 44.7397228861786
207, 985.946353170156, 26.4700925032113, 1683.612432369, 1685.75817141832, 15.2994405276528, 26.4700992632435, 44.7397228861786
208, 976.617797091035, 25.9644780031158, 1683.612432369, 1685.75817141832, 15.0109124051155, 25.9644680767049, 44.7397228861786
209, 985.94253985259, 26.4698691155704, 1683.612432369, 1685.75817141832, 15.2993177113177, 26.4698806462743, 44.7397228861786
210, 978.484445410115, 26.0652697522332, 1683.612432369, 1685.75817141832, 15.0684276953189, 26.0652616801869, 44.7397228861786
211, 980.343679251916, 26.1658239434329, 1683.612432369, 1685.75817141832, 15.1258158424788, 26.165825920917, 44.7397228861786
212, 1023.30771343907, 28.5435901369063, 1683.612432369, 1685.75817141832, 16.4826669791777, 28.5436748229757, 44.7397228861786
213, 1062.63073863182, 30.8099313745769, 1683.612432369, 1685.75817141832, 17.7758647139037, 30.8100400566698, 44.7397228861786
214, 1047.7088844232, 29.9401365946767, 1683.612432369, 1685.75817141832, 17.2794417197594, 29.9401024231983, 44.7397228861786
215, 1064.5312399571, 30.9217906274821, 1683.612432369, 1685.75817141832, 17.8396409648029, 30.9218363218918, 44.7397228861786
216, 1073.9105004746, 31.4760952643045, 1683.612432369, 1685.75817141832, 18.1559119620659, 31.4761233530088, 44.7397228861786
217, 1031.71423950883, 22.0459367338645, 1683.612432369, 1685.75817141832, 16.7488507590738, 29.0123209984923, 44.7397228861786
218, 999.89530322793, 17.9279185310012, 1683.612432369, 1685.75817141832, 15.7287853943467, 27.2245403723407, 44.7397228861786
219, 966.278509754804, 39.3619863142366, 1683.612432369, 1685.75817141832, 14.7083482477399, 25.4362375381289, 44.7397228861786
220, 977.46074196093, 51.6276726948081, 1683.612432369, 1685.75817141832, 15.0681485090893, 26.0668402676585, 44.7397228861786
221, 797.891942074903, 17.2143818690098, 1683.612432369, 1685.75817141832, 10.0134628856255, 17.2114996023827, 44.7397228861786
222, 829.470154701458, 27.9344322503525, 1683.612432369, 1685.75817141832, 10.8296144676763, 18.6419591176484, 44.7397228861786
223, 903.991303850029, 52.4799206896871, 1683.612432369, 1685.75817141832, 12.8934700048322, 22.2593345850008, 44.7397228861786
224, 959.896928389381, 46.047377648527, 1683.612432369, 1685.75817141832, 14.5229787717393, 25.1152825718737, 44.7397228861786
225, 533.006599955384, 9.81947369134798, 1683.612432369, 1685.75817141832, 4.46491992286941, 7.49244177523253, 44.7397228861786
226, 575.381573721723, 11.1126605742998, 1683.612432369, 1685.75817141832, 5.20366906174647, 8.7877428528084, 44.7397228861786
227, 617.826340821568, 10.1842100997361, 1683.612432369, 1685.75817141832, 5.9995562389179, 10.1831763783249, 44.7397228861786
228, 632.61484943691, 10.6932852373869, 1683.612432369, 1685.75817141832, 6.29047528942101, 10.693244052332, 44.7397228861786
229, -7.9230286302519, 1.98540195110246, 1683.612432369, 1685.75817141832, 0.00307441069329744, -0.338479321530925, 44.7397228861786
230, 42.8170241876116, 4.36171708914696, 1683.612432369, 1685.75817141832, 0.0306145490334096, -0.287963582467996, 44.7397228861786
231, 60.9549668731378, -0.236248857868436, 1683.612432369, 1685.75817141832, 0.0596677603570001, -0.236255084309636, 44.7397228861786
232, 86.3666742840563, 4.51770628939001, 1683.612432369, 1685.75817141832, 0.118566536477873, -0.131930573443629, 44.7397228861786
233, -241.537350981976, 1.2585246834821, 1683.612432369, 1685.75817141832, 0.924143293251424, 1.25767986154053, 44.7397228861786
234, -250.538598162331, 1.37921264339635, 1683.612432369, 1685.75817141832, 0.993834619261885, 1.37919479105387, 44.7397228861786
235, -209.188404379311, 3.18273604266857, 1683.612432369, 1685.75817141832, 0.694870774502299, 0.858080089939677, 44.7397228861786
236, -176.788021234812, 2.83996812421454, 1683.612432369, 1685.75817141832, 0.497972470950477, 0.515208841511452, 44.7397228861786
237, 398.289252107692, 4.03571810077854, 1683.612432369, 1685.75817141832, 2.49111157450267, 4.03702111309945, 44.7397228861786
238, 387.290059172025, 3.79870335728073, 1683.612432369, 1685.75817141832, 2.35535766362965, 3.79874143778502, 44.7397228861786
239, 427.638233988405, 4.70562923446858, 1683.612432369, 1685.75817141832, 2.87198543372236, 4.70549254870142, 44.7397228861786
240, 423.975113331057, 4.61945893371249, 1683.612432369, 1685.75817141832, 2.82296950992462, 4.61947151681064, 44.7397228861786
241, 785.788982273662, 19.0117404025465, 1683.612432369, 1685.75817141832, 9.71016695062347, 16.69287550081, 44.7397228861786
242, 770.952833319964, 23.0322379200124, 1683.612432369, 1685.75817141832, 9.34966540738805, 16.0607991142579, 44.7397228861786
243, 780.227819064053, 32.740274109826, 1683.612432369, 1685.75817141832, 9.58457458401051, 16.4726872038168, 44.7397228861786
244, 757.967574616925, 22.4925797400363, 1683.612432369, 1685.75817141832, 9.03705000246133, 15.5126691083206, 44.7397228861786
245, -209.691881061431, 3.1885555326573, 1683.612432369, 1685.75817141832, 0.698348525704739, 0.863861582103941, 44.7397228861786
246, -218.685499208036, 0.969327522428151, 1683.612432369, 1685.75817141832, 0.758819123411667, 0.969228663767041, 44.7397228861786
247, -198.896441890153, 0.742626244727609, 1683.612432369, 1685.75817141832, 0.628753313453447, 0.742649391521265, 44.7397228861786
248, -144.861324192722, 2.55861061250594, 1683.612432369, 1685.75817141832, 0.336345673915697, 0.233868649617151, 44.7397228861786
249, 459.954502801249, 7.82129290340838, 1683.612432369, 1685.75817141832, 3.32314651145574, 5.49859187829832, 44.7397228861786
250, 459.955359596665, 7.82340501270246, 1683.612432369, 1685.75817141832, 3.32316055392177, 5.49861915874311, 44.7397228861786
251, 483.84567636456, 6.12025648281643, 1683.612432369, 1685.75817141832, 3.67701092372382, 6.11962730188956, 44.7397228861786
252, 498.562769694082, 8.84369685919914, 1683.612432369, 1685.75817141832, 3.90484221937715, 6.51944886608782, 44.7397228861786
253, 1381.16588144532, 52.2756613386123, 1683.612432369, 1685.75817141832, 30.057965364819, 52.3512473068501, 44.7397228861786
254, 1371.75793201388, 51.634908637136, 1683.612432369, 1685.75817141832, 29.6491739059809, 51.6349787311339, 44.7397228861786
255, 1432.38499951754, 63.3358218380609, 1683.612432369, 1685.75817141832, 32.3485394669357, 56.3670073001915, 44.7397228861786
256, 1428.59868421804, 60.7135745617497, 1683.612432369, 1685.75817141832, 32.1727137808319, 56.0588266045897, 44.7397228861786
257, 1524.70665545123, 66.2251712838245, 1683.612432369, 1685.75817141832, 36.6576326608995, 63.9117727979339, 44.7397228861786
258, 1520.92211609199, 68.2449440489408, 1683.612432369, 1685.75817141832, 36.4804278017528, 63.601193706613, 44.7397228861786
259, 1547.4895670681, 70.5104512872543, 1683.612432369, 1685.75817141832, 37.7698047190189, 65.8613398682929, 44.7397228861786
260, 1522.86636092528, 63.7604025088719, 1683.612432369, 1685.75817141832, 36.564266247272, 63.748277785047, 44.7397228861786
261, 1616.94011952484, 78.9276181143033, 1683.612432369, 1685.75817141832, 41.2542387540554, 71.9658791379596, 44.7397228861786
262, 1599.84266857849, 84.4013756365868, 1683.612432369, 1685.75817141832, 40.4019346697332, 70.4718923140691, 44.7397228861786
263, 1603.59262084889, 82.4246167330635, 1683.612432369, 1685.75817141832, 40.5858584527418, 70.7942781092903, 44.7397228861786
264, 1611.18859525654, 73.781959051643, 1683.612432369, 1685.75817141832, 40.9490195696484, 71.4309333873715, 44.7397228861786
265, 1670.21064243258, 76.7826965248539, 1683.612432369, 1685.75817141832, 44.0098391500409, 76.7919675288019, 44.7397228861786
266, 1654.96853984483, 75.386237367921, 1683.612432369, 1685.75817141832, 43.2076926682143, 75.3859488849281, 44.7397228861786
267, 1633.97017519141, 73.4703197744691, 1683.612432369, 1685.75817141832, 42.1146394966252, 73.4698941213282, 44.7397228861786
268, 1607.26071730683, 71.069005992857, 1683.612432369, 1685.75817141832, 40.7447008323175, 71.0684936044852, 44.7397228861786
269, 1622.40955586155, 72.4247094970759, 1683.612432369, 1685.75817141832, 41.5186563335609, 72.4250005278734, 44.7397228861786
270, 1563.33874801216, 67.2137590345556, 1683.612432369, 1685.75817141832, 38.541434646479, 67.2062860336458, 44.7397228861786
271, 1544.33872014957, 65.5697051438872, 1683.612432369, 1685.75817141832, 37.607573111752, 65.5693692236369, 44.7397228861786
272, 1551.88638104328, 66.216793497598, 1683.612432369, 1685.75817141832, 37.9770513906066, 66.2169168072108, 44.7397228861786
273, 1504.33676443239, 62.1941594427036, 1683.612432369, 1685.75817141832, 35.6789981723632, 62.1887998633271, 44.7397228861786
274, 1506.2307086146, 62.3467199234169, 1683.612432369, 1685.75817141832, 35.7691188300861, 62.346733755462, 44.7397228861786
275, 1472.10825720651, 59.5313300598189, 1683.612432369, 1685.75817141832, 34.1625775573105, 59.5308563386734, 44.7397228861786
276, 1460.66093008744, 58.6005852767874, 1683.612432369, 1685.75817141832, 33.6317996623002, 58.6004255934295, 44.7397228861786
277, 1417.00104479154, 55.1241313907994, 1683.612432369, 1685.75817141832, 31.6461732513277, 55.1200156281909, 44.7397228861786
278, 1371.53581676579, 51.6130218839835, 1683.612432369, 1685.75817141832, 29.6431141629859, 51.6091335803353, 44.7397228861786
279, 1324.24933076908, 48.0838571104653, 1683.612432369, 1685.75817141832, 27.6297252237023, 48.0802143164934, 44.7397228861786
280, 1267.60372420921, 44.0210919218744, 1683.612432369, 1685.75817141832, 25.3115978866976, 44.0172595680775, 44.7397228861786
281, 1252.53945923844, 42.9670807226326, 1683.612432369, 1685.75817141832, 24.7123344739289, 42.9669662443609, 44.7397228861786
282, 1182.83401095348, 38.2753169485261, 1683.612432369, 1685.75817141832, 22.0332404286435, 38.2714758741886, 44.7397228861786
283, 1158.42199879212, 36.69128931108, 1683.612432369, 1685.75817141832, 21.1315362066494, 36.6911671845491, 44.7397228861786
284, 1113.36905520494, 33.8618949767066, 1683.612432369, 1685.75817141832, 19.5170830837275, 33.8617265017613, 44.7397228861786
285, 1117.05885604392, 34.0889896097992, 1683.612432369, 1685.75817141832, 19.6468014116553, 34.0890017876163, 44.7397228861786
286, 1075.84683984114, 31.5914758535012, 1683.612432369, 1685.75817141832, 18.221628711928, 31.5913556280934, 44.7397228861786
287, 1066.43655796302, 31.0341598778101, 1683.612432369, 1685.75817141832, 17.9036997144239, 31.0341324036201, 44.7397228861786
288, 1040.23912937766, 36.488582094194, 1683.612432369, 1685.75817141832, 17.040960846063, 29.522192373822, 44.7397228861786
289, 1014.03857473777, 37.3360002904415, 1683.612432369, 1685.75817141832, 16.194835750981, 28.0393594770499, 44.7397228861786
290, 1029.01184224399, 66.1314116715503, 1683.612432369, 1685.75817141832, 16.7237307195299, 28.9663086464045, 44.7397228861786
291, 1025.22964800682, 28.6942995601429, 1683.612432369, 1685.75817141832, 16.5448404898404, 28.652739249093, 44.7397228861786
292, 1008.40636781901, 27.7075647530438, 1683.612432369, 1685.75817141832, 16.0054980400374, 27.7074896895854, 44.7397228861786
293, 995.312158752315, 26.9827293783539, 1683.612432369, 1685.75817141832, 15.5919333823832, 26.9827104861529, 44.7397228861786
294, 985.961610571605, 26.4709859021911, 1683.612432369, 1685.75817141832, 15.2999319397233, 26.4709739613483, 44.7397228861786
295, 985.952069911922, 26.4704272175333, 1683.612432369, 1685.75817141832, 15.299624646204, 26.4704269798467, 44.7397228861786
296, 987.81920892678, 26.5722122747415, 1683.612432369, 1685.75817141832, 15.3577070965202, 26.5722146729409, 44.7397228861786
297, 985.953964084882, 26.4705377945338, 1683.612432369, 1685.75817141832, 15.2996856331238, 26.4705355120516, 44.7397228861786
298, 997.156446105568, 27.0841258148723, 1683.612432369, 1685.75817141832, 15.6498244661302, 27.0841421276233, 44.7397228861786
299, 993.432860054884, 26.8794491493571, 1683.612432369, 1685.75817141832, 15.5330134400739, 26.8794443228034, 44.7397228861786
300, 995.296578743378, 26.9818060956598, 1683.612432369, 1685.75817141832, 15.5914267471911, 26.9818086465081, 44.7397228861786
301, 991.56344954455, 26.7769494088847, 1683.612432369, 1685.75817141832, 15.47452568754, 26.7769444436254, 44.7397228861786
302, 993.427065730159, 26.8791071552351, 1683.612432369, 1685.75817141832, 15.532825403925, 26.8791096535266, 44.7397228861786
303, 997.164247337861, 27.0845890030838, 1683.612432369, 1685.75817141832, 15.6500786102509, 27.0845944922468, 44.7397228861786
304, 985.963499345283, 26.471095949893, 1683.612432369, 1685.75817141832, 15.2999927510012, 26.471082165119, 44.7397228861786
305, 984.085022055454, 26.3688402956013, 1683.612432369, 1685.75817141832, 15.2416554317348, 26.3688377369281, 44.7397228861786
306, 1004.6260389051, 27.4971202474674, 1683.612432369, 1685.75817141832, 15.8854985053738, 27.4971531496369, 44.7397228861786
307, 1013.98988341475, 28.0193342820743, 1683.612432369, 1685.75817141832, 16.1834640582451, 28.0193513639483, 44.7397228861786
308, 1010.26280350665, 27.8109790057783, 1683.612432369, 1685.75817141832, 16.0645540373703, 27.8109730079958, 44.7397228861786
309, 1017.73354557043, 28.2294681624409, 1683.612432369, 1685.75817141832, 16.303365255487, 28.2294817426601, 44.7397228861786
310, 1055.139754979, 30.3715851960444, 1683.612432369, 1685.75817141832, 17.5257352267663, 30.3716818605627, 44.7397228861786
311, 1058.92357997519, 28.2669422085999, 1683.612432369, 1685.75817141832, 17.6497024231777, 30.5889692154843, 44.7397228861786
312, 1034.60451173693, 19.8820561558147, 1683.612432369, 1685.75817141832, 16.8418677478483, 29.173215281413, 44.7397228861786
313, 977.070577192524, 2.73741928056441, 1683.612432369, 1685.75817141832, 15.0133380029453, 25.971098822108, 44.7397228861786
314, 973.280300681341, -2.12598270356325, 1683.612432369, 1685.75817141832, 14.8968043525831, 25.7667793675795, 44.7397228861786
315, 980.764582274999, 35.4673896201455, 1683.612432369, 1685.75817141832, 15.1473881308474, 26.2060703398001, 44.7397228861786
316, 973.302084250538, 32.7754866276213, 1683.612432369, 1685.75817141832, 14.9149887358031, 25.7988267309677, 44.7397228861786
317, 444.648068532223, 5.11036762308015, 1683.612432369, 1685.75817141832, 3.1063238853985, 5.1087052137411, 44.7397228861786
318, 429.960704781385, 4.75456789974498, 1683.612432369, 1685.75817141832, 2.90438301352452, 4.75461968701945, 44.7397228861786
319, 475.874813226327, 5.90122965421939, 1683.612432369, 1685.75817141832, 3.55824317440853, 5.90107195490817, 44.7397228861786
320, 531.071156522302, 7.43354061993977, 1683.612432369, 1685.75817141832, 4.4322086548683, 7.4333600817898, 44.7397228861786
321, 88.6303909436257, 2.20211679639592, 1683.612432369, 1685.75817141832, 0.123829368760085, -0.122664026662343, 44.7397228861786
322, 132.243441735483, 4.79356386394328, 1683.612432369, 1685.75817141832, 0.275146125618341, 0.143901799564867, 44.7397228861786
323, 134.061867534161, 0.156619157190413, 1683.612432369, 1685.75817141832, 0.282351316870077, 0.156572516980782, 44.7397228861786
324, 194.129849850009, 0.700654815683077, 1683.612432369, 1685.75817141832, 0.591660612716447, 0.700483305516902, 44.7397228861786
325, 63.3462452652403, -0.228379283760218, 1683.612432369, 1685.75817141832, 0.06423610955829, -0.228113805901216, 44.7397228861786
326, 106.925292738484, 2.3023043862732, 1683.612432369, 1685.75817141832, 0.180466480151481, -0.0225766393548601, 44.7397228861786
327, 83.3128948349682, -0.147056251764614, 1683.612432369, 1685.75817141832, 0.1100367576385, -0.147000307236747, 44.7397228861786
328, 146.923855123073, 0.257939129097803, 1683.612432369, 1685.75817141832, 0.339490807554487, 0.257777167859903, 44.7397228861786
329, -338.0820408722, 2.79269307849183, 1683.612432369, 1685.75817141832, 1.80544794805591, 2.79302468462499, 44.7397228861786
330, -332.7062452146, 2.69403491429304, 1683.612432369, 1685.75817141832, 1.74874136024943, 2.69405302413715, 44.7397228861786
331, -329.121520970676, 2.62892744129146, 1683.612432369, 1685.75817141832, 1.71143204055984, 2.62893927264345, 44.7397228861786
332, -296.84499738911, 2.07440430637932, 1683.612432369, 1685.75817141832, 1.3936729185778, 2.07449221938747, 44.7397228861786
333, -540.490283465395, 12.3240572212373, 1683.612432369, 1685.75817141832, 4.60958878963786, 7.67533991183373, 44.7397228861786
334, -558.28740260717, 8.21118141830468, 1683.612432369, 1685.75817141832, 4.91547942785757, 8.20965153492886, 44.7397228861786
335, -535.155216823258, 7.51503350142593, 1683.612432369, 1685.75817141832, 4.51786368084504, 7.51520187629548, 44.7397228861786
336, -524.46066897206, 16.5068317138491, 1683.612432369, 1685.75817141832, 4.34327904454863, 7.21020422271318, 44.7397228861786
337, -262.403951292296, 31.7943444751763, 1683.612432369, 1685.75817141832, 1.10891973574264, 1.57385538298628, 44.7397228861786
338, -303.678059342379, 18.4708801856708, 1683.612432369, 1685.75817141832, 1.46588876795158, 2.1961276742306, 44.7397228861786
339, -314.436583396036, 25.6345584706885, 1683.612432369, 1685.75817141832, 1.57551501899691, 2.38727931402188, 44.7397228861786
340, -316.228536367607, 27.9942232948376, 1683.612432369, 1685.75817141832, 1.59529820715252, 2.42177656533295, 44.7397228861786
341, -6.58794557248518, 6.63808248075934, 1683.612432369, 1685.75817141832, 0.00534698372047266, -0.336465295501718, 44.7397228861786
342, 29.6398795914977, 4.33669570616393, 1683.612432369, 1685.75817141832, 0.0175271339451337, -0.312914669444325, 44.7397228861786
343, 47.7703388644433, -0.27420393859833, 1683.612432369, 1685.75817141832, 0.0389858812832223, -0.274200832929709, 44.7397228861786
344, 56.8397012846421, 2.07718564189081, 1683.612432369, 1685.75817141832, 0.0538400792586149, -0.247632984249976, 44.7397228861786
345, 356.531391420214, 10.1460527806584, 1683.612432369, 1685.75817141832, 1.99744873396909, 3.17218812238497, 44.7397228861786
346, 351.036847274243, 3.06312231257857, 1683.612432369, 1685.75817141832, 1.93487444667473, 3.0623037004356, 44.7397228861786
347, 363.855001851837, 3.31509164363078, 1683.612432369, 1685.75817141832, 2.0787963769711, 3.31504819699523, 44.7397228861786
348, 360.193567724285, 3.2419174133968, 1683.612432369, 1685.75817141832, 2.03715878862718, 3.24192983807262, 44.7397228861786
349, 795.63714284344, 17.1143976249713, 1683.612432369, 1685.75817141832, 9.95359395190545, 17.1217912294578, 44.7397228861786
350, 808.638205146857, 20.0232603219689, 1683.612432369, 1685.75817141832, 10.2833676817889, 17.7000588900546, 44.7397228861786
351, 816.074176035136, 18.0327399850944, 1683.612432369, 1685.75817141832, 10.4721618848026, 18.0311103752533, 44.7397228861786
352, 808.652057498315, 20.0238948280124, 1683.612432369, 1685.75817141832, 10.2837332252568, 17.7007099693375, 44.7397228861786
353, 1144.5433071085, 38.1304013404796, 1683.612432369, 1685.75817141832, 20.6259220627894, 35.8222828091875, 44.7397228861786
354, 1133.29961203465, 39.7656921992452, 1683.612432369, 1685.75817141832, 20.224864155632, 35.1192859833838, 44.7397228861786
355, 1122.03290325065, 39.066184523205, 1683.612432369, 1685.75817141832, 19.8240039626803, 34.4165692140856, 44.7397228861786
356, 1125.77101376765, 41.6253609405871, 1683.612432369, 1685.75817141832, 19.9595503720457, 34.6541631492021, 44.7397228861786
357, 1508.70472541322, 92.8689448901378, 1683.612432369, 1685.75817141832, 35.960853379617, 62.6890558057383, 44.7397228861786
358, 1516.34155126788, 100.547784938545, 1683.612432369, 1685.75817141832, 36.3486306382403, 63.3689436053606, 44.7397228861786
359, 1546.77711057879, 114.819165918103, 1683.612432369, 1685.75817141832, 37.8665323217125, 66.0296233311471, 44.7397228861786
360, 1539.16348105431, 86.2159027411548, 1683.612432369, 1685.75817141832, 37.4047552773799, 65.2205461857027, 44.7397228861786
361, 1624.37563206688, 79.5933193570567, 1683.612432369, 1685.75817141832, 41.6368239742636, 72.6321349826542, 44.7397228861786
362, 1601.52563848167, 70.5780828293386, 1683.612432369, 1685.75817141832, 40.4535485456512, 70.5581489527486, 44.7397228861786
363, 1571.03827358868, 67.8763573029051, 1683.612432369, 1685.75817141832, 38.9233105649214, 67.8757610378148, 44.7397228861786
364, 1532.87053267139, 64.5954350673324, 1683.612432369, 1685.75817141832, 37.0493832371365, 64.5908835890101, 44.7397228861786
365, 1551.8564445337, 66.2138863901009, 1683.612432369, 1685.75817141832, 37.9755229593972, 66.2141924926646, 44.7397228861786
366, 1521.52739711347, 63.6312808492361, 1683.612432369, 1685.75817141832, 36.5016147956918, 63.6308089594546, 44.7397228861786
367, 1483.51688559776, 60.4658007707733, 1683.612432369, 1685.75817141832, 34.695648722025, 60.4652524253944, 44.7397228861786
368, 1443.64198275542, 57.2318785733078, 1683.612432369, 1685.75817141832, 32.8506768189842, 57.2313582571411, 44.7397228861786
369, 1405.70703824313, 54.2378387474458, 1683.612432369, 1685.75817141832, 31.1425633671594, 54.2373916814544, 44.7397228861786
370, 1388.61065799473, 52.9144203220191, 1683.612432369, 1685.75817141832, 30.3876947976858, 52.9142258320576, 44.7397228861786
371, 1371.56830813906, 51.6118861176621, 1683.612432369, 1685.75817141832, 29.6445650533311, 51.6117040306664, 44.7397228861786
372, 1341.32045307646, 49.3402889022079, 1683.612432369, 1685.75817141832, 28.3484521985696, 49.3399956956761, 44.7397228861786
373, 1335.60436004108, 51.2431610758267, 1683.612432369, 1685.75817141832, 28.1104537905073, 48.9227885400136, 44.7397228861786
374, 1309.18000646422, 46.9865564365107, 1683.612432369, 1685.75817141832, 27.0031356883707, 46.9820407066897, 44.7397228861786
375, 1250.63073311333, 42.8385323464344, 1683.612432369, 1685.75817141832, 24.636891435029, 42.8347262937927, 44.7397228861786
376, 1228.04933416435, 41.2866100033086, 1683.612432369, 1685.75817141832, 23.7534887160315, 41.2864570293242, 44.7397228861786
377, 1216.73262801253, 42.847749256077, 1683.612432369, 1685.75817141832, 23.3199390010742, 40.5265817653264, 44.7397228861786
378, 1184.76097174357, 38.4014509594855, 1683.612432369, 1685.75817141832, 22.105286250308, 38.3977876555138, 44.7397228861786
379, 1184.71648121968, 40.7211781104807, 1683.612432369, 1685.75817141832, 22.1065087354367, 38.3998756278827, 44.7397228861786
380, 1156.60059645928, 66.8446664505519, 1683.612432369, 1685.75817141832, 21.1150513793422, 36.6623316578616, 44.7397228861786
381, 1117.17073693216, 66.7323480377654, 1683.612432369, 1685.75817141832, 19.7033882278943, 34.1883603713487, 44.7397228861786
382, 1098.34103488779, 46.9472179386875, 1683.612432369, 1685.75817141832, 19.0107764703307, 32.9744515065146, 44.7397228861786
383, 1027.11256486163, 40.4085670740019, 1683.612432369, 1685.75817141832, 16.6186366838535, 28.7820744208372, 44.7397228861786
384, 1045.82950904584, 53.1198087863222, 1683.612432369, 1685.75817141832, 17.2482604743563, 29.8855122772041, 44.7397228861786
385, 1042.13267508625, 64.5686272613388, 1683.612432369, 1685.75817141832, 17.1482441038867, 29.7103084376396, 44.7397228861786
386, 1044.03807389329, 81.0129390348089, 1683.612432369, 1685.75817141832, 17.2488225663308, 29.8866329125836, 44.7397228861786
387, 1049.55662890214, 30.1073134248165, 1683.612432369, 1685.75817141832, 17.340581139043, 30.0473127639122, 44.7397228861786
388, 1058.91932398211, 30.5926234059088, 1683.612432369, 1685.75817141832, 17.651757632038, 30.5925724643441, 44.7397228861786
389, 1051.44613032848, 30.1568623152309, 1683.612432369, 1685.75817141832, 17.4031197109714, 30.1568441399016, 44.7397228861786
390, 1051.43742331707, 30.1563117020995, 1683.612432369, 1685.75817141832, 17.4028204577673, 30.1563114327863, 44.7397228861786
391, 1004.6975029636, 27.501401006224, 1683.612432369, 1685.75817141832, 15.8878444567263, 27.501329063321, 44.7397228861786
392, 980.370120773291, 26.1673619702648, 1683.612432369, 1685.75817141832, 15.1266626618863, 26.1673332642436, 44.7397228861786
393, 971.012924202205, 25.662977864181, 1683.612432369, 1685.75817141832, 14.8388717515543, 25.6629680715095, 44.7397228861786
394, 989.671105425387, 26.6732939143175, 1683.612432369, 1685.75817141832, 15.4154070952453, 26.6733185983611, 44.7397228861786
395, 984.088787689373, 26.3690593690144, 1683.612432369, 1685.75817141832, 15.2417764453102, 26.3690530762704, 44.7397228861786
396, 972.882946875598, 25.7633839636006, 1683.612432369, 1685.75817141832, 14.8961631941245, 25.7633724687397, 44.7397228861786
397, 971.005521301156, 25.6625522556775, 1683.612432369, 1685.75817141832, 14.8386369462, 25.6625501429957, 44.7397228861786
398, 978.469446637599, 26.0644000961853, 1683.612432369, 1685.75817141832, 15.0679483480689, 26.0644084800035, 44.7397228861786
399, 976.610316718226, 25.9640451735314, 1683.612432369, 1685.75817141832, 15.0106737832723, 25.9640433246408, 44.7397228861786
400, 985.942531662234, 26.4698684179997, 1683.612432369, 1685.75817141832, 15.2993174328047, 26.4698801477418, 44.7397228861786
401, 954.220602399973, 17.794103810542, 1683.612432369, 1685.75817141832, 14.3246112135642, 24.7617204245173, 44.7397228861786
402, 961.652375368961, 18.1803084945533, 1683.612432369, 1685.75817141832, 14.5488564407467, 25.1546663017748, 44.7397228861786
403, 985.923611969986, 21.8104204803576, 1683.612432369, 1685.75817141832, 15.2950807923581, 26.4624135668816, 44.7397228861786
404, 1040.12887378895, 15.5464739653419, 1683.612432369, 1685.75817141832, 17.01964560339, 29.4846710197594, 44.7397228861786
405, 1028.96728628789, -1.36335174214211, 1683.612432369, 1685.75817141832, 16.6521183096388, 28.8405641847171, 44.7397228861786
406, 1027.08597944196, -3.8103227430396, 1683.612432369, 1685.75817141832, 16.5913730394682, 28.7340630045166, 44.7397228861786
407, 1040.17777607509, 17.8418438324485, 1683.612432369, 1685.75817141832, 17.0225521093687, 29.4897740384635, 44.7397228861786
408, 1043.92898454975, 11.109570530089, 1683.612432369, 1685.75817141832, 17.1424046124477, 29.6998375323584, 44.7397228861786
409, 1021.5089880856, -8.7544356694786, 1683.612432369, 1685.75817141832, 16.4120392012505, 28.4215160916382, 44.7397228861786
410, 1015.88343157948, -20.6932680966822, 1683.612432369, 1685.75817141832, 16.2369161567789, 28.1145094604687, 44.7397228861786
411, 993.467109299825, 26.8312567726407, 1683.612432369, 1685.75817141832, 15.5336425410816, 26.8821578105974, 44.7397228861786
412, 984.10641759027, 26.3709083910934, 1683.612432369, 1685.75817141832, 15.2419195272501, 26.3709515610821, 44.7397228861786
413, 987.558436779043, 26.5589825990314, 1683.612432369, 1685.75817141832, 15.3491449530409, 26.558987374741, 44.7397228861786
414, 957.699648133708, 24.9548560745462, 1683.612432369, 1685.75817141832, 14.4338051296613, 24.9548333771132, 44.7397228861786
415, 1008.07522032485, 27.6897749817728, 1683.612432369, 1685.75817141832, 15.9944387045655, 27.68986093053, 44.7397228861786
416, 1073.66066071477, 31.4597083118387, 1683.612432369, 1685.75817141832, 18.1469794080022, 31.4624137867706, 44.7397228861786
417, 696.357411311195, 13.0322761185917, 1683.612432369, 1685.75817141832, 7.62416200909262, 13.027874659886, 44.7397228861786
418, 750.0643841396, 15.1711809344624, 1683.612432369, 1685.75817141832, 8.84681697046939, 15.1710815184732, 44.7397228861786
419, 770.491617333084, 16.0282618916596, 1683.612432369, 1685.75817141832, 9.33579211717778, 16.0282292152957, 44.7397228861786
420, 818.762894947532, 18.1454859412525, 1683.612432369, 1685.75817141832, 10.5436223100509, 18.1454360840091, 44.7397228861786
421, 1094.57228692868, 32.7074746993074, 1683.612432369, 1685.75817141832, 18.8602880960928, 32.7194661237376, 44.7397228861786
422, 1105.8198378624, 33.4035599127462, 1683.612432369, 1685.75817141832, 19.2505907982637, 33.4036191311711, 44.7397228861786
423, 1126.45366153939, 34.6767910026438, 1683.612432369, 1685.75817141832, 19.9770054391582, 34.6768778572694, 44.7397228861786
424, 1139.60960730374, 35.5010690786856, 1683.612432369, 1685.75817141832, 20.4472414202727, 35.5011289318786, 44.7397228861786
425, 328.655808701208, 2.64065309333915, 1683.612432369, 1685.75817141832, 1.69600007548827, 2.63958702944067, 44.7397228861786
426, 312.192893919853, 2.34864658276125, 1683.612432369, 1685.75817141832, 1.53028033791566, 2.34870202631916, 44.7397228861786
427, 341.463514263084, 2.8763176189855, 1683.612432369, 1685.75817141832, 1.83082259139734, 2.87621814567268, 44.7397228861786
428, 346.95824436279, 2.98053290028067, 1683.612432369, 1685.75817141832, 1.89024786244971, 2.98051408181685, 44.7397228861786
429, 750.398322992225, 15.183206448123, 1683.612432369, 1685.75817141832, 8.85335899119553, 15.188981605159, 44.7397228861786
430, 774.507009731294, 16.2036220863811, 1683.612432369, 1685.75817141832, 9.43203880412518, 16.2035903540377, 44.7397228861786
431, 752.268797536909, 15.2665651625709, 1683.612432369, 1685.75817141832, 8.89761874949704, 15.2666046125428, 44.7397228861786
432, 791.206882929345, 16.9253020200191, 1683.612432369, 1685.75817141832, 9.84364568137062, 16.9252520400159, 44.7397228861786
433, 621.517661355621, 10.3137177476413, 1683.612432369, 1685.75817141832, 6.0707126914742, 10.3123008050382, 44.7397228861786
434, 588.299820927669, 9.20369101024451, 1683.612432369, 1685.75817141832, 5.43861968330783, 9.20379068704741, 44.7397228861786
435, 595.666661573229, 9.44436695673097, 1683.612432369, 1685.75817141832, 5.57579003550337, 9.44434524556475, 44.7397228861786
436, 579.069871208033, 8.90654172971564, 1683.612432369, 1685.75817141832, 5.26915826702772, 8.90659236205554, 44.7397228861786
437, 17.6432360903119, -0.331260802946431, 1683.612432369, 1685.75817141832, 0.00753168817196132, -0.330306790907433, 44.7397228861786
438, 12.213452103291, -0.334944656074281, 1683.612432369, 1685.75817141832, 0.00505384011294316, -0.334936784761145, 44.7397228861786
439, 35.7731220034204, -0.303048582899634, 1683.612432369, 1685.75817141832, 0.0225166154726793, -0.303087889228323, 44.7397228861786
440, 70.2375116044127, -0.201390565982073, 1683.612432369, 1685.75817141832, 0.0794774633318589, -0.201458482271655, 44.7397228861786
441, 396.877245758299, 4.00666900670251, 1683.612432369, 1685.75817141832, 2.47340738610184, 4.00740379053182, 44.7397228861786
442, 411.548842143744, 4.3345806618325, 1683.612432369, 1685.75817141832, 2.65974721045975, 4.33453098255455, 44.7397228861786
443, 415.220142443374, 4.41826125561147, 1683.612432369, 1685.75817141832, 2.70743654097883, 4.4182487721294, 44.7397228861786
444, 382.215309593351, 3.69224777027118, 1683.612432369, 1685.75817141832, 2.2939624433348, 3.69236117186837, 44.7397228861786
445, 777.977502492401, 16.3482400160303, 1683.612432369, 1685.75817141832, 9.51619169633815, 16.3545371667034, 44.7397228861786
446, 753.871013837105, 15.3353301257549, 1683.612432369, 1685.75817141832, 8.934966139952, 15.335375373103, 44.7397228861786
447, 781.675898321564, 16.5137832598301, 1683.612432369, 1685.75817141832, 9.60698520004152, 16.5137454852855, 44.7397228861786
448, 781.693455472476, 16.514542480309, 1683.612432369, 1685.75817141832, 9.60743282091375, 16.5145427119158, 44.7397228861786
449, 1398.77087317979, 53.6487081349164, 1683.612432369, 1685.75817141832, 30.8323671103685, 53.7038093493151, 44.7397228861786
450, 1374.22909648399, 51.820190026064, 1683.612432369, 1685.75817141832, 29.7575608268088, 51.8200510510878, 44.7397228861786
451, 1417.75015924288, 55.1808432935854, 1683.612432369, 1685.75817141832, 31.6771762392343, 55.1849447400789, 44.7397228861786
452, 1434.78206381247, 56.5303947366865, 1683.612432369, 1685.75817141832, 32.4448542480715, 56.53062258384, 44.7397228861786
453, 1597.38105502193, 72.5042614373044, 1683.612432369, 1685.75817141832, 40.247987037066, 70.201136620562, 44.7397228861786
454, 1540.22647679149, 65.2263427254073, 1683.612432369, 1685.75817141832, 37.4060788041384, 65.2195794210315, 44.7397228861786
455, 1509.85468891124, 62.6524945674512, 1683.612432369, 1685.75817141832, 35.9412910202065, 62.6520113484377, 44.7397228861786
456, 1502.19242735484, 62.0122139228963, 1683.612432369, 1685.75817141832, 35.576274810387, 62.0120936452213, 44.7397228861786
457, 1569.04623229775, 67.693265718288, 1683.612432369, 1685.75817141832, 38.8241562364217, 67.7017830969188, 44.7397228861786
458, 1546.2526926856, 65.7337628816202, 1683.612432369, 1685.75817141832, 37.701148175089, 65.7334093177128, 44.7397228861786
459, 1512.0253203171, 62.8324275683906, 1683.612432369, 1685.75817141832, 36.0458310053534, 62.8318990343287, 44.7397228861786
460, 1523.32525609876, 63.7818712790489, 1683.612432369, 1685.75817141832, 36.5879808034107, 63.7820433072992, 44.7397228861786
461, 1525.25146535443, 63.9448927491381, 1683.612432369, 1685.75817141832, 36.6808849396518, 63.9449252044047, 44.7397228861786
462, 1475.82981141006, 59.839799350254, 1683.612432369, 1685.75817141832, 34.3358805660753, 59.8345381295593, 44.7397228861786
463, 1443.62467168458, 57.2303232204986, 1683.612432369, 1685.75817141832, 32.8498553791656, 57.2298942102211, 44.7397228861786
464, 1417.05648930037, 55.1248978023927, 1683.612432369, 1685.75817141832, 31.6487403900053, 55.1245740206994, 44.7397228861786
465, 1379.18413674633, 52.1923580359059, 1683.612432369, 1685.75817141832, 29.9755801566759, 52.1919459373688, 44.7397228861786
466, 1354.55075314516, 50.3275958713798, 1683.612432369, 1685.75817141832, 28.9117808940713, 50.3273443918462, 44.7397228861786
467, 1333.73853757976, 48.7786806872879, 1683.612432369, 1685.75817141832, 28.0280985681055, 48.7784822483713, 44.7397228861786
468, 1311.0624030245, 47.118701481294, 1683.612432369, 1685.75817141832, 27.0810020143457, 47.1185011636359, 44.7397228861786
469, 1307.2495430594, 46.8420996011345, 1683.612432369, 1685.75817141832, 26.9233058333434, 46.8420645663099, 44.7397228861786
470, 1263.90325920968, 43.7586406159884, 1683.612432369, 1685.75817141832, 25.1638162320345, 43.7583192539162, 44.7397228861786
471, 1222.42784152985, 40.9057967707499, 1683.612432369, 1685.75817141832, 23.536125830188, 40.9055319204643, 44.7397228861786
472, 1192.28484671151, 38.8925218079574, 1683.612432369, 1685.75817141832, 22.3874765322912, 38.8923515618738, 44.7397228861786
473, 1179.08955234559, 38.0270154054887, 1683.612432369, 1685.75817141832, 21.8937124538105, 38.0269443309709, 44.7397228861786
474, 1147.15917174366, 38.2997815198406, 1683.612432369, 1685.75817141832, 20.7246776184979, 35.9781235325424, 44.7397228861786
475, 1090.81189014252, 44.1390523925996, 1683.612432369, 1685.75817141832, 18.7471959203479, 32.5124512206775, 44.7397228861786
476, 1066.48781351282, 54.3268525453934, 1683.612432369, 1685.75817141832, 17.9372466042416, 31.0930282771369, 44.7397228861786
477, 1059.00571269616, 70.2113595643761, 1683.612432369, 1685.75817141832, 17.7183730520576, 30.7094898075949, 44.7397228861786
478, 1045.91598880832, 76.4625883434601, 1683.612432369, 1685.75817141832, 17.2992507548364, 29.9750199969606, 44.7397228861786
479, 1004.7434146006, 62.47644926081, 1683.612432369, 1685.75817141832, 15.9395171462378, 27.592072146366, 44.7397228861786
480, 986.098785558627, 91.7564097344196, 1683.612432369, 1685.75817141832, 15.4269133319674, 26.6937989627903, 44.7397228861786
481, 971.143589952073, 90.9765554230808, 1683.612432369, 1685.75817141832, 14.9639814967885, 25.8825592789265, 44.7397228861786
482, 950.648410722985, 103.8953473988, 1683.612432369, 1685.75817141832, 14.3839546779693, 24.8661312771272, 44.7397228861786
483, 954.188316011241, 22.5193403934304, 1683.612432369, 1685.75817141832, 14.3267038025311, 24.7654763339024, 44.7397228861786
484, 929.951760098954, 18.8544417749582, 1683.612432369, 1685.75817141832, 13.6056785828555, 23.5018071326199, 44.7397228861786
485, 928.066065700309, 18.7554571877981, 1683.612432369, 1685.75817141832, 13.5504647112815, 23.405026680405, 44.7397228861786
486, 931.795526703901, 23.5978576747393, 1683.612432369, 1685.75817141832, 13.662919929801, 23.6021187623825, 44.7397228861786
487, 929.933073764182, 21.1807819485844, 1683.612432369, 1685.75817141832, 13.6066179874719, 23.5034497935038, 44.7397228861786
488, 939.253981777797, 23.9852969351934, 1683.612432369, 1685.75817141832, 13.8828075768478, 23.9874641316475, 44.7397228861786
489, 928.077705696987, 23.4112332802505, 1683.612432369, 1685.75817141832, 13.5539864376964, 23.4112323989362, 44.7397228861786
490, 926.203896557484, 23.3152691395144, 1683.612432369, 1685.75817141832, 13.4992310875547, 23.3152684384402, 44.7397228861786
491, 926.202216199501, 23.3151780289723, 1683.612432369, 1685.75817141832, 13.4991802696077, 23.3151779960108, 44.7397228861786
492, 933.657774636948, 23.6980458401058, 1683.612432369, 1685.75817141832, 13.717658370038, 23.6980487454214, 44.7397228861786
493, 931.800501700227, 23.6024010300818, 1683.612432369, 1685.75817141832, 13.6630753155779, 23.6024005293131, 44.7397228861786
494, 928.070994982162, 23.4108717069553, 1683.612432369, 1685.75817141832, 13.55378314141, 23.4108705977348, 44.7397228861786
495, 933.659477709481, 23.698139043923, 1683.612432369, 1685.75817141832, 13.7177102874621, 23.6981411320221, 44.7397228861786
496, 933.664570139687, 23.6984172484171, 1683.612432369, 1685.75817141832, 13.7178654983821, 23.6984173607657, 44.7397228861786
497, 937.39300751169, 23.8910433044866, 1683.612432369, 1685.75817141832, 13.8277847035326, 23.891044962537, 44.7397228861786
498, 931.803892769065, 23.6025859932477, 1683.612432369, 1685.75817141832, 13.6631784880887, 23.6025841391252, 44.7397228861786
499, 922.480013309484, 23.1251982453791, 1683.612432369, 1685.75817141832, 13.390768287665, 23.1251962906063, 44.7397228861786
500, 915.018607298141, 22.7466322961157, 1683.612432369, 1685.75817141832, 13.1747506830966, 22.7466314950644, 44.7397228861786
501, 926.192191722242, 23.3146356724372, 1683.612432369, 1685.75817141832, 13.4988771873709, 23.3146386161352, 44.7397228861786
502, 961.630277254049, 25.162004364259, 1683.612432369, 1685.75817141832, 14.5530524112114, 25.1620354439195, 44.7397228861786
503, 991.518170998735, 10.500371395648, 1683.612432369, 1685.75817141832, 15.46320264914, 26.7570029283993, 44.7397228861786
504, 1000.8865889635, 8.67497731696902, 1683.612432369, 1685.75817141832, 15.7563886224711, 27.270801148064, 44.7397228861786
505, 960.587985504768, -16.7267032061157, 1683.612432369, 1685.75817141832, 14.5147608744332, 25.0967158724218, 44.7397228861786
506, 951.241160712354, -38.1138826319641, 1683.612432369, 1685.75817141832, 14.2515774417213, 24.6353168564754, 44.7397228861786
507, 917.665457552921, 22.8259004298987, 1683.612432369, 1685.75817141832, 13.2506960942413, 22.8815052809214, 44.7397228861786
508, 915.771608622026, 22.7856614159139, 1683.612432369, 1685.75817141832, 13.1960110223137, 22.7857125344255, 44.7397228861786
509, 625.198792451505, 10.4356000215999, 1683.612432369, 1685.75817141832, 6.14471249429221, 10.4331305230959, 44.7397228861786
510, 651.058922183176, 11.3434209095047, 1683.612432369, 1685.75817141832, 6.66399189928221, 11.3433500403694, 44.7397228861786
511, 725.070416725915, 14.1529914225488, 1683.612432369, 1685.75817141832, 8.26681675374391, 14.1528404594445, 44.7397228861786
512, 749.197682169927, 15.1343480521222, 1683.612432369, 1685.75817141832, 8.82673736750918, 15.1343036896019, 44.7397228861786
513, 501.570125646504, 6.59529528103514, 1683.612432369, 1685.75817141832, 3.95294436988411, 6.59418772412128, 44.7397228861786
514, 523.65070589296, 7.21839527102343, 1683.612432369, 1685.75817141832, 4.30890445891238, 7.21832182616346, 44.7397228861786
515, 553.121500976895, 8.09340948598883, 1683.612432369, 1685.75817141832, 4.80794756096121, 8.09331544337375, 44.7397228861786
516, 567.873123918731, 8.54936819307679, 1683.612432369, 1685.75817141832, 5.06802977830738, 8.54932193182706, 44.7397228861786
517, 8.5354747371997, -0.339369286296123, 1683.612432369, 1685.75817141832, 0.00228808905866947, -0.338476450467914, 44.7397228861786
518, 42.9764620797031, -0.288831245392054, 1683.612432369, 1685.75817141832, 0.0298746547094268, -0.288891251083293, 44.7397228861786
519, 81.0796381639236, 2.16707452439218, 1683.612432369, 1685.75817141832, 0.103906485431223, -0.157798629440325, 44.7397228861786
520, 88.3423748618679, -0.123919625352992, 1683.612432369, 1685.75817141832, 0.123089676529357, -0.123931242579755, 44.7397228861786
521, 639.146286324233, 10.9172304045899, 1683.612432369, 1685.75817141832, 6.42121787112364, 10.9221507371438, 44.7397228861786
522, 626.219757331424, 10.4709777951992, 1683.612432369, 1685.75817141832, 6.1638974810268, 10.4710166924579, 44.7397228861786
523, 672.410553895795, 12.1257174723117, 1683.612432369, 1685.75817141832, 7.1076442181787, 12.1256040988665, 44.7397228861786
524, 659.489850090816, 11.6508912540769, 1683.612432369, 1685.75817141832, 6.8368868552194, 11.6509251813681, 44.7397228861786
525, 156.453417229887, 0.336645708549641, 1683.612432369, 1685.75817141832, 0.384508102604627, 0.336586023786662, 44.7397228861786
526, 130.985911572919, 0.134448332913795, 1683.612432369, 1685.75817141832, 0.269703996060298, 0.134511852476819, 44.7397228861786
527, 120.077330073977, 0.0588567664906708, 1683.612432369, 1685.75817141832, 0.226765955872986, 0.0588830319246407, 44.7397228861786
528, 158.272734146468, 0.352489504486451, 1683.612432369, 1685.75817141832, 0.393489515369383, 0.352388421148494, 44.7397228861786
529, 172.587808078351, 2.80775645035764, 1683.612432369, 1685.75817141832, 0.467853516168859, 0.482978178389669, 44.7397228861786
530, 167.126178756371, 0.431575128466676, 1683.612432369, 1685.75817141832, 0.438607308603434, 0.431544556092505, 44.7397228861786
531, 150.746459748568, 2.61280016393299, 1683.612432369, 1685.75817141832, 0.35704547992296, 0.288089858239192, 44.7397228861786
532, 130.737825610699, 0.132388114233343, 1683.612432369, 1685.75817141832, 0.268589124263849, 0.132419065960346, 44.7397228861786
533, 409.220155331963, 4.27662779832179, 1683.612432369, 1685.75817141832, 2.63020545619454, 4.27731121478959, 44.7397228861786
534, 423.897879293378, 6.93964163061498, 1683.612432369, 1685.75817141832, 2.82283028633913, 4.61522089529321, 44.7397228861786
535, 427.570283332104, 4.70108821421467, 1683.612432369, 1685.75817141832, 2.87153551192964, 4.70065093606589, 44.7397228861786
536, 460.622105789029, 5.5101410726591, 1683.612432369, 1685.75817141832, 3.33296221506753, 5.51002810598162, 44.7397228861786
537, 910.106938637893, 22.4948634069032, 1683.612432369, 1685.75817141832, 13.0305835597141, 22.5061704494688, 44.7397228861786
538, 936.20090303617, 23.8366419453382, 1683.612432369, 1685.75817141832, 13.7895796439576, 23.8366696145978, 44.7397228861786
539, 962.334135504051, 25.2070090725167, 1683.612432369, 1685.75817141832, 14.5713260270606, 25.2070369874172, 44.7397228861786
540, 982.901337025231, 37.9452558931454, 1683.612432369, 1685.75817141832, 15.2137771031918, 26.3332443236907, 44.7397228861786
541, 1013.29137430913, 46.618757913668, 1683.612432369, 1685.75817141832, 16.1797781937763, 28.0281475789526, 44.7397228861786
542, 955.422388985859, 27.186090561862, 1683.612432369, 1685.75817141832, 14.364198979778, 24.8454934371953, 44.7397228861786
543, 968.427208150591, 27.8612292649783, 1683.612432369, 1685.75817141832, 14.7583923441547, 25.5364399942141, 44.7397228861786
544, 1005.81019282282, 50.8482734803987, 1683.612432369, 1685.75817141832, 15.9486323261282, 27.6229281255666, 44.7397228861786
545, 1455.17068635864, 93.1352304745056, 1683.612432369, 1685.75817141832, 33.4615487022167, 58.3089758416505, 44.7397228861786
546, 1455.17337039041, 86.1881839387095, 1683.612432369, 1685.75817141832, 33.4419075791793, 58.2747948973864, 44.7397228861786
547, 1419.24010807551, 94.9636160452128, 1683.612432369, 1685.75817141832, 31.8402496543931, 55.4672632981647, 44.7397228861786
548, 1398.3077308791, 77.0351268639952, 1683.612432369, 1685.75817141832, 30.8619639390563, 53.7525137002724, 44.7397228861786
549, 1460.2064106151, 88.9071696740012, 1683.612432369, 1685.75817141832, 33.6815511443323, 58.6910322559604, 44.7397228861786
550, 1500.17791686957, 113.238407255393, 1683.612432369, 1685.75817141832, 35.6243276317054, 62.0964742470062, 44.7397228861786
551, 1464.09115383083, 89.2788395248767, 1683.612432369, 1685.75817141832, 33.8617707932149, 59.0071766231829, 44.7397228861786
552, 1477.2388808254, 78.6503904735731, 1683.612432369, 1685.75817141832, 34.4423018436923, 60.024568974426, 44.7397228861786
553, 1542.39909572548, 72.3958667911999, 1683.612432369, 1685.75817141832, 37.5282441268816, 65.4301988851476, 44.7397228861786
554, 1517.76115808863, 84.2887665999242, 1683.612432369, 1685.75817141832, 36.3701933407092, 63.4003534830548, 44.7397228861786
555, 1468.25373745879, 68.5537886370303, 1683.612432369, 1685.75817141832, 34.0024399675742, 59.250082817146, 44.7397228861786
556, 1453.08503720766, 62.6652560765446, 1683.612432369, 1685.75817141832, 33.2919755940203, 58.004816354919, 44.7397228861786
557, 1424.67539337218, 69.7021455252803, 1683.612432369, 1685.75817141832, 32.0189914685849, 55.7735261730149, 44.7397228861786
558, 1405.70098122251, 70.5627125259394, 1683.612432369, 1685.75817141832, 31.1748893535192, 54.2940105551788, 44.7397228861786
559, 1392.43624001599, 74.1973559347062, 1683.612432369, 1685.75817141832, 30.5986081119175, 53.2839087188516, 44.7397228861786
560, 1382.96951227361, 78.1383796275716, 1683.612432369, 1685.75817141832, 30.1943172800029, 52.5752842227245, 44.7397228861786
561, 1367.82201117693, 72.3331789918307, 1683.612432369, 1685.75817141832, 29.5240609043196, 51.4005411864421, 44.7397228861786
562, 1348.91819695382, 75.5597793874292, 1683.612432369, 1685.75817141832, 28.7227715459946, 49.9960801818942, 44.7397228861786
563, 1305.47878334142, 70.0433213358153, 1683.612432369, 1685.75817141832, 26.8939808423682, 46.7908181580661, 44.7397228861786
564, 1248.75347799957, 47.3693697521968, 1683.612432369, 1685.75817141832, 24.5695758549441, 42.7167575720251, 44.7397228861786
565, 1275.1268848427, 58.5190805209507, 1683.612432369, 1685.75817141832, 25.6365919131941, 44.5868086393166, 44.7397228861786
566, 1263.89184079079, 67.0617162399393, 1683.612432369, 1685.75817141832, 25.2046165367941, 43.8298015850366, 44.7397228861786
567, 1228.10208158487, 59.9492753313982, 1683.612432369, 1685.75817141832, 23.7858279175057, 41.3432316805578, 44.7397228861786
568, 1201.76880185982, 79.1408991813022, 1683.612432369, 1685.75817141832, 22.8208117682198, 39.6518958389053, 44.7397228861786
569, 1164.21709652951, 97.7056673622885, 1683.612432369, 1685.75817141832, 21.4740838124383, 37.2916984476023, 44.7397228861786
570, 1160.39231114351, 92.8219693412354, 1683.612432369, 1685.75817141832, 21.3192725982654, 37.020374549025, 44.7397228861786
571, 1160.44181436016, 109.159974826199, 1683.612432369, 1685.75817141832, 21.3734146689302, 37.115260630301, 44.7397228861786
572, 1122.96784436697, 120.827049425532, 1683.612432369, 1685.75817141832, 20.0687896886351, 34.8289127652593, 44.7397228861786
573, 1119.35096102149, 160.397963807977, 1683.612432369, 1685.75817141832, 20.1171034189256, 34.9136059100552, 44.7397228861786
574, 1064.6446917402, 79.9016648616089, 1683.612432369, 1685.75817141832, 17.9299769107761, 31.0803961225588, 44.7397228861786
575, 1027.18791923569, 61.4117633584242, 1683.612432369, 1685.75817141832, 16.6552126122597, 28.8463300631, 44.7397228861786
576, 1023.42259986351, 68.1712288772555, 1683.612432369, 1685.75817141832, 16.5475573014921, 28.6576254296125, 44.7397228861786
577, 999.10564670838, 57.4958807945851, 1683.612432369, 1685.75817141832, 15.7521907771894, 27.2637402750772, 44.7397228861786
578, 980.429888542553, 68.1155100473546, 1683.612432369, 1685.75817141832, 15.1915421994009, 26.281229831249, 44.7397228861786
579, 969.145792636537, 25.6047560447063, 1683.612432369, 1685.75817141832, 14.7818253747303, 25.5630502584173, 44.7397228861786
580, 961.67187051393, 25.1644101907499, 1683.612432369, 1685.75817141832, 14.5543586905288, 25.1643606301889, 44.7397228861786
581, 978.460078634867, 26.0638567221952, 1683.612432369, 1685.75817141832, 15.0676489607316, 26.0638756049358, 44.7397228861786
582, 978.476929976949, 26.0648336759424, 1683.612432369, 1685.75817141832, 15.0681874870068, 26.0648341093414, 44.7397228861786
583, 965.412671246843, 25.3634802516683, 1683.612432369, 1685.75817141832, 14.6679706488458, 25.3634686835171, 44.7397228861786
584, 972.864413088454, 25.7623168727382, 1683.612432369, 1685.75817141832, 14.8955742855733, 25.7623242698123, 44.7397228861786
585, 991.540302583838, 26.7755840967602, 1683.612432369, 1685.75817141832, 15.4737758950642, 26.7756098340032, 44.7397228861786
586, 980.356842013342, 26.1665883660993, 1683.612432369, 1685.75817141832, 15.1262373116538, 26.1665760601062, 44.7397228861786
587, 972.879242613247, 25.7631708552213, 1683.612432369, 1685.75817141832, 14.8960454967994, 25.7631629867339, 44.7397228861786
588, 980.338029324061, 26.1654954012712, 1683.612432369, 1685.75817141832, 15.1256349185853, 26.1655038855716, 44.7397228861786
589, 987.813459971503, 26.5718746008051, 1683.612432369, 1685.75817141832, 15.357521568716, 26.5718844523658, 44.7397228861786
590, 969.154020704938, 25.5634012271875, 1683.612432369, 1685.75817141832, 14.7820428283667, 25.5633838206959, 44.7397228861786
591, 974.734514184348, 25.8629195541802, 1683.612432369, 1685.75817141832, 14.9529777854511, 25.8629250437883, 44.7397228861786
592, 967.275027052796, 25.4628682073446, 1683.612432369, 1685.75817141832, 14.7246885569412, 25.4628614568246, 44.7397228861786
593, 965.401728366126, 25.3628564570887, 1683.612432369, 1685.75817141832, 14.6676256371121, 25.3628546059419, 44.7397228861786
594, 956.071506048411, 24.8677614612836, 1683.612432369, 1685.75817141832, 14.3851091316466, 24.8677545678592, 44.7397228861786
595, 974.721485727656, 25.8621669174557, 1683.612432369, 1685.75817141832, 14.9525629897156, 25.8621867705673, 44.7397228861786
596, 965.409000611581, 25.3632704605693, 1683.612432369, 1685.75817141832, 14.6678548924403, 25.3632626274814, 44.7397228861786
597, 957.936993062128, 24.9663635085314, 1683.612432369, 1685.75817141832, 14.4413746958184, 24.9663575901771, 44.7397228861786
598, 963.526760715809, 25.2629441379024, 1683.612432369, 1685.75817141832, 14.6106212328614, 25.262948865493, 44.7397228861786
599, 959.800754662546, 25.0650599652457, 1683.612432369, 1685.75817141832, 14.497696226774, 25.0650571138494, 44.7397228861786
600, 972.85884571254, 25.7619958961077, 1683.612432369, 1685.75817141832, 14.8953973583147, 25.762009362699, 44.7397228861786
601, 876.465121116552, 20.8434117753233, 1683.612432369, 1685.75817141832, 12.0860296465542, 20.8412194859327, 44.7397228861786
602, 835.549491997541, 18.9076605039431, 1683.612432369, 1685.75817141832, 10.9827591793306, 18.9077004507913, 44.7397228861786
603, 789.451385719904, 149.878824803252, 1683.612432369, 1685.75817141832, 10.1538643288961, 17.4555961065312, 44.7397228861786
604, 759.677889799778, 136.977753565426, 1683.612432369, 1685.75817141832, 9.36987199838431, 16.0817049524924, 44.7397228861786
605, 476.844055734536, 108.543108528395, 1683.612432369, 1685.75817141832, 3.7586417186265, 6.25125761351517, 44.7397228861786
606, 460.288085670514, 103.435777280865, 1683.612432369, 1685.75817141832, 3.49768410659292, 5.7937704153151, 44.7397228861786
607, 463.959158802158, 103.528839535809, 1683.612432369, 1685.75817141832, 3.55132169266115, 5.88779931690164, 44.7397228861786
608, 454.737402320388, 91.6096158690649, 1683.612432369, 1685.75817141832, 3.38148614162448, 5.5900342385914, 44.7397228861786
609, 63.958232050973, 62.6496360904172, 1683.612432369, 1685.75817141832, 0.126502100918318, -0.11856483880511, 44.7397228861786
610, 85.7239791616915, 53.4119672290878, 1683.612432369, 1685.75817141832, 0.160666677154231, -0.0581722648022936, 44.7397228861786
611, 63.905030426908, 23.034901696545, 1683.612432369, 1685.75817141832, 0.0728362897131208, -0.212753173779814, 44.7397228861786
612, 67.5314128099408, 18.3933395607938, 1683.612432369, 1685.75817141832, 0.0772554556065653, -0.204935166715039, 44.7397228861786
613, -542.533718925559, 17.0436022632484, 1683.612432369, 1685.75817141832, 4.63408491609883, 7.74659635847101, 44.7397228861786
614, -542.535641901857, 7.74279108048432, 1683.612432369, 1685.75817141832, 4.63039999738801, 7.74016653169779, 44.7397228861786
615, -533.633476104779, 9.80218546499349, 1683.612432369, 1685.75817141832, 4.48054408260662, 7.47809920029836, 44.7397228861786
616, -544.312429214871, 10.1192691683886, 1683.612432369, 1685.75817141832, 4.66141480423842, 7.79439991472914, 44.7397228861786
617, -569.499650127198, 13.2139944181177, 1683.612432369, 1685.75817141832, 5.10569756115647, 8.56492439098253, 44.7397228861786
618, -578.398890582177, 13.4952882967202, 1683.612432369, 1685.75817141832, 5.26624849210431, 8.84564011970506, 44.7397228861786
619, -539.252111129564, 26.2525076182236, 1683.612432369, 1685.75817141832, 4.58721457894148, 7.65839955861873, 44.7397228861786
620, -542.806058309657, 19.3811909709714, 1683.612432369, 1685.75817141832, 4.64261093314061, 7.75526070116747, 44.7397228861786
621, -780.68641414509, 25.7007242308064, 1683.612432369, 1685.75817141832, 9.59460477500744, 16.4042978642763, 44.7397228861786
622, -768.312685167323, 29.8303656293684, 1683.612432369, 1685.75817141832, 9.29738048277177, 15.8844822692127, 44.7397228861786
623, -770.079871380894, 20.6011150730902, 1683.612432369, 1685.75817141832, 9.33261035682872, 15.9461566362352, 44.7397228861786
624, -745.329917135119, 21.8908458674712, 1683.612432369, 1685.75817141832, 8.74469327196387, 14.9180489657582, 44.7397228861786
625, -592.470457938346, 18.6011074602198, 1683.612432369, 1685.75817141832, 5.52964819766998, 9.30125726333017, 44.7397228861786
626, -608.46484076226, 12.1505149942474, 1683.612432369, 1685.75817141832, 5.82811430400883, 9.8230890013708, 44.7397228861786
627, -610.246930930867, 12.2075712003059, 1683.612432369, 1685.75817141832, 5.86224752459097, 9.88276740547532, 44.7397228861786
628, -596.029956827644, 21.0407322227131, 1683.612432369, 1685.75817141832, 5.59763810633262, 9.42011000197112, 44.7397228861786
629, -837.464207625035, 18.9129338875764, 1683.612432369, 1685.75817141832, 11.0341850245217, 18.9163267750562, 44.7397228861786
630, -807.464645712569, 26.8646998920069, 1683.612432369, 1685.75817141832, 10.2654207616217, 17.5718769481446, 44.7397228861786
631, -798.62278124855, 21.827528139517, 1683.612432369, 1685.75817141832, 10.0385556112459, 17.1751991415457, 44.7397228861786
632, -809.208085318875, 22.2926714808571, 1683.612432369, 1685.75817141832, 10.3060459696409, 17.6429453418566, 44.7397228861786
633, -42.1664082094494, 4.35816751911051, 1683.612432369, 1685.75817141832, 0.0301431512974069, -0.291963897144695, 44.7397228861786
634, -24.0826283654118, -0.325095788366729, 1683.612432369, 1685.75817141832, 0.0108358188563448, -0.325069193624008, 44.7397228861786
635, -38.5555914834977, 4.34970260917, 1683.612432369, 1685.75817141832, 0.0255310203409136, -0.299898568494149, 44.7397228861786
636, -43.9807628105527, 6.68740394675268, 1683.612432369, 1685.75817141832, 0.0330330533929501, -0.286970286793683, 44.7397228861786
637, -75.2121991276783, -0.186739586659275, 1683.612432369, 1685.75817141832, 0.0906585455419413, -0.186690411422166, 44.7397228861786
638, -75.2117566048117, 4.46351086060314, 1683.612432369, 1685.75817141832, 0.0909986633046187, -0.186085112638991, 44.7397228861786
639, -53.5219364977717, 13.6911027390487, 1683.612432369, 1685.75817141832, 0.0496570336183263, -0.257703760772532, 44.7397228861786
640, -48.0925848917615, 22.9846758910908, 1683.612432369, 1685.75817141832, 0.0463585871271956, -0.263266035112391, 44.7397228861786
641, 336.477085806211, 16.7367931952133, 1683.612432369, 1685.75817141832, 1.78239509999468, 2.7886228063153, 44.7397228861786
642, 329.155544161429, 11.9500562950021, 1683.612432369, 1685.75817141832, 1.7036410062293, 2.65045201051129, 44.7397228861786
643, 329.159833832272, 21.2565207831847, 1683.612432369, 1685.75817141832, 1.7086092154557, 2.65920085385576, 44.7397228861786
644, 351.12501385917, 23.9973419457878, 1683.612432369, 1685.75817141832, 1.94533191650128, 3.07446610393186, 44.7397228861786
645, 818.142439355046, 32.0734680550411, 1683.612432369, 1685.75817141832, 10.5403595379314, 18.1334943810203, 44.7397228861786
646, 840.470377577105, 51.7337949330761, 1683.612432369, 1685.75817141832, 11.149182911055, 19.2006019901096, 44.7397228861786
647, 820.01455862018, 27.5260799316645, 1683.612432369, 1685.75817141832, 10.5842982728583, 18.2105243914541, 44.7397228861786
648, 873.93895802092, 48.6565848534942, 1683.612432369, 1685.75817141832, 12.0469968221036, 20.7740597363107, 44.7397228861786
649, 1008.39666894067, 37.0180553593971, 1683.612432369, 1685.75817141832, 16.0148360553358, 27.7238711628977, 44.7397228861786
650, 993.448924794355, 31.5425219467593, 1683.612432369, 1685.75817141832, 15.5379097304182, 26.8880664881571, 44.7397228861786
651, 1019.6113343561, 49.2858691555804, 1683.612432369, 1685.75817141832, 16.3896685270405, 28.3807915672384, 44.7397228861786
652, 1015.89430901458, 44.4381010793449, 1683.612432369, 1685.75817141832, 16.2633814477101, 28.1595098503401, 44.7397228861786
653, 995.329578222495, 36.3068675182231, 1683.612432369, 1685.75817141832, 15.6019616226249, 27.0003504972562, 44.7397228861786
654, 1000.91784274207, 41.2625078630573, 1683.612432369, 1685.75817141832, 15.7836434568889, 27.3187317683969, 44.7397228861786
655, 1023.3743170605, 58.8257351531173, 1683.612432369, 1685.75817141832, 16.5270968435167, 28.6216842472306, 44.7397228861786
656, 1015.93660507883, 65.4151671912929, 1683.612432369, 1685.75817141832, 16.3014257692576, 28.226270422104, 44.7397228861786
657, 1000.97042332821, 59.9265273355076, 1683.612432369, 1685.75817141832, 15.8154177935033, 27.3745418583616, 44.7397228861786
658, 1015.9715602897, 88.7418636937961, 1683.612432369, 1685.75817141832, 16.359566565634, 28.328216202295, 44.7397228861786
659, 1025.28973456214, 72.9711919819715, 1683.612432369, 1685.75817141832, 16.6185129950234, 28.7820210756162, 44.7397228861786
660, 991.636122654438, 57.0892501044518, 1683.612432369, 1685.75817141832, 15.5174334240238, 26.8523430306257, 44.7397228861786
661, 1002.83839547276, 71.6767706260443, 1683.612432369, 1685.75817141832, 15.8988586478029, 27.5207771458035, 44.7397228861786
662, 1014.09766979455, 86.3158010948157, 1683.612432369, 1685.75817141832, 16.2929684299487, 28.2115175955048, 44.7397228861786
663, 1004.78001506788, 90.4773800835093, 1683.612432369, 1685.75817141832, 16.0085810208776, 27.7131836504304, 44.7397228861786
664, 987.926351773137, 77.8853993553519, 1683.612432369, 1685.75817141832, 15.4464081495709, 26.7279558548058, 44.7397228861786
665, 993.580889929755, 101.5232850542, 1683.612432369, 1685.75817141832, 15.6899052275091, 27.1547197204861, 44.7397228861786
666, 987.991316961663, 103.576469088197, 1683.612432369, 1685.75817141832, 15.522262865077, 26.8609796242456, 44.7397228861786
667, 984.19948486463, 87.0284664626808, 1683.612432369, 1685.75817141832, 15.3546203391864, 26.5671386822994, 44.7397228861786
668, 961.817595731814, 92.8066497434312, 1683.612432369, 1685.75817141832, 14.6856077307189, 25.3947238238899, 44.7397228861786
669, 978.710982952517, 126.43546322921, 1683.612432369, 1685.75817141832, 15.3181318721082, 26.5032859473566, 44.7397228861786
670, 971.232200849075, 119.049450436501, 1683.612432369, 1685.75817141832, 15.0599806070636, 26.0509278730708, 44.7397228861786
671, 975.037005196152, 137.960403739399, 1683.612432369, 1685.75817141832, 15.2533376887038, 26.3898159772389, 44.7397228861786
672, 995.775008905559, 176.599479408922, 1683.612432369, 1685.75817141832, 16.0885902665395, 27.8536722833851, 44.7397228861786
673, 986.457330818434, 176.126028250229, 1683.612432369, 1685.75817141832, 15.7952818790544, 27.3397401485106, 44.7397228861786
674, 984.527279721584, 166.641884663187, 1683.612432369, 1685.75817141832, 15.6840666288512, 27.1448130451147, 44.7397228861786
675, 1002.75462205711, 27.5436634072779, 1683.612432369, 1685.75817141832, 15.826447925195, 27.3938692776276, 44.7397228861786
676, 997.173980562815, 27.0853345804986, 1683.612432369, 1685.75817141832, 15.6503958746571, 27.0851599743555, 44.7397228861786
677, 984.096416115585, 26.3695057756173, 1683.612432369, 1685.75817141832, 15.2420217124563, 26.3694896843484, 44.7397228861786
678, 989.684550910595, 26.674085283075, 1683.612432369, 1685.75817141832, 15.4158417935604, 26.6740923520858, 44.7397228861786
679, 1002.76391568474, 27.3938973437319, 1683.612432369, 1685.75817141832, 15.8265872570216, 27.3939179378237, 44.7397228861786
680, 999.041808148982, 27.1881535990133, 1683.612432369, 1685.75817141832, 15.7091637434521, 27.1881484579481, 44.7397228861786
681, 999.037907340958, 27.1879219865605, 1683.612432369, 1685.75817141832, 15.7090364530746, 27.1879218942662, 44.7397228861786
682, 991.567312120176, 26.7771771909049, 1683.612432369, 1685.75817141832, 15.4746508207118, 26.7771671606171, 44.7397228861786
683, 972.890372496194, 25.7638114630093, 1683.612432369, 1685.75817141832, 14.8963991750571, 25.7637924822501, 44.7397228861786
684, 971.005529180505, 25.6625529160132, 1683.612432369, 1685.75817141832, 14.8386372004377, 25.6625506073019, 44.7397228861786
685, 985.93681681746, 26.4695336819071, 1683.612432369, 1685.75817141832, 15.2991333811358, 26.4695525400256, 44.7397228861786
686, 974.751233871125, 25.8638837190609, 1683.612432369, 1685.75817141832, 14.9535100505091, 25.8638723995629, 44.7397228861786
687, 978.473207918505, 26.0646185530374, 1683.612432369, 1685.75817141832, 15.0680685655477, 26.0646224804144, 44.7397228861786
688, 991.546088394892, 26.7759255157264, 1683.612432369, 1685.75817141832, 15.4739633192926, 26.7759434249943, 44.7397228861786
689, 974.756825404307, 25.8642064145271, 1683.612432369, 1685.75817141832, 14.9536880814451, 25.8641892697217, 44.7397228861786
690, 974.740095423017, 25.8632417307802, 1683.612432369, 1685.75817141832, 14.9531554784734, 25.8632413211211, 44.7397228861786
691, 989.674934245648, 26.6735190035904, 1683.612432369, 1685.75817141832, 15.4155308713166, 26.6735388933953, 44.7397228861786
692, 967.289684630406, 25.4637055786343, 1683.612432369, 1685.75817141832, 14.7251516105842, 25.4636856243974, 44.7397228861786
693, 984.066053431466, 26.3677322703534, 1683.612432369, 1685.75817141832, 15.2410456996183, 26.3677524555646, 44.7397228861786
694, 976.615914918706, 25.9643688022956, 1683.612432369, 1685.75817141832, 15.0108523496959, 25.9643611575587, 44.7397228861786
695, 967.276873398385, 25.4629740985689, 1683.612432369, 1685.75817141832, 14.7247469109514, 25.4629653326568, 44.7397228861786
696, 997.136958607005, 27.0829682616997, 1683.612432369, 1685.75817141832, 15.6491896625836, 27.0830121751321, 44.7397228861786
697, 856.788714996322, 19.9026672150466, 1683.612432369, 1685.75817141832, 11.5488890095679, 19.8996779302565, 44.7397228861786
698, 819.612671340094, 18.1795265142886, 1683.612432369, 1685.75817141832, 10.5673854747454, 18.1795693730013, 44.7397228861786
699, 814.574583329348, 186.166128019862, 1683.612432369, 1685.75817141832, 10.9802378867693, 18.903728596836, 44.7397228861786
700, 853.443242172322, 159.950151077525, 1683.612432369, 1685.75817141832, 11.8572715563701, 20.4407912631494, 44.7397228861786
701, 387.878529265792, 150.898639095554, 1683.612432369, 1685.75817141832, 2.72211710750859, 4.43574405904194, 44.7397228861786
702, 404.427551536936, 160.639862317442, 1683.612432369, 1685.75817141832, 2.9759696528083, 4.88086972296673, 44.7397228861786
703, 393.326840289124, 139.301344902365, 1683.612432369, 1685.75817141832, 2.73601881868064, 4.46015333319712, 44.7397228861786
704, 400.590982437252, 123.068480211859, 1683.612432369, 1685.75817141832, 2.75958274056317, 4.50150132193557, 44.7397228861786
705, 132.123445453772, 130.801398898648, 1683.612432369, 1685.75817141832, 0.543724106127168, 0.614546693782595, 44.7397228861786
706, 104.711566480817, 90.8580243279015, 1683.612432369, 1685.75817141832, 0.302523217366652, 0.19106154643295, 44.7397228861786
707, 99.1884882107844, 60.4775225411303, 1683.612432369, 1685.75817141832, 0.212445261272864, 0.032981587026014, 44.7397228861786
708, 99.1758640071003, 53.4809719238789, 1683.612432369, 1685.75817141832, 0.199837424819266, 0.0108664647644449, 44.7397228861786
709, -457.607683632509, 42.6521931303422, 1683.612432369, 1685.75817141832, 3.3239248632359, 5.45665695756981, 44.7397228861786
710, -446.88216031427, 51.7077528631741, 1683.612432369, 1685.75817141832, 3.18503743547497, 5.21385992046942, 44.7397228861786
711, -464.739587369458, 45.1663248746066, 1683.612432369, 1685.75817141832, 3.43073769371828, 5.64341120584552, 44.7397228861786
712, -446.914505764505, 26.0859775577332, 1683.612432369, 1685.75817141832, 3.1539641244108, 5.15948249634517, 44.7397228861786
713, -499.848881326782, 34.4452910507467, 1683.612432369, 1685.75817141832, 3.95006597680766, 6.5491669291622, 44.7397228861786
714, -489.157214613935, 41.1429460104992, 1683.612432369, 1685.75817141832, 3.79200177169427, 6.27281803457743, 44.7397228861786
715, -476.61828684875, 71.1205068537014, 1683.612432369, 1685.75817141832, 3.65491210635625, 6.033224813135, 44.7397228861786
716, -496.279707234735, 43.6748113692714, 1683.612432369, 1685.75817141832, 3.90563686815912, 6.47149180884447, 44.7397228861786
717, -620.840070163763, 77.8232303905277, 1683.612432369, 1685.75817141832, 6.15907487110086, 10.4052062492547, 44.7397228861786
718, -631.466598709027, 87.5292686662082, 1683.612432369, 1685.75817141832, 6.39335531919397, 10.8148805407679, 44.7397228861786
719, -640.393823863303, 66.8418997662791, 1683.612432369, 1685.75817141832, 6.52126411991492, 11.0385291619176, 44.7397228861786
720, -651.046581287634, 64.8803157217605, 1683.612432369, 1685.75817141832, 6.73320526058326, 11.4091545699116, 44.7397228861786
721, -567.309158221916, 57.4041690911663, 1683.612432369, 1685.75817141832, 5.11626934468497, 8.58287380878396, 44.7397228861786
722, -529.882399409549, 70.2657515206654, 1683.612432369, 1685.75817141832, 4.49720533028394, 7.50060075023383, 44.7397228861786
723, -577.951040904889, 50.7509439059047, 1683.612432369, 1685.75817141832, 5.29628301315165, 8.89759115162732, 44.7397228861786
724, -560.16213024536, 61.8425957749476, 1683.612432369, 1685.75817141832, 4.9980583064751, 8.37619464311623, 44.7397228861786
725, -263.462893176047, 41.1309688098117, 1683.612432369, 1685.75817141832, 1.12142516231203, 1.60937494130984, 44.7397228861786
726, -261.631109975391, 52.7577267494423, 1683.612432369, 1685.75817141832, 1.1235260903591, 1.61312846503678, 44.7397228861786
727, -263.434235092909, 48.1222107886703, 1683.612432369, 1685.75817141832, 1.13103191775395, 1.62619921174915, 44.7397228861786
728, -297.544165292468, 43.9876560440788, 1683.612432369, 1685.75817141832, 1.42579038874709, 2.14104350163679, 44.7397228861786
729, 53.4696229133808, 55.6203332173878, 1683.612432369, 1685.75817141832, 0.0943505928014431, -0.17529334960877, 44.7397228861786
730, 31.721199903681, 62.5651973196117, 1683.612432369, 1685.75817141832, 0.0783303822270009, -0.204030153620213, 44.7397228861786
731, 8.15571742447033, 57.8736129949916, 1683.612432369, 1685.75817141832, 0.0548264783098665, -0.245970709217998, 44.7397228861786
732, 4.52513099336381, 53.208408982018, 1683.612432369, 1685.75817141832, 0.0459597789013422, -0.261633852591566, 44.7397228861786
733, -183.068619175984, 82.1307022789403, 1683.612432369, 1685.75817141832, 0.635662055459091, 0.763877361363102, 44.7397228861786
734, -228.059247315371, 80.3063760716436, 1683.612432369, 1685.75817141832, 0.921825792836317, 1.26347192409439, 44.7397228861786
735, -222.661540399519, 82.5742809534639, 1683.612432369, 1685.75817141832, 0.88939695669681, 1.20687100072515, 44.7397228861786
736, -235.24599135411, 82.7333517733607, 1683.612432369, 1685.75817141832, 0.980400000173124, 1.36581237492304, 44.7397228861786
737, 455.454568972613, 70.6060990494905, 1683.612432369, 1685.75817141832, 3.337713747741, 5.51462445916836, 44.7397228861786
738, 479.379217618435, 85.2335567172061, 1683.612432369, 1685.75817141832, 3.72522149215072, 6.19407507788571, 44.7397228861786
739, 464.646375661046, 70.8457244177549, 1683.612432369, 1685.75817141832, 3.47118483457121, 5.74864916964265, 44.7397228861786
740, 473.854548478634, 80.4179010303302, 1683.612432369, 1685.75817141832, 3.62986141197079, 6.02687388902131, 44.7397228861786
741, 802.215502743279, 68.6636894816053, 1683.612432369, 1685.75817141832, 10.1929691650987, 17.524548628416, 44.7397228861786
742, 828.238604208182, 76.8420455366018, 1683.612432369, 1685.75817141832, 10.8793056375557, 18.7274263914336, 44.7397228861786
743, 802.245863390221, 73.3408196801918, 1683.612432369, 1685.75817141832, 10.2042719186701, 17.5444078178161, 44.7397228861786
744, 852.44904096327, 94.3111473767609, 1683.612432369, 1685.75817141832, 11.5667733256468, 19.9323087727902, 44.7397228861786
745, 971.057356263483, 62.9501427094812, 1683.612432369, 1685.75817141832, 14.8929177329951, 25.7578598160294, 44.7397228861786
746, 1000.89153830426, 41.2907154111408, 1683.612432369, 1685.75817141832, 15.7828285983161, 27.3173208680864, 44.7397228861786
747, 1000.93790682115, 50.5818173136579, 1683.612432369, 1685.75817141832, 15.7979360580458, 27.343825126863, 44.7397228861786
748, 1017.78637280753, 67.8423291452343, 1683.612432369, 1685.75817141832, 16.3657408835161, 28.3389566604844, 44.7397228861786
749, 991.642527371327, 64.0752964769242, 1683.612432369, 1685.75817141832, 15.5310779417232, 26.8762660979985, 44.7397228861786
750, 1010.30617785212, 69.7689883641602, 1683.612432369, 1685.75817141832, 16.1311819439613, 27.9279189047732, 44.7397228861786
751, 987.890135289319, 59.2113677206447, 1683.612432369, 1685.75817141832, 15.4046407903217, 26.6546691449579, 44.7397228861786
752, 986.036369425605, 75.4180942440382, 1683.612432369, 1685.75817141832, 15.3816681728821, 26.6144363167066, 44.7397228861786
753, 995.360231868844, 71.2829200796602, 1683.612432369, 1685.75817141832, 15.6627907781784, 27.1070982207211, 44.7397228861786
754, 1004.74667879829, 85.7929043688207, 1683.612432369, 1685.75817141832, 15.99441498373, 27.6883059181242, 44.7397228861786
755, 971.086327532429, 60.646811457411, 1683.612432369, 1685.75817141832, 14.8893262416466, 25.7516248193203, 44.7397228861786
756, 993.494546880271, 78.1614690977952, 1683.612432369, 1685.75817141832, 15.6206806295657, 27.0332928485972, 44.7397228861786
757, 1025.3375973743, 98.6296002887035, 1683.612432369, 1685.75817141832, 16.6898293092629, 28.9070405848957, 44.7397228861786
758, 989.792354705582, 68.6676128823602, 1683.612432369, 1685.75817141832, 15.4830800848097, 26.7922175711774, 44.7397228861786
759, 971.071795695662, 60.6295643901159, 1683.612432369, 1685.75817141832, 14.8888288548863, 25.7507192760079, 44.7397228861786
760, 978.545340523283, 72.681108473925, 1683.612432369, 1685.75817141832, 15.1436131562089, 26.1972360030753, 44.7397228861786
761, 980.425200029606, 75.1270137425392, 1683.612432369, 1685.75817141832, 15.2073138809805, 26.3088992411813, 44.7397228861786
762, 969.195972540754, 60.5357656751082, 1683.612432369, 1685.75817141832, 14.8313629027834, 25.6500139460867, 44.7397228861786
763, 997.246852851607, 85.367035526171, 1683.612432369, 1685.75817141832, 15.7569200034844, 27.2720683591429, 44.7397228861786
764, 976.762132622432, 93.607190567642, 1683.612432369, 1685.75817141832, 15.1439210598532, 26.1979020761577, 44.7397228861786
765, 958.071344141078, 90.2798174447712, 1683.612432369, 1685.75817141832, 14.5650878897538, 25.183514339636, 44.7397228861786
766, 984.280024307585, 119.721318949256, 1683.612432369, 1685.75817141832, 15.4640488097904, 26.7589701595591, 44.7397228861786
767, 974.990032693317, 123.921681544188, 1683.612432369, 1685.75817141832, 15.1938039390531, 26.2854549924115, 44.7397228861786
768, 980.631084590603, 135.928999600073, 1683.612432369, 1685.75817141832, 15.4167345625433, 26.6761628887605, 44.7397228861786
769, 975.015280268021, 130.956689423795, 1683.612432369, 1685.75817141832, 15.2229227593934, 26.336525799118, 44.7397228861786
770, 986.358504814187, 162.007564946873, 1683.612432369, 1685.75817141832, 15.7167908116504, 27.2020725049845, 44.7397228861786
771, 980.348233316309, 26.3048511745375, 1683.612432369, 1685.75817141832, 15.1261077198358, 26.1665254364037, 44.7397228861786
772, 980.34555261325, 26.1660826489234, 1683.612432369, 1685.75817141832, 15.125876000881, 26.1659336764578, 44.7397228861786
773, 1000.88613619818, 27.2899323067149, 1683.612432369, 1685.75817141832, 15.7672737755683, 27.2899636965858, 44.7397228861786
774, 993.436724732183, 26.8796772315453, 1683.612432369, 1685.75817141832, 15.5331388562714, 26.8796675341082, 44.7397228861786
775, 989.694153159434, 26.6746500148866, 1683.612432369, 1685.75817141832, 15.4161522354497, 26.674644908525, 44.7397228861786
776, 1012.10520218282, 27.9137824968037, 1683.612432369, 1685.75817141832, 16.1232549497857, 27.9138214392758, 44.7397228861786
777, 976.643983206291, 25.9659917125318, 1683.612432369, 1685.75817141832, 15.0117477568603, 25.9659549178971, 44.7397228861786
778, 980.34182604245, 26.1657169705141, 1683.612432369, 1685.75817141832, 15.1257565414231, 26.165720396702, 44.7397228861786
779, 993.415440994134, 26.8784197456026, 1683.612432369, 1685.75817141832, 15.5324481235706, 26.8784380843164, 44.7397228861786
780, 985.959673035932, 26.4708716926265, 1683.612432369, 1685.75817141832, 15.2998694942365, 26.4708627658865, 44.7397228861786
781, 976.617811392367, 25.9644792021114, 1683.612432369, 1685.75817141832, 15.0109128849358, 25.9644689319573, 44.7397228861786
782, 980.341797728982, 26.1657145912195, 1683.612432369, 1685.75817141832, 15.125755588341, 26.1657186749839, 44.7397228861786
783, 991.548016144568, 26.7760392276796, 1683.612432369, 1685.75817141832, 15.4740257530826, 26.7760545736143, 44.7397228861786
784, 995.294617154671, 26.9816894344131, 1683.612432369, 1685.75817141832, 15.5913629291147, 26.9816950524406, 44.7397228861786
785, 974.760563368657, 25.8644223425142, 1683.612432369, 1685.75817141832, 14.953807114964, 25.8644011468109, 44.7397228861786
786, 984.073640824345, 26.3681756310548, 1683.612432369, 1685.75817141832, 15.2412895925556, 26.3681865690841, 44.7397228861786
787, 976.615923066529, 25.9643694869825, 1683.612432369, 1685.75817141832, 15.0108526208847, 25.9643616520027, 44.7397228861786
788, 978.475079950696, 26.0647270423885, 1683.612432369, 1685.75817141832, 15.068128395406, 26.0647289647821, 44.7397228861786
789, 1040.20021848731, 29.504542888023, 1683.612432369, 1685.75817141832, 17.0322463697978, 29.5068614235327, 44.7397228861786
790, 1025.24297847685, 28.6534196056687, 1683.612432369, 1685.75817141832, 16.54523949982, 28.6533933084384, 44.7397228861786
791, 1023.35714243478, 28.5466214600456, 1683.612432369, 1685.75817141832, 16.4843200071919, 28.5466173923542, 44.7397228861786
792, 1028.96321123894, 28.8644469633569, 1683.612432369, 1685.75817141832, 16.6656866915775, 28.8644583353424, 44.7397228861786
793, 900.422113986211, 22.0196103875883, 1683.612432369, 1685.75817141832, 12.756627955164, 22.016443045625, 44.7397228861786
794, 853.896313486638, 19.7632089110543, 1683.612432369, 1685.75817141832, 11.4709507211316, 19.7632428962993, 44.7397228861786
795, 855.797767167418, 71.0887053446681, 1683.612432369, 1685.75817141832, 11.5962249009036, 19.9829909947016, 44.7397228861786
796, 868.808772027377, 67.0858050312087, 1683.612432369, 1685.75817141832, 11.9405096088328, 20.5863845159691, 44.7397228861786
797, 445.143113324883, 37.7080737161832, 1683.612432369, 1685.75817141832, 3.13554323341287, 5.15968255881759, 44.7397228861786
798, 503.966152004083, 46.2378660590785, 1683.612432369, 1685.75817141832, 4.02440952736523, 6.71809923806537, 44.7397228861786
799, 548.139558295644, 28.8916140196336, 1683.612432369, 1685.75817141832, 4.73435237475657, 7.9626658793085, 44.7397228861786
800, 577.630321390023, 15.8405315212218, 1683.612432369, 1685.75817141832, 5.2469844094611, 8.86130061293316, 44.7397228861786
801, 166.494495808165, 26.0172308691978, 1683.612432369, 1685.75817141832, 0.446057210618846, 0.444513088022553, 44.7397228861786
802, 215.679303853942, 21.8808779960049, 1683.612432369, 1685.75817141832, 0.737917728788752, 0.95746660678043, 44.7397228861786
803, 239.384722785715, 8.21855492277969, 1683.612432369, 1685.75817141832, 0.900705767473598, 1.24341809685142, 44.7397228861786
804, 257.635573891245, 3.81713081592675, 1683.612432369, 1685.75817141832, 1.04225617844087, 1.49200758618408, 44.7397228861786
805, -59.1877477151749, 2.07992857557795, 1683.612432369, 1685.75817141832, 0.0590001956960692, -0.244615069522164, 44.7397228861786
806, -21.1926601735874, 27.5913662178541, 1683.612432369, 1685.75817141832, 0.0225909722745469, -0.306358678394497, 44.7397228861786
807, 4.1624907092618, 36.8958847583189, 1683.612432369, 1685.75817141832, 0.0249620088812577, -0.30082155937441, 44.7397228861786
808, 36.839593780509, 71.910865615861, 1683.612432369, 1685.75817141832, 0.105659063742089, -0.157717538181846, 44.7397228861786
809, 184.311920496685, 142.975138555175, 1683.612432369, 1685.75817141832, 0.856574188068093, 1.16587553783834, 44.7397228861786
810, 246.410329966263, 164.823333475668, 1683.612432369, 1685.75817141832, 1.38197527519672, 2.08976534259011, 44.7397228861786
811, 244.487093993794, 143.697548820584, 1683.612432369, 1685.75817141832, 1.2645805584, 1.88404215601716, 44.7397228861786
812, 277.644764696094, 198.151237352804, 1683.612432369, 1685.75817141832, 1.82922740668837, 2.87499387288511, 44.7397228861786
813, -398.913180922878, 193.357566452455, 1683.612432369, 1685.75817141832, 3.10695439226161, 5.05055604048613, 44.7397228861786
814, -357.762188289874, 192.494864880302, 1683.612432369, 1685.75817141832, 2.61192580311719, 4.18729789247015, 44.7397228861786
815, -370.441287352405, 164.580810435638, 1683.612432369, 1685.75817141832, 2.60036731263759, 4.16623434501057, 44.7397228861786
816, -348.818905386004, 189.966478341128, 1683.612432369, 1685.75817141832, 2.49729620223509, 3.98737656993465, 44.7397228861786
817, -196.76889523878, 227.64803729159, 1683.612432369, 1685.75817141832, 1.43875191872186, 2.14694787443894, 44.7397228861786
818, -250.692133816264, 228.320477599156, 1683.612432369, 1685.75817141832, 1.82371445410309, 2.8161440220617, 44.7397228861786
819, -270.468396104659, 226.252474181062, 1683.612432369, 1685.75817141832, 1.97122823879763, 3.07269447263202, 44.7397228861786
820, -223.567265611761, 251.519621687731, 1683.612432369, 1685.75817141832, 1.7961426450716, 2.77013186025911, 44.7397228861786
821, 18.7045053820722, 193.666278914175, 1683.612432369, 1685.75817141832, 0.602281788057969, 0.706991166718188, 44.7397228861786
822, 53.0743950590945, 179.64128720805, 1683.612432369, 1685.75817141832, 0.558048240426708, 0.632308900956978, 44.7397228861786
823, 118.390828119803, 170.566000378705, 1683.612432369, 1685.75817141832, 0.682811759161154, 0.856093063364022, 44.7397228861786
824, 200.613099141919, 223.001255751451, 1683.612432369, 1685.75817141832, 1.41818308947201, 2.15049801358882, 44.7397228861786
825, 536.778230750438, 199.340768085853, 1683.612432369, 1685.75817141832, 5.15160604865007, 8.71079757224078, 44.7397228861786
826, 586.572734005027, 205.604222451524, 1683.612432369, 1685.75817141832, 6.07062983462762, 10.3238721435657, 44.7397228861786
827, 581.155639232005, 219.537972245068, 1683.612432369, 1685.75817141832, 6.06452299388062, 10.3128111087231, 44.7397228861786
828, 590.461436565607, 231.613749724119, 1683.612432369, 1685.75817141832, 6.3216854822695, 10.7638821020824, 44.7397228861786
829, 1169.77460068508, 243.593206830632, 1683.612432369, 1685.75817141832, 22.4585366763319, 39.0478047921225, 44.7397228861786
830, 1128.56354710834, 250.393456372755, 1683.612432369, 1685.75817141832, 21.0204695680755, 36.5264173955183, 44.7397228861786
831, 1113.4427770408, 242.397367038568, 1683.612432369, 1685.75817141832, 20.4245110856754, 35.4815639646847, 44.7397228861786
832, 1171.78087772943, 257.902751921279, 1683.612432369, 1685.75817141832, 22.6458831609532, 39.3762672605749, 44.7397228861786
833, 1543.84228914079, 283.033121766146, 1683.612432369, 1685.75817141832, 38.3095954559975, 66.8164542692252, 44.7397228861786
834, 1477.17370865445, 272.719690135081, 1683.612432369, 1685.75817141832, 35.0844728317528, 61.1624079537254, 44.7397228861786
835, 1480.98412895007, 282.464620686539, 1683.612432369, 1685.75817141832, 35.3442721765097, 61.6176993505827, 44.7397228861786
836, 1458.46947320458, 313.708814722362, 1683.612432369, 1685.75817141832, 34.6050133289717, 60.3214508347005, 44.7397228861786
837, 1706.26529292564, 333.125722681214, 1706.26529292564, 1738.48037002277, 47.0157233104203, 82.0636107309004, 47.0157233104203
838, 1626.25348633877, 344.676666889693, 1706.26529292564, 1738.48037002277, 42.985582687413, 74.9989048050784, 47.0157233104203
839, 1586.45035694667, 364.823506534677, 1706.26529292564, 1738.48037002277, 41.2175726152276, 71.8994807723296, 47.0157233104203
840, 1653.63040757524, 401.755256658752, 1706.26529292564, 1738.48037002277, 45.0496823177932, 78.6167139774927, 47.0157233104203
841, 1821.22385757376, 375.241454771227, 1821.22385757376, 1859.4790907065, 53.8020754021807, 93.9519686906311, 53.8020754021807
842, 1818.83401189602, 329.972756152125, 1821.22385757376, 1859.4790907065, 53.1671972326141, 92.8395983096215, 53.8020754021807
843, 1768.8536254574, 320.251442732513, 1821.22385757376, 1859.4790907065, 50.2745937949229, 87.7687823753999, 53.8020754021807
844, 1765.09815775283, 336.429479628469, 1821.22385757376, 1859.4790907065, 50.2337842191655, 87.6969764474401, 53.8020754021807
845, 1721.0273450257, 325.077434467333, 1821.22385757376, 1859.4790907065, 47.7232615675269, 83.2962361796164, 53.8020754021807
846, 1684.80667200923, 326.401917844551, 1821.22385757376, 1859.4790907065, 45.8155801377864, 79.9522609718049, 53.8020754021807
847, 1691.28070868495, 400.511867070877, 1821.22385757376, 1859.4790907065, 46.9976721500194, 82.0236783470727, 53.8020754021807
848, 1646.6300541733, 482.107446777997, 1821.22385757376, 1859.4790907065, 45.8009930517383, 79.9254517885429, 53.8020754021807
849, 1637.15658252906, 483.634351941148, 1821.22385757376, 1859.4790907065, 45.3395864151705, 79.1167194170334, 53.8020754021807
850, 1601.32832827204, 513.81278731938, 1821.22385757376, 1859.4790907065, 44.0018991347428, 76.771637786679, 53.8020754021807
851, 1598.88073149905, 475.385250047234, 1821.22385757376, 1859.4790907065, 43.2866621215432, 75.5182376504206, 53.8020754021807
852, 1558.13846860255, 424.118357658899, 1821.22385757376, 1859.4790907065, 40.5634643407869, 70.7452178837383, 53.8020754021807
853, 1551.28317184905, 478.334488289297, 1821.22385757376, 1859.4790907065, 40.9950623010062, 71.5013058258001, 53.8020754021807
854, 1500.25047831003, 493.089596984064, 1821.22385757376, 1859.4790907065, 38.7937649284359, 67.6428879726698, 53.8020754021807
855, 1480.45953795547, 560.833027947192, 1821.22385757376, 1859.4790907065, 38.9885305427408, 67.9837106357124, 53.8020754021807
856, 1457.15473740673, 630.992165542128, 1821.22385757376, 1859.4790907065, 39.2263684233422, 68.4000517940513, 53.8020754021807
857, 1459.36811341171, 650.420394057188, 1821.22385757376, 1859.4790907065, 39.7149250911714, 69.2561737257171, 53.8020754021807
858, 1412.81188292094, 591.335120685697, 1821.22385757376, 1859.4790907065, 36.4886891079668, 63.602004024009, 53.8020754021807
859, 1342.41549934893, 571.457872272457, 1821.22385757376, 1859.4790907065, 33.1081274460217, 57.6770144889613, 53.8020754021807
860, 1333.95302284514, 623.682754127431, 1821.22385757376, 1859.4790907065, 33.7282744676092, 58.7635509628945, 53.8020754021807
861, 1301.08375982304, 676.671176766147, 1821.22385757376, 1859.4790907065, 33.4535123959064, 58.2816235719963, 53.8020754021807
862, 1308.7658086274, 684.47117606865, 1821.22385757376, 1859.4790907065, 33.9310692875949, 59.1185441035764, 53.8020754021807
863, 1315.41143468911, 639.156844613644, 1821.22385757376, 1859.4790907065, 33.2680518372132, 57.9568734271878, 53.8020754021807
864, 1305.13191707975, 689.043976876701, 1821.22385757376, 1859.4790907065, 33.8811307936694, 59.0309880586841, 53.8020754021807
865, 1226.53278164095, 714.821049834999, 1821.22385757376, 1859.4790907065, 31.3466997757009, 54.5888648361616, 53.8020754021807
866, 1232.64580701762, 739.422669107646, 1821.22385757376, 1859.4790907065, 32.1377498670769, 55.9750694951171, 53.8020754021807
867, 1222.06951417173, 40.3730923145115, 1821.22385757376, 1859.4790907065, 23.2354439447378, 40.3741234936548, 53.8020754021807
868, 1210.79526873797, 39.6211544559841, 1821.22385757376, 1859.4790907065, 22.8079177028173, 39.6248221371562, 53.8020754021807
869, 1212.64736140938, 39.7479010467406, 1821.22385757376, 1859.4790907065, 22.8778120681402, 39.7473039925069, 53.8020754021807
870, 1208.89622568814, 39.4979732218313, 1821.22385757376, 1859.4790907065, 22.7362496174799, 39.4992058501788, 53.8020754021807
871, 1210.76534097644, 39.6233093748427, 1821.22385757376, 1859.4790907065, 22.8067167996713, 39.6227009754698, 53.8020754021807
872, 1197.62806717608, 38.7539414130392, 1821.22385757376, 1859.4790907065, 22.3136184201637, 38.7585067928617, 53.8020754021807
873, 1206.98473013888, 39.3760121469104, 1821.22385757376, 1859.4790907065, 22.6641953194186, 39.3729062642741, 53.8020754021807
874, 1208.88342312319, 39.4989237810595, 1821.22385757376, 1859.4790907065, 22.7357367093185, 39.4982998204623, 53.8020754021807
875, 1180.73433042785, 37.650526903696, 1821.22385757376, 1859.4790907065, 21.6874575526003, 37.6611073136848, 53.8020754021807
876, 1190.05446536501, 38.2676542892668, 1821.22385757376, 1859.4790907065, 22.0316457723916, 38.2642941118305, 53.8020754021807
877, 1191.95164754521, 38.3884940457203, 1821.22385757376, 1859.4790907065, 22.1021206272197, 38.3878165677796, 53.8020754021807
878, 1184.44992635643, 37.8981743728106, 1821.22385757376, 1859.4790907065, 21.8243180035284, 37.9009482795653, 53.8020754021807
879, 1190.06268522871, 38.2668903403861, 1821.22385757376, 1859.4790907065, 22.0319706135465, 38.2648673033932, 53.8020754021807
880, 1188.19855214759, 38.1431635346387, 1821.22385757376, 1859.4790907065, 21.9629111210668, 38.143841246367, 53.8020754021807
881, 1180.68938281818, 37.655178660349, 1821.22385757376, 1859.4790907065, 21.6856981917947, 37.658002800194, 53.8020754021807
882, 1186.30161628646, 38.0227863424076, 1821.22385757376, 1859.4790907065, 21.8926696330718, 38.0207279121783, 53.8020754021807
883, 1180.68529045089, 37.6556079325585, 1821.22385757376, 1859.4790907065, 21.68553822906, 37.657720483685, 53.8020754021807
884, 1169.41851281681, 36.9301077257542, 1821.22385757376, 1859.4790907065, 21.2729124439131, 36.934558621173, 53.8020754021807
885, 1169.39450210469, 36.9329078444139, 1821.22385757376, 1859.4790907065, 21.2719815865287, 36.932916872076, 53.8020754021807
886, 1195.65937854232, 38.6386124026695, 1821.22385757376, 1859.4790907065, 22.2399726632553, 38.6293899381308, 53.8020754021807
887, 1240.78861794695, 41.645635687333, 1821.22385757376, 1859.4790907065, 23.9538948577053, 41.6332125487298, 53.8020754021807
888, 1223.98532168841, 40.4972050178246, 1821.22385757376, 1859.4790907065, 23.3085765190628, 40.5022970609558, 53.8020754021807
889, 1197.79695695622, 38.7616408266159, 1821.22385757376, 1859.4790907065, 22.3195519546018, 38.7707221999357, 53.8020754021807
890, 1130.09561949619, 34.4645464317901, 1821.22385757376, 1859.4790907065, 19.8634294329646, 34.4660171733499, 53.8020754021807
891, 1085.59577785188, 515.590610403673, 1821.22385757376, 1859.4790907065, 22.4557465991961, 39.009541432524, 53.8020754021807
892, 1074.41724725524, 519.694540620545, 1821.22385757376, 1859.4790907065, 22.14622443854, 38.4670711377829, 53.8020754021807
893, 1070.59491637228, 471.680160158451, 1821.22385757376, 1859.4790907065, 21.2773201159825, 36.9447459657249, 53.8020754021807
894, 1099.28147086258, 375.843585640376, 1821.22385757376, 1859.4790907065, 20.9805807675082, 36.4248509674634, 53.8020754021807
895, 1168.5458195358, 365.984973313842, 1821.22385757376, 1859.4790907065, 23.3101281420617, 40.507602667049, 53.8020754021807
896, 1194.77754669584, 351.110086716617, 1821.22385757376, 1859.4790907065, 24.1086455870998, 41.907104986761, 53.8020754021807
897, 864.374667757723, 296.720028267171, 1821.22385757376, 1859.4790907065, 12.975845305675, 22.4050458659356, 53.8020754021807
898, 918.207243976569, 268.718125646226, 1821.22385757376, 1859.4790907065, 14.221178953331, 24.5882110352939, 53.8020754021807
899, 955.274204540573, 235.26666888663, 1821.22385757376, 1859.4790907065, 15.0382683191487, 26.0205498657246, 53.8020754021807
900, 1009.27339341388, 233.492913023255, 1821.22385757376, 1859.4790907065, 16.6744607156306, 28.8885747933667, 53.8020754021807
901, 879.877877663394, 222.012986474739, 1821.22385757376, 1859.4790907065, 12.7924528607261, 22.0850680575252, 53.8020754021807
902, 926.43268651144, 226.717736831048, 1821.22385757376, 1859.4790907065, 14.132434164796, 24.4340323816764, 53.8020754021807
903, 1008.48514845515, 200.523985074636, 1821.22385757376, 1859.4790907065, 16.4263882120119, 28.4553362502993, 53.8020754021807
904, 987.724010519012, 168.815939258551, 1821.22385757376, 1859.4790907065, 15.5994903286277, 27.0057651459896, 53.8020754021807
905, 801.938756467796, 152.637670604976, 1821.22385757376, 1859.4790907065, 10.3493302356105, 17.8065664395565, 53.8020754021807
906, 848.373449465471, 154.786497942627, 1821.22385757376, 1859.4790907065, 11.5504056841712, 19.9123598101943, 53.8020754021807
907, 874.623414122565, 184.154038800028, 1821.22385757376, 1859.4790907065, 12.4085784880689, 21.4167423099523, 53.8020754021807
908, 857.850125906878, 155.17167818336, 1821.22385757376, 1859.4790907065, 11.8038462523908, 20.3566512343829, 53.8020754021807
909, 837.197164484444, 151.870419893504, 1821.22385757376, 1859.4790907065, 11.2437754997509, 19.3751197566142, 53.8020754021807
910, 855.740864810755, 131.670336368987, 1821.22385757376, 1859.4790907065, 11.6423407314352, 20.0740102684268, 53.8020754021807
911, 863.111124013359, 127.332469500268, 1821.22385757376, 1859.4790907065, 11.8216360434444, 20.3883190780791, 53.8020754021807
912, 864.959324386456, 127.417525702276, 1821.22385757376, 1859.4790907065, 11.8715986061858, 20.4758991298614, 53.8020754021807
913, 1076.17263287778, 159.767211405997, 1821.22385757376, 1859.4790907065, 18.3915390100868, 31.8993145366265, 53.8020754021807
914, 1061.22719817993, 168.262462715899, 1821.22385757376, 1859.4790907065, 17.9383462206497, 31.10486849071, 53.8020754021807
915, 1016.39950721411, 179.768009246443, 1821.22385757376, 1859.4790907065, 16.5527638503902, 28.6759936503408, 53.8020754021807
916, 1016.37615131379, 163.354960682982, 1821.22385757376, 1859.4790907065, 16.4641993056775, 28.5208536912052, 53.8020754021807
917, 1082.92036470697, 174.244304952973, 1821.22385757376, 1859.4790907065, 18.692784607631, 32.4309393800441, 53.8020754021807
918, 1159.83894988298, 171.950644750788, 1821.22385757376, 1859.4790907065, 21.3631143273985, 37.1121853844379, 53.8020754021807
919, 1187.98096082853, 164.388300992164, 1821.22385757376, 1859.4790907065, 22.3509262772817, 38.843927534125, 53.8020754021807
920, 1214.30822545632, 187.252561001177, 1821.22385757376, 1859.4790907065, 23.4600039912224, 40.7880591262016, 53.8020754021807
921, 1381.74426760094, 210.983697561331, 1821.22385757376, 1859.4790907065, 30.3716713632064, 52.899732512896, 53.8020754021807
922, 1381.73291680613, 185.139307931424, 1821.22385757376, 1859.4790907065, 30.2114424598282, 52.6191228584935, 53.8020754021807
923, 1440.36725733737, 194.390487832356, 1821.22385757376, 1859.4790907065, 32.8411277077583, 57.2289636449265, 53.8020754021807
924, 1453.91009207422, 233.109716081144, 1821.22385757376, 1859.4790907065, 33.7100705112113, 58.7521052211599, 53.8020754021807
925, 1571.07345592672, 224.065683558013, 1821.22385757376, 1859.4790907065, 39.1634293882623, 68.3077423898046, 53.8020754021807
926, 1508.10269155502, 188.151176495035, 1821.22385757376, 1859.4790907065, 35.9133492510084, 62.6104369744276, 53.8020754021807
927, 1525.38750815006, 220.158513199961, 1821.22385757376, 1859.4790907065, 36.9340077833964, 64.3994620813491, 53.8020754021807
928, 1493.16839264445, 210.432240066909, 1821.22385757376, 1859.4790907065, 35.3550234890752, 61.6316593928827, 53.8020754021807
929, 1874.96682356544, 262.465901307364, 1874.96682356544, 1893.24825071098, 55.7693183993249, 97.4088204999571, 55.7693183993249
930, 1876.92148740839, 272.092943770919, 1876.92148740839, 1896.54128348034, 55.964147173675, 97.7503342834218, 55.964147173675
931, 1878.95801449761, 288.821201517491, 1878.95801449761, 1901.0262772226, 56.2303047349825, 98.2167713553178, 56.2303047349825
932, 1796.54519541547, 294.622789661595, 1878.95801449761, 1901.0262772226, 51.5643956438652, 90.0368499286227, 56.2303047349825
933, 1916.58695809757, 316.442733056937, 1916.58695809757, 1942.53483141339, 58.7189400821036, 102.575488405792, 58.7189400821036
934, 1903.26855247554, 326.869278959329, 1916.58695809757, 1942.53483141339, 58.0315197108708, 101.370523704869, 58.7189400821036
935, 1870.74430976872, 335.315008145021, 1916.58695809757, 1942.53483141339, 56.2066778755356, 98.171374228222, 58.7189400821036
936, 1822.60673551453, 332.723335654278, 1916.58695809757, 1942.53483141339, 53.4090362836624, 93.2665937480752, 58.7189400821036
937, 1889.49415092066, 294.67451404973, 1916.58695809757, 1942.53483141339, 56.9041926299601, 99.3908355063592, 58.7189400821036
938, 1875.6462937534, 241.325029894296, 1916.58695809757, 1942.53483141339, 55.6438031299145, 97.1819784685792, 58.7189400821036
939, 1842.80313628776, 221.460496959494, 1916.58695809757, 1942.53483141339, 53.5967343946748, 93.5932991879119, 58.7189400821036
940, 1850.4716264303, 241.042981242139, 1916.58695809757, 1942.53483141339, 54.1795703104057, 94.6146571100394, 58.7189400821036
941, 1818.11442776303, 247.234514760629, 1916.58695809757, 1942.53483141339, 52.3784822773383, 91.4575816432706, 58.7189400821036
942, 1727.81620876695, 228.94152132672, 1916.58695809757, 1942.53483141339, 47.254076813029, 82.4742963390921, 58.7189400821036
943, 1701.10643483075, 233.478754794877, 1916.58695809757, 1942.53483141339, 45.8606682335985, 80.0316596605373, 58.7189400821036
944, 1674.45497842444, 266.3148738145, 1916.58695809757, 1942.53483141339, 44.7161607086346, 78.0250730868142, 58.7189400821036
945, 1686.33950599421, 302.862246921473, 1916.58695809757, 1942.53483141339, 45.6638780548381, 79.6861936586011, 58.7189400821036
946, 1621.12578978798, 266.188091398598, 1916.58695809757, 1942.53483141339, 41.9784401977065, 73.2261968091207, 58.7189400821036
947, 1586.5472247893, 234.830268904086, 1916.58695809757, 1942.53483141339, 40.0054386705827, 69.767807565483, 58.7189400821036
948, 1544.54498845707, 219.424264673768, 1916.58695809757, 1942.53483141339, 37.8483247062179, 65.9867212371714, 58.7189400821036
949, 1531.26343859264, 223.00326860512, 1916.58695809757, 1942.53483141339, 37.2371554021791, 64.9154288453091, 58.7189400821036
950, 1519.91634505741, 243.228090301199, 1916.58695809757, 1942.53483141339, 36.845457709583, 64.2287296917089, 58.7189400821036
951, 1499.28074014586, 283.949918491986, 1916.58695809757, 1942.53483141339, 36.2109592829438, 63.1164303666893, 58.7189400821036
952, 1444.39131180986, 281.856557195055, 1916.58695809757, 1942.53483141339, 33.6775404424993, 58.676071245881, 58.7189400821036
953, 1423.6243921353, 292.013532756318, 1916.58695809757, 1942.53483141339, 32.8414883188344, 57.2106520356093, 58.7189400821036
954, 1376.43289184394, 300.170889795622, 1916.58695809757, 1942.53483141339, 30.8603780243956, 53.7383661777854, 58.7189400821036
955, 1348.07556515295, 302.753530644212, 1916.58695809757, 1942.53483141339, 29.6821569383737, 51.6732921848105, 58.7189400821036
956, 1348.68070261729, 364.360563138914, 1916.58695809757, 1942.53483141339, 30.3486190733197, 52.8412280117294, 58.7189400821036
957, 1339.41365920964, 385.017272848363, 1916.58695809757, 1942.53483141339, 30.2022391341781, 52.5846065289372, 58.7189400821036
958, 1317.12576533112, 416.635819384881, 1916.58695809757, 1942.53483141339, 29.6759056966675, 51.6620345498771, 58.7189400821036
959, 1253.31894671443, 428.734522229598, 1916.58695809757, 1942.53483141339, 27.2831006378683, 47.4683826899394, 58.7189400821036
960, 1253.03077130645, 400.186701065449, 1916.58695809757, 1942.53483141339, 26.9030636800383, 46.8024584209592, 58.7189400821036
961, 1230.36623515367, 405.729562083751, 1916.58695809757, 1942.53483141339, 26.0965600338259, 45.3889001939567, 58.7189400821036
962, 1194.55734357567, 393.810227945964, 1916.58695809757, 1942.53483141339, 24.5970202854357, 42.7608911160055, 58.7189400821036
963, 1178.86774166025, 37.5295638405341, 1916.58695809757, 1942.53483141339, 21.6188859483913, 37.5410068898355, 58.7189400821036
964, 1188.17389917386, 38.145508656496, 1916.58695809757, 1942.53483141339, 21.9619385636919, 38.1421251641686, 58.7189400821036
965, 1171.310102453, 37.0489391281989, 1916.58695809757, 1942.53483141339, 21.3419433515124, 37.055547126561, 58.7189400821036
966, 1175.0252216091, 37.2948688432587, 1916.58695809757, 1942.53483141339, 21.4776890667018, 37.2934352055561, 58.7189400821036
967, 1167.53107302683, 36.8110661111377, 1916.58695809757, 1942.53483141339, 21.2041548477243, 36.8140509291903, 58.7189400821036
968, 1175.01714320475, 37.2957687308628, 1916.58695809757, 1942.53483141339, 21.4773746932868, 37.2928805828568, 58.7189400821036
969, 1184.41304463238, 37.9018688729171, 1916.58695809757, 1942.53483141339, 21.8228700988933, 37.898393109648, 58.7189400821036
970, 1182.55731267164, 37.7778327387362, 1916.58695809757, 1942.53483141339, 21.7544692060747, 37.778525191979, 58.7189400821036
971, 1148.79761226756, 35.6146825090124, 1916.58695809757, 1942.53483141339, 20.5280782952935, 35.6291875657884, 58.7189400821036
972, 1154.35114669997, 35.9804772534943, 1916.58695809757, 1942.53483141339, 20.7272029930675, 35.9781396178283, 58.7189400821036
973, 1154.36279562199, 35.9789315423974, 1916.58695809757, 1942.53483141339, 20.7276497250837, 35.9789269061593, 58.7189400821036
974, 1167.48725293542, 36.81629027755, 1916.58695809757, 1942.53483141339, 21.2024590556284, 36.8110603498618, 58.7189400821036
975, 1139.39567289497, 35.0291121185997, 1916.58695809757, 1942.53483141339, 20.1928279270184, 35.0416287299262, 58.7189400821036
976, 1158.08088402413, 36.2213098628216, 1916.58695809757, 1942.53483141339, 20.8615398192916, 36.2135654146187, 58.7189400821036
977, 1144.99862751918, 35.3853200124503, 1916.58695809757, 1942.53483141339, 20.3921965002321, 35.391027451335, 58.7189400821036
978, 1128.10869562143, 34.3348053455116, 1916.58695809757, 1942.53483141339, 19.7940041008582, 34.3426521180665, 58.7189400821036
979, 1150.55963031084, 35.7489144975982, 1916.58695809757, 1942.53483141339, 20.590945995833, 35.739325144275, 58.7189400821036
980, 1161.85402479888, 36.4573080799354, 1916.58695809757, 1942.53483141339, 20.997984126173, 36.4527016222428, 58.7189400821036
981, 1205.027218121, 39.2580474904476, 1916.58695809757, 1942.53483141339, 22.5904186299877, 39.2435638436877, 58.7189400821036
982, 1197.61539299048, 38.7550432098398, 1916.58695809757, 1942.53483141339, 22.3131163435984, 38.7576199463209, 58.7189400821036
983, 1195.72183852779, 38.6330960073915, 1916.58695809757, 1942.53483141339, 22.242448198278, 38.6337602070565, 58.7189400821036
984, 1214.49084014625, 39.8753546061487, 1916.58695809757, 1942.53483141339, 22.9474668273138, 39.8693605999582, 58.7189400821036
985, 1161.65421435285, 36.4198924955001, 1916.58695809757, 1942.53483141339, 20.9907119099516, 36.4414328293964, 58.7189400821036
986, 1172.7940482336, 37.1554425072406, 1916.58695809757, 1942.53483141339, 21.3956599289044, 37.1511013016392, 58.7189400821036
987, 1166.90689530665, 465.78061703281, 1916.58695809757, 1942.53483141339, 24.5443423296958, 42.6697779936665, 58.7189400821036
988, 1150.08790534356, 471.844323037592, 1916.58695809757, 1942.53483141339, 24.0265418794888, 41.7622719537232, 58.7189400821036
989, 1166.15991075771, 413.327756696114, 1916.58695809757, 1942.53483141339, 23.7998162704166, 41.3612079053115, 58.7189400821036
990, 1189.85132081641, 353.145186754636, 1916.58695809757, 1942.53483141339, 23.9494284185651, 41.6233693755168, 58.7189400821036
991, 1296.66831580087, 291.905040755902, 1916.58695809757, 1942.53483141339, 27.466219380415, 47.7866944860015, 58.7189400821036
992, 1326.57858342989, 256.309060634416, 1916.58695809757, 1942.53483141339, 28.3828091578866, 49.3930722145971, 58.7189400821036
993, 1231.88942678444, 214.283773877998, 1916.58695809757, 1942.53483141339, 24.3021971820562, 42.2502948393675, 58.7189400821036
994, 1290.34246020482, 220.70595807101, 1916.58695809757, 1942.53483141339, 26.6395036191616, 46.3469841764564, 58.7189400821036
995, 1341.19439757539, 207.932382500868, 1916.58695809757, 1942.53483141339, 28.6359758945329, 49.846383568507, 58.7189400821036
996, 1386.49719588756, 190.186384122995, 1916.58695809757, 1942.53483141339, 30.4484994796556, 53.0234561481713, 58.7189400821036
997, 1155.92111178162, 190.48076452237, 1916.58695809757, 1942.53483141339, 21.3273995001847, 37.0474187814475, 58.7189400821036
998, 1170.90689659743, 184.400491496551, 1916.58695809757, 1942.53483141339, 21.8340844309926, 37.9356501354492, 58.7189400821036
999, 1234.74102418906, 176.894723288139, 1916.58695809757, 1942.53483141339, 24.1800288085039, 42.0481240510523, 58.7189400821036
1000, 1244.23016747461, 182.230225737299, 1916.58695809757, 1942.53483141339, 24.5760628146503, 42.7423715690228, 58.7189400821036
1001, 1304.58232404326, 191.165096617301, 1916.58695809757, 1942.53483141339, 27.021604725938, 47.028319583097, 58.7189400821036
1002, 1376.52995909608, 212.940449932694, 1916.58695809757, 1942.53483141339, 30.1605755660379, 52.5309900963531, 58.7189400821036
1003, 1391.6603425585, 218.798121888872, 1916.58695809757, 1942.53483141339, 30.8517577333456, 53.7426379035816, 58.7189400821036
1004, 1404.92596196924, 208.067490344565, 1916.58695809757, 1942.53483141339, 31.3576520612168, 54.6296283641164, 58.7189400821036
1005, 1666.52976283118, 227.887682099962, 1916.58695809757, 1942.53483141339, 44.0032836845069, 76.7880496849622, 58.7189400821036
1006, 1687.55106272993, 232.187039192411, 1916.58695809757, 1942.53483141339, 45.1322378270942, 78.7673440049434, 58.7189400821036
1007, 1704.8191890347, 243.223779226582, 1916.58695809757, 1942.53483141339, 46.1266778030579, 80.5106361505804, 58.7189400821036
1008, 1729.75420229041, 255.014793985624, 1916.58695809757, 1942.53483141339, 47.5524159785555, 83.010021061739, 58.7189400821036
1009, 1758.84678663245, 321.630786241333, 1916.58695809757, 1942.53483141339, 49.7354254836354, 86.8353778992444, 58.7189400821036
1010, 1774.47895944015, 346.854180811628, 1916.58695809757, 1942.53483141339, 50.8598130716715, 88.8064698706262, 58.7189400821036
1011, 1726.59729550685, 344.564151029532, 1916.58695809757, 1942.53483141339, 48.2237129175251, 84.1851209446666, 58.7189400821036
1012, 1699.41469900845, 306.471066988961, 1916.58695809757, 1942.53483141339, 46.3852162712437, 80.9623299603993, 58.7189400821036
1013, 1182.6846342338, 248.683549473076, 1916.58695809757, 1942.53483141339, 22.6985928607793, 39.4567202457811, 58.7189400821036
1014, 1163.39352056534, 181.567968888875, 1916.58695809757, 1942.53483141339, 21.543914074496, 37.4326957268604, 58.7189400821036
1015, 1261.38250973518, 206.916700978873, 1916.58695809757, 1942.53483141339, 25.3933741709552, 44.1812867806384, 58.7189400821036
1016, 1323.79746069396, 227.839477314306, 1916.58695809757, 1942.53483141339, 28.0457578232387, 48.8312994989047, 58.7189400821036
1017, 1514.9309740751, 264.045943300658, 1916.58695809757, 1942.53483141339, 36.7689787473708, 64.1203433150678, 58.7189400821036
1018, 1516.84072533987, 254.785392070455, 1916.58695809757, 1942.53483141339, 36.7842533016611, 64.1473817711398, 58.7189400821036
1019, 1494.01387001051, 238.755981395974, 1916.58695809757, 1942.53483141339, 35.590997298743, 62.0555861507828, 58.7189400821036
1020, 1549.15123063484, 259.877308066004, 1916.58695809757, 1942.53483141339, 38.3672255432433, 66.9225613505548, 58.7189400821036
1021, 1871.11363161033, 318.773525660951, 1916.58695809757, 1942.53483141339, 56.0542995239118, 97.9214493007929, 58.7189400821036
1022, 1846.17561813157, 304.418775540208, 1916.58695809757, 1942.53483141339, 54.4704702241248, 95.145050299829, 58.7189400821036
1023, 1900.23950940121, 345.502396848211, 1916.58695809757, 1942.53483141339, 58.0439208343546, 101.409581192902, 58.7189400821036
1024, 1960.50941409155, 389.951736041258, 1960.50941409155, 1998.91458526451, 62.1822863430869, 108.665163429937, 62.1822863430869
1025, 2150.4358670671, 464.143472074456, 2150.4358670671, 2199.9553588739, 75.3501771094432, 131.743108950428, 75.3501771094432
1026, 2152.73287603613, 522.58309710622, 2152.73287603613, 2215.254371161, 75.4837419134201, 131.972565355409, 75.4837419134201
1027, 2119.82545248808, 537.77548784078, 2152.73287603613, 2215.254371161, 73.5658438039944, 128.609035752181, 75.4837419134201
1028, 2081.10488666427, 538.03742915713, 2152.73287603613, 2215.254371161, 71.0638447781203, 124.22181141963, 75.4837419134201
1029, 2158.60473025832, 633.595126218739, 2158.60473025832, 2249.67045708071, 77.8593699031772, 136.124324868141, 77.8593699031772
1030, 2141.34508121113, 629.183148925524, 2158.60473025832, 2249.67045708071, 76.6309791994771, 133.971391884066, 77.8593699031772
1031, 2125.12971396807, 694.707950508032, 2158.60473025832, 2249.67045708071, 76.9045494882444, 134.449387609879, 77.8593699031772
1032, 2162.38067529465, 711.284827625544, 2162.38067529465, 2276.36031657953, 79.7266088753701, 139.397311305524, 79.7266088753701
1033, 2117.20870735504, 592.647317750163, 2162.38067529465, 2276.36031657953, 74.3576337307849, 129.983818011057, 79.7266088753701
1034, 2065.56555208817, 524.283657073053, 2162.38067529465, 2276.36031657953, 69.8485896436776, 122.078798011876, 79.7266088753701
1035, 2051.96789012218, 517.950405556391, 2162.38067529465, 2276.36031657953, 68.8840617638711, 120.38765876368, 79.7266088753701
1036, 2019.17323038757, 521.414657660544, 2162.38067529465, 2276.36031657953, 66.8831702544528, 116.879548312644, 79.7266088753701
1037, 1942.02721061204, 527.257996877752, 2162.38067529465, 2276.36031657953, 62.2705108697607, 108.792366514569, 79.7266088753701
1038, 1905.64780733658, 535.343075274943, 2162.38067529465, 2276.36031657953, 60.2478652977164, 105.246274958278, 79.7266088753701
1039, 1844.57441838874, 567.282420525457, 2162.38067529465, 2276.36031657953, 57.2643301585655, 100.015293797341, 79.7266088753701
1040, 1835.33436782578, 595.109177859549, 2162.38067529465, 2276.36031657953, 57.239153152242, 99.9705970546995, 79.7266088753701
1041, 1792.06266323595, 518.883853446002, 2162.38067529465, 2276.36031657953, 53.5127516409917, 93.4392853956281, 79.7266088753701
1042, 1747.61624018424, 497.777829571376, 2162.38067529465, 2276.36031657953, 50.7594354122699, 88.6127970106718, 79.7266088753701
1043, 1738.19758564026, 518.353985029902, 2162.38067529465, 2276.36031657953, 50.5761778545474, 88.2911358207485, 79.7266088753701
1044, 1754.29603017695, 555.851211564348, 2162.38067529465, 2276.36031657953, 52.0634611426979, 90.8980288735464, 79.7266088753701
1045, 1739.31316759047, 583.145933962284, 2162.38067529465, 2276.36031657953, 51.7369240268782, 90.3252250264154, 79.7266088753701
1046, 1650.99917585219, 546.077050704112, 2162.38067529465, 2276.36031657953, 46.4831180839337, 81.1162763836724, 79.7266088753701
1047, 1641.42004665106, 542.806736121755, 2162.38067529465, 2276.36031657953, 45.9428040037622, 80.16912053569, 79.7266088753701
1048, 1609.36030208734, 578.217337771702, 2162.38067529465, 2276.36031657953, 44.9502650165002, 78.428767677434, 79.7266088753701
1049, 1580.76237160997, 662.300335510443, 2162.38067529465, 2276.36031657953, 45.1542045742274, 78.7856056098032, 79.7266088753701
1050, 1572.3783817522, 712.26442307434, 2162.38067529465, 2276.36031657953, 45.8058543442934, 79.9273407074765, 79.7266088753701
1051, 1494.5083184793, 712.822858254749, 2162.38067529465, 2276.36031657953, 42.1425239884049, 73.5062791611378, 79.7266088753701
1052, 1403.87661339709, 537.071532802768, 2162.38067529465, 2276.36031657953, 34.7171395936011, 60.492946420793, 79.7266088753701
1053, 1396.05093039241, 517.335593841769, 2162.38067529465, 2276.36031657953, 34.059563971171, 59.3405110089229, 79.7266088753701
1054, 1380.9488202286, 540.061907421636, 2162.38067529465, 2276.36031657953, 33.7839041779691, 58.8570298268691, 79.7266088753701
1055, 1408.35217111042, 582.971080415045, 2162.38067529465, 2276.36031657953, 35.7021266406705, 62.2189472230511, 79.7266088753701
1056, 1379.96462888336, 573.568267965927, 2162.38067529465, 2276.36031657953, 34.3175379707811, 59.7922593478483, 79.7266088753701
1057, 1336.46161642239, 462.660924557608, 2162.38067529465, 2276.36031657953, 30.7297413874477, 53.5046098531914, 79.7266088753701
1058, 1306.10358404289, 291.950307343451, 2162.38067529465, 2276.36031657953, 27.5115700644361, 47.8646385122299, 79.7266088753701
1059, 1265.36744602902, 43.3169731737285, 2162.38067529465, 2276.36031657953, 24.9145191126994, 43.316894200513, 79.7266088753701
1060, 1280.45412287081, 44.3664118434424, 2162.38067529465, 2276.36031657953, 25.513443257844, 44.3666023478118, 79.7266088753701
1061, 1274.83312507401, 43.9742672145826, 2162.38067529465, 2276.36031657953, 25.289555253201, 43.9742335307233, 79.7266088753701
1062, 1254.12081285949, 42.5424911234384, 2162.38067529465, 2276.36031657953, 24.4728542625215, 42.5428585070645, 79.7266088753701
1063, 1248.44150380233, 42.1541973465752, 2162.38067529465, 2276.36031657953, 24.251187094567, 42.1543344880799, 79.7266088753701
1064, 1239.02765371505, 41.51416583494, 2162.38067529465, 2276.36031657953, 23.886113933832, 41.5144964593174, 79.7266088753701
1065, 1239.01197952334, 41.5133553709862, 2162.38067529465, 2276.36031657953, 23.8854694169359, 41.5133555397306, 79.7266088753701
1066, 1248.41592529056, 42.1526872026908, 2162.38067529465, 2276.36031657953, 24.2501277489395, 42.1524584021123, 79.7266088753701
1067, 1237.14705504498, 41.3868499509123, 2162.38067529465, 2276.36031657953, 23.8135218119262, 41.3872708176863, 79.7266088753701
1068, 1208.93204995724, 39.4997787799677, 2162.38067529465, 2276.36031657953, 22.7376871595194, 39.5017485521051, 79.7266088753701
1069, 1176.96008577205, 37.4145819502923, 2162.38067529465, 2276.36031657953, 21.5487423345048, 37.4179911345624, 79.7266088753701
1070, 1190.05530626877, 38.2655505773674, 2162.38067529465, 2276.36031657953, 22.0316785387669, 38.2643503244864, 79.7266088753701
1071, 1199.46548578835, 38.8793787736035, 2162.38067529465, 2276.36031657953, 22.382165877239, 38.8786198870295, 79.7266088753701
1072, 1161.93119883871, 36.453295378155, 2162.38067529465, 2276.36031657953, 21.0009587189159, 36.4579496693853, 79.7266088753701
1073, 1165.63053950674, 36.6932895130501, 2162.38067529465, 2276.36031657953, 21.1350019406907, 36.6928447946409, 79.7266088753701
1074, 1186.28307599157, 38.0214170966, 2162.38067529465, 2276.36031657953, 21.8919396440562, 38.0194372453689, 79.7266088753701
1075, 1165.66545364717, 36.6927621414911, 2162.38067529465, 2276.36031657953, 21.1363536028187, 36.6952303415917, 79.7266088753701
1076, 1152.50266160994, 35.8600463411366, 2162.38067529465, 2276.36031657953, 20.6608254247522, 35.861819678244, 79.7266088753701
1077, 1165.617105109, 36.6934982134517, 2162.38067529465, 2276.36031657953, 21.1344826033212, 36.6919280756223, 79.7266088753701
1078, 1203.18466138124, 39.1253893119157, 2162.38067529465, 2276.36031657953, 22.5213443992069, 39.1225195524111, 79.7266088753701
1079, 1218.27428569344, 40.1218023129364, 2162.38067529465, 2276.36031657953, 23.0909914133499, 40.120912918098, 79.7266088753701
1080, 1229.57649020885, 40.8773498720547, 2162.38067529465, 2276.36031657953, 23.5222947776137, 40.8768302363327, 79.7266088753701
1081, 1189.21265530915, 38.2074884211744, 2162.38067529465, 2276.36031657953, 22.0000863221984, 38.2112269011035, 79.7266088753701
1082, 1155.36638445785, 36.0392169711703, 2162.38067529465, 2276.36031657953, 20.7633575618024, 36.0436653921578, 79.7266088753701
1083, 1120.40339349963, 221.163431698027, 2162.38067529465, 2276.36031657953, 20.2704085171903, 35.1801677866454, 79.7266088753701
1084, 1133.56859018757, 226.689184632019, 2162.38067529465, 2276.36031657953, 20.7705475454915, 36.0567239257868, 79.7266088753701
1085, 870.701690994745, 179.258708561131, 2162.38067529465, 2276.36031657953, 12.2764876395203, 21.1762730403144, 79.7266088753701
1086, 928.375809598834, 161.00553973759, 2162.38067529465, 2276.36031657953, 13.7925810750878, 23.8336387306628, 79.7266088753701
1087, 1012.44308957423, 172.522036591978, 2162.38067529465, 2276.36031657953, 16.3891262144105, 28.384715857867, 79.7266088753701
1088, 1064.82116631846, 180.21748098164, 2162.38067529465, 2276.36031657953, 18.1231435707158, 31.4240670137571, 79.7266088753701
1089, 756.278220964111, 129.600650305152, 2162.38067529465, 2276.36031657953, 9.14252346062014, 15.6904011199842, 79.7266088753701
1090, 830.536358507382, 132.869624618665, 2162.38067529465, 2276.36031657953, 10.9868354963884, 18.923911385674, 79.7266088753701
1091, 942.55060050224, 182.854190158737, 2162.38067529465, 2276.36031657953, 14.3199062369571, 24.7670789392582, 79.7266088753701
1092, 961.108612182752, 146.282632937564, 2162.38067529465, 2276.36031657953, 14.6814588472239, 25.4010569741279, 79.7266088753701
1093, 1290.60647605698, 197.214004483259, 2162.38067529465, 2276.36031657953, 26.4932112299237, 46.1054044786454, 79.7266088753701
1094, 1389.31802369602, 256.30889932483, 2162.38067529465, 2276.36031657953, 31.0281427934727, 54.0553836331759, 79.7266088753701
1095, 1616.96341975896, 405.537521683745, 2162.38067529465, 2276.36031657953, 43.2248691468205, 75.4370625199198, 79.7266088753701
1096, 1730.62551671116, 468.590177095741, 2162.38067529465, 2276.36031657953, 50.0128560172198, 87.3376941916848, 79.7266088753701
1097, 1304.90986337096, 365.902442039726, 2162.38067529465, 2276.36031657953, 28.551031946002, 49.7232931368946, 79.7266088753701
1098, 1207.75024218258, 266.856363550348, 2162.38067529465, 2276.36031657953, 23.7752590381466, 41.3508034788197, 79.7266088753701
1099, 1268.53086929989, 323.00921900244, 2162.38067529465, 2276.36031657953, 26.6333089990533, 46.3612699163639, 79.7266088753701
1100, 1299.13402858521, 360.729855005002, 2162.38067529465, 2276.36031657953, 28.2582242028904, 49.2098326240123, 79.7266088753701
1101, 1641.43840542823, 381.632503024975, 2162.38067529465, 2276.36031657953, 44.1719641926506, 77.1022855444836, 79.7266088753701
1102, 1595.65464093536, 375.146355429297, 2162.38067529465, 2276.36031657953, 41.7875272201059, 72.9219432456733, 79.7266088753701
1103, 1608.94425956229, 373.951967555643, 2162.38067529465, 2276.36031657953, 42.4366162920941, 74.0599381376382, 79.7266088753701
1104, 1557.35695691752, 357.548466494417, 2162.38067529465, 2276.36031657953, 39.70584848232, 69.2723468473722, 79.7266088753701
1105, 711.746516933674, 342.119057117408, 2162.38067529465, 2276.36031657953, 9.6842985857984, 16.6551921889, 79.7266088753701
1106, 754.906395362267, 386.581549396009, 2162.38067529465, 2276.36031657953, 11.1719791522567, 19.2640266117881, 79.7266088753701
1107, 730.797910312623, 385.574289531448, 2162.38067529465, 2276.36031657953, 10.6033489393618, 18.2663611750338, 79.7266088753701
1108, 760.997313320324, 427.256574162061, 2162.38067529465, 2276.36031657953, 11.8304920439009, 20.4179901754021, 79.7266088753701
1109, 1710.73500583602, 452.374543463315, 2162.38067529465, 2276.36031657953, 48.7122864651772, 85.0620488222216, 79.7266088753701
1110, 1760.18388013038, 435.734978475058, 2162.38067529465, 2276.36031657953, 51.1549590681745, 89.3452149053283, 79.7266088753701
1111, 1794.96475876978, 448.727306991565, 2162.38067529465, 2276.36031657953, 53.2613900969605, 93.0386732846013, 79.7266088753701
1112, 1876.22778709552, 488.104202371799, 2162.38067529465, 2276.36031657953, 58.4870649365146, 102.201019951117, 79.7266088753701
1113, 1931.7666114129, 529.919800742009, 2162.38067529465, 2276.36031657953, 62.4507460608137, 109.144053419941, 79.7266088753701
1114, 1966.25167889849, 521.736591600436, 2162.38067529465, 2276.36031657953, 64.4115194573354, 112.582356056987, 79.7266088753701
1115, 1987.62444918355, 556.608758446604, 2162.38067529465, 2276.36031657953, 65.7519109617201, 114.896480846912, 79.7266088753701
1116, 1960.40780715227, 544.024609112365, 2162.38067529465, 2276.36031657953, 63.8764390769573, 111.609013960041, 79.7266088753701
1117, 2001.31527786412, 550.932737813889, 2162.38067529465, 2276.36031657953, 66.4988616904424, 116.203864930511, 79.7266088753701
1118, 2067.36299666625, 582.011725012052, 2162.38067529465, 2276.36031657953, 70.9426022485288, 124.027128582401, 79.7266088753701
1119, 2053.83662382762, 575.689613337457, 2162.38067529465, 2276.36031657953, 69.9711773739298, 122.324232907028, 79.7266088753701
1120, 2132.21198804015, 635.265648286775, 2162.38067529465, 2276.36031657953, 76.1401579089707, 133.140132948969, 79.7266088753701
1121, 2198.00956118095, 626.407632716823, 2198.00956118095, 2285.52675621371, 80.3599054945143, 140.535858077054, 80.3599054945143
1122, 2186.42145705589, 622.62072452847, 2198.00956118095, 2285.52675621371, 79.5044263524055, 139.036177641256, 80.3599054945143
1123, 2122.2777730409, 619.683100005459, 2198.00956118095, 2285.52675621371, 75.1885324299571, 131.467714723254, 80.3599054945143
1124, 2120.97182616908, 653.21595888038, 2198.00956118095, 2285.52675621371, 75.7624509453094, 132.472995367423, 80.3599054945143
1125, 2380.44049289012, 741.58062077047, 2380.44049289012, 2493.27871632782, 95.680042742057, 167.375769556101, 95.680042742057
1126, 2350.96278549169, 730.419330326974, 2380.44049289012, 2493.27871632782, 93.2763598910779, 163.160301853363, 95.680042742057
1127, 2350.0100066025, 776.29689864244, 2380.44049289012, 2493.27871632782, 94.273829172322, 164.910053853396, 95.680042742057
1128, 2310.53725212834, 751.760378119303, 2380.44049289012, 2493.27871632782, 90.8596429444756, 158.921760804905, 95.680042742057
1129, 2287.85555049549, 671.460179291722, 2380.44049289012, 2493.27871632782, 87.485059459799, 153.000767516096, 95.680042742057
1130, 2200.50145948804, 585.883232420968, 2380.44049289012, 2493.27871632782, 79.7767455698283, 139.486017895825, 95.680042742057
1131, 2216.41965683979, 614.225852268496, 2380.44049289012, 2493.27871632782, 81.3853990052161, 142.305316353906, 95.680042742057
1132, 2101.75488351732, 598.021787827612, 2380.44049289012, 2493.27871632782, 73.4515635465237, 128.394950437997, 95.680042742057
1133, 2119.00154245692, 689.129895187095, 2380.44049289012, 2493.27871632782, 76.38470166999, 133.535362092889, 95.680042742057
1134, 2051.70621926101, 609.048129156439, 2380.44049289012, 2493.27871632782, 70.4544410337847, 123.139890327935, 95.680042742057
1135, 2054.5862329354, 662.301560650062, 2380.44049289012, 2493.27871632782, 71.6817776038313, 125.290251571673, 95.680042742057
1136, 1990.4462011052, 638.199949421489, 2380.44049289012, 2493.27871632782, 67.2007932304104, 117.434715514498, 95.680042742057
1137, 1930.87939282231, 648.514454462522, 2380.44049289012, 2493.27871632782, 63.8072596934558, 111.484888585701, 95.680042742057
1138, 1853.19288772438, 609.021043965698, 2380.44049289012, 2493.27871632782, 58.5130946427387, 102.20420293523, 95.680042742057
1139, 1832.89745213878, 551.72918921116, 2380.44049289012, 2493.27871632782, 56.3345302871515, 98.3856178045629, 95.680042742057
1140, 1788.75232354627, 552.065404270388, 2380.44049289012, 2493.27871632782, 53.8784518365929, 94.0799060759844, 95.680042742057
1141, 1779.69612154735, 582.337068811274, 2380.44049289012, 2493.27871632782, 53.9106479514646, 94.1359098973017, 95.680042742057
1142, 1701.02181229825, 567.521893788985, 2380.44049289012, 2493.27871632782, 49.4323095540341, 86.2857847093164, 95.680042742057
1143, 1638.5212836445, 600.082682634157, 2380.44049289012, 2493.27871632782, 46.8057551575498, 81.6811402953431, 95.680042742057
1144, 1624.46838150364, 656.576795564838, 2380.44049289012, 2493.27871632782, 47.1941940057399, 82.3614910057585, 95.680042742057
1145, 1608.01949015512, 771.137355751606, 2380.44049289012, 2493.27871632782, 48.8965787723714, 85.3441479557655, 95.680042742057
1146, 1548.46310437879, 744.059604775348, 2380.44049289012, 2493.27871632782, 45.3708383989685, 79.1645815433688, 95.680042742057
1147, 1545.74646098641, 618.324947000651, 2380.44049289012, 2493.27871632782, 42.6019453800263, 74.3125486052712, 95.680042742057
1148, 1472.90021494742, 470.887530292032, 2380.44049289012, 2493.27871632782, 36.7436920013489, 64.0453318604087, 95.680042742057
1149, 1441.03499432209, 703.560117389443, 2380.44049289012, 2493.27871632782, 39.5241061349459, 68.9167308035998, 95.680042742057
1150, 1448.33089525142, 767.111697217267, 2380.44049289012, 2493.27871632782, 41.288550277677, 72.0088159442214, 95.680042742057
1151, 1350.51310430359, 518.63648079155, 2380.44049289012, 2493.27871632782, 32.1562028835872, 56.0044683736053, 95.680042742057
1152, 1339.15024342989, 513.009582239147, 2380.44049289012, 2493.27871632782, 31.5969256919649, 55.0242690952414, 95.680042742057
1153, 1293.85169316074, 509.685805413362, 2380.44049289012, 2493.27871632782, 29.7105569393324, 51.7181008639824, 95.680042742057
1154, 1260.93675949354, 298.228710645482, 2380.44049289012, 2493.27871632782, 25.7863675008929, 44.8410524993701, 95.680042742057
1155, 1244.63736079875, 41.8950841853224, 2380.44049289012, 2493.27871632782, 24.1032304991718, 41.8949923781431, 95.680042742057
1156, 1239.02136383299, 41.5139708218691, 2380.44049289012, 2493.27871632782, 23.8858556960233, 41.5140392884755, 95.680042742057
1157, 1207.05623769125, 39.3764253135754, 2380.44049289012, 2493.27871632782, 22.667058924469, 39.3779697266121, 95.680042742057
1158, 1229.55800613027, 40.8760087113064, 2380.44049289012, 2493.27871632782, 23.5215404759063, 40.8754940909625, 95.680042742057
1159, 1203.28373719162, 39.1281315378203, 2380.44049289012, 2493.27871632782, 22.525300256256, 39.1295143311664, 95.680042742057
1160, 1225.79227855315, 40.6234775967302, 2380.44049289012, 2493.27871632782, 23.3773984444162, 40.6228670039562, 95.680042742057
1161, 1197.64220404713, 38.7578445924203, 2380.44049289012, 2493.27871632782, 22.3141816927807, 38.7595060969549, 95.680042742057
1162, 1188.20866564196, 38.1438902043219, 2380.44049289012, 2493.27871632782, 21.9633097705128, 38.1445464071566, 95.680042742057
1163, 1208.85519137703, 39.4972513576056, 2380.44049289012, 2493.27871632782, 22.7346043696248, 39.496295672983, 95.680042742057
1164, 1180.71501987065, 37.6575808248081, 2380.44049289012, 2493.27871632782, 21.6867038206632, 37.6597816472925, 95.680042742057
1165, 1201.32928343985, 39.0019008396462, 2380.44049289012, 2493.27871632782, 22.4518687977633, 39.0007701435816, 95.680042742057
1166, 1193.84811262968, 38.5110135609965, 2380.44049289012, 2493.27871632782, 22.1726797208112, 38.5114878013289, 95.680042742057
1167, 1160.0470298688, 36.335004721749, 2380.44049289012, 2493.27871632782, 20.9327681022093, 36.3384390021113, 95.680042742057
1168, 1169.38090142051, 36.932835564626, 2380.44049289012, 2493.27871632782, 21.2714540865656, 36.931984775808, 95.680042742057
1169, 1208.82572296349, 39.496031265097, 2380.44049289012, 2493.27871632782, 22.7334229052477, 39.4942053230321, 95.680042742057
1170, 1176.96023407505, 37.4153756560573, 2380.44049289012, 2493.27871632782, 21.5487487804008, 37.4180041381436, 95.680042742057
1171, 1169.40541780516, 36.9329792405879, 2380.44049289012, 2493.27871632782, 21.2724053407598, 36.9336652288756, 95.680042742057
1172, 1197.55545869601, 38.7550730015111, 2380.44049289012, 2493.27871632782, 22.3107346765425, 38.7534099427945, 95.680042742057
1173, 1163.80529549181, 36.5736846365221, 2380.44049289012, 2493.27871632782, 21.0688706456658, 36.576971400724, 95.680042742057
1174, 1248.42624191863, 42.1531750414493, 2380.44049289012, 2493.27871632782, 24.2505568190869, 42.1532064760816, 95.680042742057
1175, 1235.26669056833, 41.2600416486231, 2380.44049289012, 2493.27871632782, 23.7410498364292, 41.2602567893636, 95.680042742057
1176, 1207.05031575265, 39.3761868097628, 2380.44049289012, 2493.27871632782, 22.6668216490876, 39.3775499649426, 95.680042742057
1177, 1190.16102197809, 38.2715648344881, 2380.44049289012, 2493.27871632782, 22.0351668660171, 38.2727064961868, 95.680042742057
1178, 1165.73131832646, 36.6983656825487, 2380.44049289012, 2493.27871632782, 21.1382268964547, 36.70068833314, 95.680042742057
1179, 1098.47828817644, 154.054721076332, 2380.44049289012, 2493.27871632782, 19.1208008912098, 33.1652697482885, 95.680042742057
1180, 1107.94489040006, 187.484221808317, 2380.44049289012, 2493.27871632782, 19.6237306328201, 34.0467534830279, 95.680042742057
1181, 922.251158318253, 130.215665660424, 2380.44049289012, 2493.27871632782, 13.4771859735132, 23.2779200430553, 95.680042742057
1182, 925.975460234223, 130.408069378388, 2380.44049289012, 2493.27871632782, 13.584965531964, 23.4668253364607, 95.680042742057
1183, 976.504797290612, 161.169837785346, 2380.44049289012, 2493.27871632782, 15.2194040958647, 26.3314863203591, 95.680042742057
1184, 1026.96861319833, 173.343428637235, 2380.44049289012, 2493.27871632782, 16.8547689491046, 29.1977503121165, 95.680042742057
1185, 633.513763365596, 148.342576600546, 2380.44049289012, 2493.27871632782, 6.57347844204235, 11.1840636917809, 95.680042742057
1186, 674.114089281455, 102.980497564858, 2380.44049289012, 2493.27871632782, 7.22072251041891, 12.3188273156954, 95.680042742057
1187, 716.570583174605, 92.9317571962322, 2380.44049289012, 2493.27871632782, 8.10719435757487, 13.8728705242478, 95.680042742057
1188, 792.568776119941, 100.7676494539, 2380.44049289012, 2493.27871632782, 9.9128074651937, 17.0382316738339, 95.680042742057
1189, 717.838653001032, 88.2480396562106, 2380.44049289012, 2493.27871632782, 8.12153848414801, 13.9015128819507, 95.680042742057
1190, 723.370616214375, 104.885490569423, 2380.44049289012, 2493.27871632782, 8.29539288909945, 14.2064003721139, 95.680042742057
1191, 686.265196868997, 61.4023857456728, 2380.44049289012, 2493.27871632782, 7.37003980188211, 12.5839343750561, 95.680042742057
1192, 736.518130807044, 140.509785862335, 2380.44049289012, 2493.27871632782, 8.72991066118711, 14.9681924535415, 95.680042742057
1193, 776.681077732741, 123.449682238572, 2380.44049289012, 2493.27871632782, 9.60402471657628, 16.5007501309865, 95.680042742057
1194, 884.672608724226, 168.208796549641, 2380.44049289012, 2493.27871632782, 12.595618689101, 21.7455623101065, 95.680042742057
1195, 884.642849546137, 156.473417477097, 2380.44049289012, 2493.27871632782, 12.5354375556454, 21.6400897996253, 95.680042742057
1196, 893.910827084526, 152.242676124357, 2380.44049289012, 2493.27871632782, 12.771224379122, 22.0534892634237, 95.680042742057
1197, 1.94477227347171, 146.706720076229, 2380.44049289012, 2493.27871632782, 0.338427974759792, 0.24327752789855, 95.680042742057
1198, 20.0766202991636, 146.739964718006, 2380.44049289012, 2493.27871632782, 0.344540315639674, 0.255034489854753, 95.680042742057
1199, 23.6957517754819, 149.070443224584, 2380.44049289012, 2493.27871632782, 0.357660030638501, 0.278219465209348, 95.680042742057
1200, 50.9775903400751, 167.92564937396, 2380.44049289012, 2493.27871632782, 0.481812548158336, 0.497255286695214, 95.680042742057
1201, 228.07098641474, 180.980014897786, 2380.44049289012, 2493.27871632782, 1.31683554200678, 1.96977235892293, 95.680042742057
1202, 231.821456763545, 206.889412523861, 2380.44049289012, 2493.27871632782, 1.4997464481365, 2.29038646363061, 95.680042742057
1203, 219.170711219048, 223.17585902832, 2380.44049289012, 2493.27871632782, 1.52015714959609, 2.32548054094014, 95.680042742057
1204, 219.299140522627, 239.671273629075, 2380.44049289012, 2493.27871632782, 1.63968649033431, 2.53488049238764, 95.680042742057
1205, 703.280719402835, 176.717010232353, 2380.44049289012, 2493.27871632782, 8.16463399137466, 13.9807382010655, 95.680042742057
1206, 740.373866415541, 194.653422629997, 2380.44049289012, 2493.27871632782, 9.10017923480246, 15.6211990259427, 95.680042742057
1207, 719.777751556485, 146.867516769514, 2380.44049289012, 2493.27871632782, 8.37886228353471, 14.3565635436888, 95.680042742057
1208, 790.562415521974, 203.799211841572, 2380.44049289012, 2493.27871632782, 10.3508556860216, 17.8142142183079, 95.680042742057
1209, 1279.15804364475, 196.400430547166, 2380.44049289012, 2493.27871632782, 26.0312891835817, 45.2921937681979, 95.680042742057
1210, 1345.5573878919, 238.857803893943, 2380.44049289012, 2493.27871632782, 29.0316295051159, 50.5517740874803, 95.680042742057
1211, 1322.62296356216, 199.522556220093, 2380.44049289012, 2493.27871632782, 27.8101038612279, 48.410606106137, 95.680042742057
1212, 1349.00598936271, 194.411458251246, 2380.44049289012, 2493.27871632782, 28.8752300451992, 50.2777914067574, 95.680042742057
1213, 1558.55018889438, 265.389208875238, 2380.44049289012, 2493.27871632782, 38.8698720461519, 67.7917556197366, 95.680042742057
1214, 1499.35613777022, 227.401840089958, 2380.44049289012, 2493.27871632782, 35.759392250086, 62.3393465080996, 95.680042742057
1215, 1501.36742557473, 255.812606563912, 2380.44049289012, 2493.27871632782, 36.0677246524931, 62.8795944297112, 95.680042742057
1216, 1452.01164599364, 242.378854613488, 2380.44049289012, 2493.27871632782, 33.6944212497193, 58.7193450350249, 95.680042742057
1217, 1488.88645716524, 280.756458315402, 2380.44049289012, 2493.27871632782, 35.6958935282515, 62.2288990744219, 95.680042742057
1218, 1414.55614007939, 234.701382523018, 2380.44049289012, 2493.27871632782, 31.9658312570738, 55.6903667186257, 95.680042742057
1219, 1431.99532431631, 283.235159900001, 2380.44049289012, 2493.27871632782, 33.1311304832031, 57.7328246653109, 95.680042742057
1220, 1386.31921646436, 256.077748094912, 2380.44049289012, 2493.27871632782, 30.8988936656103, 53.8199338317478, 95.680042742057
1221, 1664.52813259271, 307.916039076055, 2380.44049289012, 2493.27871632782, 44.5725539527345, 77.7776298571886, 95.680042742057
1222, 1680.30905715887, 349.643065665171, 2380.44049289012, 2493.27871632782, 45.8239290697166, 79.9712370659809, 95.680042742057
1223, 1647.31164001337, 296.898112868809, 2380.44049289012, 2493.27871632782, 43.5806372385922, 76.0391822055521, 95.680042742057
1224, 1666.45251527596, 315.169676325309, 2380.44049289012, 2493.27871632782, 44.7429458911533, 78.0763641230096, 95.680042742057
1225, 1681.82459912208, 217.544291353993, 2380.44049289012, 2493.27871632782, 44.7320031206998, 78.0531290866587, 95.680042742057
1226, 1601.205453066, 137.471087439325, 2380.44049289012, 2493.27871632782, 40.1646995404722, 70.0472099280314, 95.680042742057
1227, 1603.13664809501, 172.773050481376, 2380.44049289012, 2493.27871632782, 40.4325671250912, 70.5164626880491, 95.680042742057
1228, 1540.2489850258, 134.5458816076, 2380.44049289012, 2493.27871632782, 37.171081281409, 64.7997386387167, 95.680042742057
1229, 1546.14943070284, 177.250768571198, 2380.44049289012, 2493.27871632782, 37.6634122658498, 65.6625940785858, 95.680042742057
1230, 1530.94436727528, 161.901032286077, 2380.44049289012, 2493.27871632782, 36.8537172300561, 64.2434739874627, 95.680042742057
1231, 1502.39880292043, 154.824221717352, 2380.44049289012, 2493.27871632782, 35.4707258970888, 61.8193580435596, 95.680042742057
1232, 1548.25489921498, 210.325760213438, 2380.44049289012, 2493.27871632782, 37.9656313667047, 66.1922570479395, 95.680042742057
1233, 1483.56308976264, 195.515250068741, 2380.44049289012, 2493.27871632782, 34.8184174788672, 60.675883847136, 95.680042742057
1234, 1477.90733955007, 206.798727960627, 2380.44049289012, 2493.27871632782, 34.6286590082134, 60.3432200981604, 95.680042742057
1235, 1453.29281664449, 200.1241593423, 2380.44049289012, 2493.27871632782, 33.4633848709145, 58.3008568986077, 95.680042742057
1236, 1436.11605931147, 175.273427967204, 2380.44049289012, 2493.27871632782, 32.5449987984544, 56.6911761103276, 95.680042742057
1237, 1438.17919215202, 220.071722052392, 2380.44049289012, 2493.27871632782, 32.914092341584, 57.3379646541411, 95.680042742057
1238, 1362.27766025232, 193.047330786933, 2380.44049289012, 2493.27871632782, 29.4315056891335, 51.2340090139597, 95.680042742057
1239, 1392.8619902477, 240.071497546273, 2380.44049289012, 2493.27871632782, 31.061156208129, 54.0902443371633, 95.680042742057
1240, 1313.02058205896, 170.63186682621, 2380.44049289012, 2493.27871632782, 27.2535201079431, 47.4166897994102, 95.680042742057
1241, 1324.42766530354, 206.679328785485, 2380.44049289012, 2493.27871632782, 27.933940601619, 48.6091563249636, 95.680042742057
1242, 1301.92945018103, 205.069913066867, 2380.44049289012, 2493.27871632782, 27.0045732559731, 46.9803999825811, 95.680042742057
1243, 1230.15117147365, 188.305652367875, 2380.44049289012, 2493.27871632782, 24.0737622409012, 41.843746249538, 95.680042742057
1244, 1264.3043151094, 225.925852160233, 2380.44049289012, 2493.27871632782, 25.6425343706338, 44.59321439954, 95.680042742057
1245, 1186.61579692291, 138.495209800377, 2380.44049289012, 2493.27871632782, 22.1826708907311, 38.5293375637942, 95.680042742057
1246, 1199.7941965698, 160.453144842003, 2380.44049289012, 2493.27871632782, 22.7742877627913, 39.5661921943853, 95.680042742057
1247, 1139.43118772574, 79.3540676992807, 2380.44049289012, 2493.27871632782, 20.273866578851, 35.1838274242058, 95.680042742057
1248, 1143.17152265997, 88.9322527162486, 2380.44049289012, 2493.27871632782, 20.4318504444709, 35.4607108317122, 95.680042742057
1249, 1130.09016802566, 116.173093351583, 2380.44049289012, 2493.27871632782, 20.0568404486296, 34.8035698557819, 95.680042742057
1250, 1117.01550996897, 82.6336233275704, 2380.44049289012, 2493.27871632782, 19.49579043284, 33.8202449387887, 95.680042742057
1251, 1099.93927365479, 32.6282079588392, 2380.44049289012, 2493.27871632782, 18.8161395467078, 32.6288815155904, 95.680042742057
1252, 1081.21059595525, 31.5101664613708, 2380.44049289012, 2493.27871632782, 18.1798433495314, 31.513741142095, 95.680042742057
1253, 1077.44490253802, 31.2910320463728, 2380.44049289012, 2493.27871632782, 18.0531860963875, 31.2917652276892, 95.680042742057
1254, 1079.31215762407, 31.4020343187296, 2380.44049289012, 2493.27871632782, 18.1159006829805, 31.4016736648357, 95.680042742057
1255, 1077.44269429557, 31.2912619332691, 2380.44049289012, 2493.27871632782, 18.0531073931318, 31.2916268415641, 95.680042742057
1256, 1083.05576130633, 31.6236972080207, 2380.44049289012, 2493.27871632782, 18.2419833426489, 31.6226376905155, 95.680042742057
1257, 1099.91357610795, 32.6300823376258, 2380.44049289012, 2493.27871632782, 18.815200512406, 32.6272232274593, 95.680042742057
1258, 1055.01303126478, 29.9763259301012, 2380.44049289012, 2493.27871632782, 17.3082434548733, 29.9862336181017, 95.680042742057
1259, 1090.5170032186, 32.0716165468918, 2380.44049289012, 2493.27871632782, 18.4945223512957, 32.065214275286, 95.680042742057
1260, 1053.13204169024, 29.8696371124771, 2380.44049289012, 2493.27871632782, 17.2464668086403, 29.8779670538817, 95.680042742057
1261, 1060.57237131593, 30.30862063947, 2380.44049289012, 2493.27871632782, 17.4912914347326, 30.3070234451402, 95.680042742057
1262, 1077.42074089569, 31.293532381174, 2380.44049289012, 2493.27871632782, 18.052322136239, 31.2902462595385, 95.680042742057
1263, 1053.11747561684, 29.8716579874554, 2380.44049289012, 2493.27871632782, 17.2459570490847, 29.8770720826482, 95.680042742057
1264, 1069.92677516327, 30.8543998771297, 2380.44049289012, 2493.27871632782, 17.8016734716931, 30.8509758535249, 95.680042742057
1265, 1049.36865599376, 29.6572617124057, 2380.44049289012, 2493.27871632782, 17.1231956044207, 29.6619287997229, 95.680042742057
1266, 1047.47608128432, 29.5531046409735, 2380.44049289012, 2493.27871632782, 17.0613470541839, 29.5535359503116, 95.680042742057
1267, 1079.27694546133, 31.4055910575909, 2380.44049289012, 2493.27871632782, 18.1146389570408, 31.3994552122738, 95.680042742057
1268, 1051.24920077089, 29.7634760411898, 2380.44049289012, 2493.27871632782, 17.1847358466521, 29.7697805762087, 95.680042742057
1269, 1069.92462663208, 30.8546458447919, 2380.44049289012, 2493.27871632782, 17.8015970969566, 30.8508416365368, 95.680042742057
1270, 1129.87267070493, 34.4590532421849, 2380.44049289012, 2493.27871632782, 19.8558065788055, 34.4509230883402, 95.680042742057
1271, 1174.9673068146, 37.2932608261901, 2380.44049289012, 2493.27871632782, 21.4754328160244, 37.2894471901826, 95.680042742057
1272, 1133.76176785121, 34.6864957232736, 2380.44049289012, 2493.27871632782, 19.9932815923634, 34.6919125642476, 95.680042742057
1273, 1101.94089673867, 32.7451850760773, 2380.44049289012, 2493.27871632782, 18.8843716872572, 32.750512366888, 95.680042742057
1274, 1101.9010684213, 32.7479431544788, 2380.44049289012, 2493.27871632782, 18.8829141182614, 32.7479476160846, 95.680042742057
1275, 1058.82115747622, 48.8430048084508, 2380.44049289012, 2493.27871632782, 17.4563514962737, 30.2478234213482, 95.680042742057
1276, 1073.77755204185, 68.383859966884, 2380.44049289012, 2493.27871632782, 17.9881769671686, 31.1799630629346, 95.680042742057
1277, 830.723976655288, 44.0661405035706, 2380.44049289012, 2493.27871632782, 10.7484209413218, 18.4962089821195, 95.680042742057
1278, 812.177960635232, 22.2539955922254, 2380.44049289012, 2493.27871632782, 10.2522269780135, 17.6264397047694, 95.680042742057
1279, 800.979211495503, 21.7776371941687, 2380.44049289012, 2493.27871632782, 9.97109796441603, 17.1336975235615, 95.680042742057
1280, 806.529818494993, 31.3478902461253, 2380.44049289012, 2493.27871632782, 10.1177404916424, 17.3907730051386, 95.680042742057
1281, 795.253421377504, 19.1938241791892, 2380.44049289012, 2493.27871632782, 9.82730281089568, 16.8821996597521, 95.680042742057
1282, 828.605402566264, 55.6634683554562, 2380.44049289012, 2493.27871632782, 10.7116637576327, 18.4324140267159, 95.680042742057
1283, 826.887880679479, 20.5843473676461, 2380.44049289012, 2493.27871632782, 10.6256528193835, 18.28151447733, 95.680042742057
1284, 850.955314612263, 26.3764806083067, 2380.44049289012, 2493.27871632782, 11.2573412485823, 19.3887086251172, 95.680042742057
1285, 851.095437008195, 239.481403093641, 2380.44049289012, 2493.27871632782, 12.1438695154739, 20.9468000173726, 95.680042742057
1286, 862.156916942095, 216.455115922527, 2380.44049289012, 2493.27871632782, 12.2750288989952, 21.1767535431096, 95.680042742057
1287, 865.935220814217, 240.187076078298, 2380.44049289012, 2493.27871632782, 12.545146503819, 21.65018370647, 95.680042742057
1288, 725.931674173213, 86.2682023051802, 2380.44049289012, 2493.27871632782, 8.29878828525817, 14.20670072424, 95.680042742057
1289, -223.153073183987, 35.9345833304381, 2380.44049289012, 2493.27871632782, 0.806977949165186, 1.05973790456619, 95.680042742057
1290, -239.325273502453, 29.1501053410734, 2380.44049289012, 2493.27871632782, 0.917597499721372, 1.25278828322641, 95.680042742057
1291, -246.52569543257, 8.3013910300044, 2380.44049289012, 2493.27871632782, 0.960190025605469, 1.32708691683304, 95.680042742057
1292, -226.746220789274, 26.6610136422116, 2380.44049289012, 2493.27871632782, 0.823212823617357, 1.08802437690919, 95.680042742057
1293, 92.830522093127, 151.645060341529, 2380.44049289012, 2493.27871632782, 0.498450122499776, 0.533969179876337, 95.680042742057
1294, 60.0244587689529, 121.051058498371, 2380.44049289012, 2493.27871632782, 0.288699596646557, 0.16509373751976, 95.680042742057
1295, 60.0154758733886, 118.713629223082, 2380.44049289012, 2493.27871632782, 0.279863619750536, 0.149613343727159, 95.680042742057
1296, 56.3454967012394, 107.004407492879, 2380.44049289012, 2493.27871632782, 0.231592567106357, 0.0648858055771814, 95.680042742057
1297, 245.551925774834, 148.394036894235, 2380.44049289012, 2493.27871632782, 1.29361389033397, 1.93265785118662, 95.680042742057
1298, 210.766443948671, 117.505516796541, 2380.44049289012, 2493.27871632782, 0.915141682993042, 1.26829173902232, 95.680042742057
1299, 234.580795935418, 143.561476846957, 2380.44049289012, 2493.27871632782, 1.18870460721864, 1.74846117606395, 95.680042742057
1300, 219.938388789925, 131.661736670075, 2380.44049289012, 2493.27871632782, 1.03267574672529, 1.47456048457461, 95.680042742057
1301, 476.686365614073, 113.21762354203, 2380.44049289012, 2493.27871632782, 3.77168654187252, 6.27878916738716, 95.680042742057
1302, 496.968523463753, 127.807902116064, 2380.44049289012, 2493.27871632782, 4.13749288782282, 6.92028825753362, 95.680042742057
1303, 465.652718954243, 110.591530409218, 2380.44049289012, 2493.27871632782, 3.5990094502444, 5.97595273223238, 95.680042742057
1304, 454.536200340398, 82.265572020881, 2380.44049289012, 2493.27871632782, 3.35212410814321, 5.54300443644018, 95.680042742057
1305, 449.083488328251, 65.7863661548821, 2380.44049289012, 2493.27871632782, 3.23631513875316, 5.3392053990924, 95.680042742057
1306, 565.702534996681, 216.68399640644, 2380.44049289012, 2493.27871632782, 5.76816457033737, 9.77858493469325, 95.680042742057
1307, 504.546100708808, 151.458092982586, 2380.44049289012, 2493.27871632782, 4.36098187602979, 7.31138897025998, 95.680042742057
1308, 506.309531648528, 137.440697874739, 2380.44049289012, 2493.27871632782, 4.32520237603887, 7.24868465199014, 95.680042742057
1309, 746.314857131434, 162.197355003651, 2380.44049289012, 2493.27871632782, 9.17036945678612, 15.7400377498401, 95.680042742057
1310, 709.143166625783, 137.263236678529, 2380.44049289012, 2493.27871632782, 8.20166248529786, 14.0419232862931, 95.680042742057
1311, 722.231984456363, 165.895222365587, 2380.44049289012, 2493.27871632782, 8.63319064017626, 14.798351569213, 95.680042742057
1312, 757.649273330673, 200.233390075628, 2380.44049289012, 2493.27871632782, 9.65583517805, 16.590986232705, 95.680042742057
1313, 1130.22889624081, 191.632869144151, 2380.44049289012, 2493.27871632782, 20.6756398199983, 35.8947030890903, 95.680042742057
1314, 1145.42064202673, 218.451157924882, 2380.44049289012, 2493.27871632782, 21.3937154788203, 37.1532351097017, 95.680042742057
1315, 1128.46476668319, 205.662311623822, 2380.44049289012, 2493.27871632782, 20.7010174350083, 35.9393140177596, 95.680042742057
1316, 1132.13297380589, 196.490480939943, 2380.44049289012, 2493.27871632782, 20.7732776043196, 36.0659235897339, 95.680042742057
1317, 1131.02500074784, 231.644124371785, 2380.44049289012, 2493.27871632782, 20.9714258656295, 36.413447162293, 95.680042742057
1318, 1102.5748799703, 185.292056970562, 2380.44049289012, 2493.27871632782, 19.6657144929884, 34.1252032067049, 95.680042742057
1319, 1100.42768002573, 140.591029514915, 2380.44049289012, 2493.27871632782, 19.3609192207092, 33.5908986291087, 95.680042742057
1320, 1085.23484266013, 85.868560496357, 2380.44049289012, 2493.27871632782, 18.6419198969089, 32.3306348784958, 95.680042742057
1321, 1171.59015749574, 63.1783522859998, 2380.44049289012, 2493.27871632782, 21.6568515013494, 37.6118737079599, 95.680042742057
1322, 1197.92116335096, 76.5686205096662, 2380.44049289012, 2493.27871632782, 22.6689565661565, 39.385694040066, 95.680042742057
1323, 1160.32900981735, 48.4971353396001, 2380.44049289012, 2493.27871632782, 21.2173035958847, 36.8415934701919, 95.680042742057
1324, 1182.9088753907, 87.2147551539596, 2380.44049289012, 2493.27871632782, 22.1339221098446, 38.4479630395508, 95.680042742057
1325, 1164.14470174993, 83.7119793437669, 2380.44049289012, 2493.27871632782, 21.4310838617163, 37.2163104274091, 95.680042742057
1326, 1173.53078331543, 91.3198351043303, 2380.44049289012, 2493.27871632782, 21.7976494459318, 37.8587224514738, 95.680042742057
1327, 1184.9357494684, 124.769941980584, 2380.44049289012, 2493.27871632782, 22.3357937021428, 38.801894005352, 95.680042742057
1328, 1166.10531461587, 109.567538289566, 2380.44049289012, 2493.27871632782, 21.5823323188965, 37.4814999548405, 95.680042742057
1329, 1181.28515398, 150.289015274563, 2380.44049289012, 2493.27871632782, 22.3109102843436, 38.7583262340813, 95.680042742057
1330, 1136.01377425831, 93.6690898089422, 2380.44049289012, 2493.27871632782, 20.4404552939267, 35.4803394908992, 95.680042742057
1331, 1151.05208422376, 115.570983545949, 2380.44049289012, 2493.27871632782, 21.0545003666831, 36.5563325341808, 95.680042742057
1332, 1171.82421312901, 140.322304997703, 2380.44049289012, 2493.27871632782, 21.9145162886768, 38.0636301743798, 95.680042742057
1333, 1141.68992128027, 110.359992220041, 2380.44049289012, 2493.27871632782, 20.6979765149745, 35.9316446640259, 95.680042742057
1334, 1162.40071706334, 135.025938341448, 2380.44049289012, 2493.27871632782, 21.5450831456161, 37.4161582644752, 95.680042742057
1335, 1158.77392980016, 155.88398314314, 2380.44049289012, 2493.27871632782, 21.5085984064055, 37.3522981460102, 95.680042742057
1336, 1124.98548516124, 153.762663568318, 2380.44049289012, 2493.27871632782, 20.283303818846, 35.2049694618704, 95.680042742057
1337, 1108.28291625428, 190.228819659989, 2380.44049289012, 2493.27871632782, 19.8942474594259, 34.5231264288812, 95.680042742057
1338, 1059.17495635293, 114.723009924819, 2380.44049289012, 2493.27871632782, 17.854589171571, 30.948590928044, 95.680042742057
1339, 1064.72007263256, 107.959234709844, 2380.44049289012, 2493.27871632782, 18.0160492418493, 31.2313613666332, 95.680042742057
1340, 1070.38925410725, 119.969276661635, 2380.44049289012, 2493.27871632782, 18.2499276969169, 31.6412447097334, 95.680042742057
1341, 1055.41804789568, 119.096737884619, 2380.44049289012, 2493.27871632782, 17.745661118453, 30.7575427556309, 95.680042742057
1342, 1089.34674045846, 170.279025359069, 2380.44049289012, 2493.27871632782, 19.1253476071069, 33.1755013512548, 95.680042742057
1343, 1051.70801752385, 123.612011272485, 2380.44049289012, 2493.27871632782, 17.6399822977293, 30.572457723764, 95.680042742057
1344, 1085.56839330903, 165.369942633466, 2380.44049289012, 2493.27871632782, 18.9699378684578, 32.9031503161175, 95.680042742057
1345, 1066.67932396899, 124.491884969606, 2380.44049289012, 2493.27871632782, 18.1426612255008, 31.453396018736, 95.680042742057
1346, 1063.0157999516, 145.28089340963, 2380.44049289012, 2493.27871632782, 18.1085106367675, 31.3934866169861, 95.680042742057
1347, 1098.30230921134, 32.9350675338548, 2380.44049289012, 2493.27871632782, 18.9914601987816, 32.940462560451, 95.680042742057
1348, 1057.10119924874, 30.4793488065819, 2380.44049289012, 2493.27871632782, 17.5911545356491, 30.4864028726528, 95.680042742057
1349, 1060.79997692468, 30.7033786964444, 2380.44049289012, 2493.27871632782, 17.71462245575, 30.7027535792785, 95.680042742057
1350, 1058.93243936895, 30.593059670849, 2380.44049289012, 2493.27871632782, 17.6522106368584, 30.593378421917, 95.680042742057
1351, 1049.5743477576, 30.0465837698558, 2380.44049289012, 2493.27871632782, 17.3411140943713, 30.0481757749963, 95.680042742057
1352, 1081.38464739295, 31.9267664893835, 2380.44049289012, 2493.27871632782, 18.4099097745475, 31.9212540870612, 95.680042742057
1353, 1040.24396917433, 29.5025365655942, 2380.44049289012, 2493.27871632782, 17.0337270388363, 29.5094913490102, 95.680042742057
1354, 1068.26853891358, 31.1469027469253, 2380.44049289012, 2493.27871632782, 17.9653192723395, 31.1420922064879, 95.680042742057
1355, 1068.29922994194, 31.1439884420675, 2380.44049289012, 2493.27871632782, 17.9663832909151, 31.1439774527066, 95.680042742057
1356, 1043.97165274696, 29.719993006403, 2380.44049289012, 2493.27871632782, 17.1561997030014, 29.7241173636538, 95.680042742057
1357, 1086.99657600911, 32.2650035316524, 2380.44049289012, 2493.27871632782, 18.6017907949563, 32.2575263380855, 95.680042742057
1358, 1053.34630888706, 30.2616806563661, 2380.44049289012, 2493.27871632782, 17.4662015499439, 30.2674127007623, 95.680042742057
1359, 1064.53920772634, 30.9242529743612, 2380.44049289012, 2493.27871632782, 17.8399209830333, 30.9223388347809, 95.680042742057
1360, 1047.70931648478, 29.937257906106, 2380.44049289012, 2493.27871632782, 17.2794516187808, 29.9401153064852, 95.680042742057
1361, 1047.69164694717, 29.9390450367179, 2380.44049289012, 2493.27871632782, 17.2788509914884, 29.9390513119271, 95.680042742057
1362, 1072.02071955833, 31.368219664553, 2380.44049289012, 2493.27871632782, 18.0919530503288, 31.3640260008188, 95.680042742057
1363, 1047.71717423477, 29.9364630334265, 2380.44049289012, 2493.27871632782, 17.2797187247711, 29.9405884848948, 95.680042742057
1364, 1053.3045719874, 30.2658330232903, 2380.44049289012, 2493.27871632782, 17.4647750739004, 30.2648855770814, 95.680042742057
1365, 1060.79587528183, 30.703787171605, 2380.44049289012, 2493.27871632782, 17.7144811861287, 30.7025033321849, 95.680042742057
1366, 1055.18968682645, 30.3737879382456, 2380.44049289012, 2493.27871632782, 17.5274556623383, 30.3747433082362, 95.680042742057
1367, 1077.64587868883, 31.7020836690912, 2380.44049289012, 2493.27871632782, 18.2826315997909, 31.6982001747993, 95.680042742057
1368, 1049.59407992827, 30.0445972302456, 2380.44049289012, 2493.27871632782, 17.3417860780889, 30.0493661981098, 95.680042742057
1369, 991.688447334208, 26.7871449984985, 2380.44049289012, 2493.27871632782, 15.4778791937254, 26.7850566504361, 95.680042742057
1370, 926.330761293067, 23.3248726924786, 2380.44049289012, 2493.27871632782, 13.5024184318204, 23.322936361129, 95.680042742057
1371, 900.52428871761, 129.312558367817, 2380.44049289012, 2493.27871632782, 13.0169123526601, 22.4724419474417, 95.680042742057
1372, 878.199272860869, 140.007689930939, 2380.44049289012, 2493.27871632782, 12.4375374636417, 21.4572476387204, 95.680042742057
1373, 660.572242356362, 83.9495465712351, 2380.44049289012, 2493.27871632782, 6.97023242157724, 11.8788937349941, 95.680042742057
1374, 649.450690184287, 71.8734295654042, 2380.44049289012, 2493.27871632782, 6.71137974949692, 11.4251477402337, 95.680042742057
1375, 705.087630379053, 120.685565680636, 2380.44049289012, 2493.27871632782, 8.04500719496619, 13.762758611931, 95.680042742057
1376, 664.232871278413, 63.0941815225931, 2380.44049289012, 2493.27871632782, 6.99804659410702, 11.9275757364136, 95.680042742057
1377, 661.499466855509, 48.986589914054, 2380.44049289012, 2493.27871632782, 6.91599057968252, 11.7837858610486, 95.680042742057
1378, 668.948779311599, 74.9040099046924, 2380.44049289012, 2493.27871632782, 7.12264455800735, 12.1460949690676, 95.680042742057
1379, 680.085587810185, 89.3384078359497, 2380.44049289012, 2493.27871632782, 7.39637820027775, 12.6259388783779, 95.680042742057
1380, 717.233419613359, 125.849729042381, 2380.44049289012, 2493.27871632782, 8.33679143754352, 14.2743216425161, 95.680042742057
1381, 317.767600195032, 60.665214436522, 2380.44049289012, 2493.27871632782, 1.64397349834027, 2.54506052644059, 95.680042742057
1382, 330.616346765248, 79.5653100594102, 2380.44049289012, 2493.27871632782, 1.8166528942692, 2.84795224503879, 95.680042742057
1383, 317.755156162428, 53.669039640896, 2380.44049289012, 2493.27871632782, 1.63122909508107, 2.52269499961356, 95.680042742057
1384, 308.576831528025, 27.8798125782856, 2380.44049289012, 2493.27871632782, 1.50768203374782, 2.30591559242497, 95.680042742057
1385, 149.777076918941, 67.8155711577926, 2380.44049289012, 2493.27871632782, 0.424834083402632, 0.406393165532628, 95.680042742057
1386, 131.528399656743, 25.7266420944079, 2380.44049289012, 2493.27871632782, 0.282166746166352, 0.155789002945439, 95.680042742057
1387, 180.712990970042, 61.1122201929716, 2380.44049289012, 2493.27871632782, 0.571693340248531, 0.664482208876548, 95.680042742057
1388, 135.158364321088, 16.4417800546752, 2380.44049289012, 2493.27871632782, 0.291147888822072, 0.171579096389083, 95.680042742057
1389, 9.57449557900207, 13.610660812702, 2380.44049289012, 2493.27871632782, 0.00519479124188877, -0.332967576913758, 95.680042742057
1390, 47.6743600928016, 46.2809794722949, 2380.44049289012, 2493.27871632782, 0.0701347967216637, -0.217908907174904, 95.680042742057
1391, 27.7005314843736, 15.9592931285921, 2380.44049289012, 2493.27871632782, 0.0167908693934658, -0.312082487153372, 95.680042742057
1392, 76.7132813218959, 51.0439749292192, 2380.44049289012, 2493.27871632782, 0.133995874579978, -0.105113427288009, 95.680042742057
1393, -586.174277062969, 27.7077895317283, 2380.44049289012, 2493.27871632782, 5.41655163526632, 9.11152221311887, 95.680042742057
1394, -568.361126455442, 52.766742319793, 2380.44049289012, 2493.27871632782, 5.1255292815775, 8.6025907405291, 95.680042742057
1395, -602.160933295194, 16.6058202640158, 2380.44049289012, 2493.27871632782, 5.70699623475946, 9.61946278701534, 95.680042742057
1396, -575.508394582801, 29.692858417144, 2380.44049289012, 2493.27871632782, 5.22379658568052, 8.77444421939239, 95.680042742057
1397, -633.316517062499, 22.3113828754396, 2380.44049289012, 2493.27871632782, 6.31678552584711, 10.6812130659284, 95.680042742057
1398, -608.477166337029, 30.7659455245546, 2380.44049289012, 2493.27871632782, 5.83959806925619, 9.84678447828783, 95.680042742057
1399, -594.238846426878, 44.2720439592323, 2380.44049289012, 2493.27871632782, 5.58673849818638, 9.40462155347776, 95.680042742057
1400, -608.461439994068, 28.4460187783791, 2380.44049289012, 2493.27871632782, 5.83710046954399, 9.84241567008841, 95.680042742057
1401, 408.378384603052, 48.4903585782424, 2380.44049289012, 2493.27871632782, 2.65666734925536, 4.32222319866092, 95.680042742057
1402, 410.186401072765, 27.5702653131365, 2380.44049289012, 2493.27871632782, 2.65474640242043, 4.31880930445666, 95.680042742057
1403, 430.394738971496, 46.6711538367086, 2380.44049289012, 2493.27871632782, 2.94412580162005, 4.82637093716569, 95.680042742057
1404, 369.845734194044, 10.4068394749151, 2380.44049289012, 2493.27871632782, 2.14993540741851, 3.43333648909526, 95.680042742057
1405, 419.63744690239, 69.7375279522004, 2380.44049289012, 2493.27871632782, 2.84289790737324, 4.64842538818887, 95.680042742057
1406, 381.082590786643, 43.235970708708, 2380.44049289012, 2493.27871632782, 2.31051126220739, 3.71469119056117, 95.680042742057
1407, 439.927351942046, 105.261368687425, 2380.44049289012, 2493.27871632782, 3.21499964252072, 5.30097410849323, 95.680042742057
1408, 403.132068317993, 69.368622687797, 2380.44049289012, 2493.27871632782, 2.62868194489724, 4.27275146551992, 95.680042742057
1409, 481.922907292805, 66.6378416160583, 2380.44049289012, 2493.27871632782, 3.7189249106871, 6.1838586779657, 95.680042742057
1410, 516.955229881628, 93.2802297511869, 2380.44049289012, 2493.27871632782, 4.33620482590148, 7.26620981370296, 95.680042742057
1411, 480.103493822202, 66.5819197114217, 2380.44049289012, 2493.27871632782, 3.69130214368083, 6.13542411622888, 95.680042742057
1412, 516.969343613311, 97.9538465196338, 2380.44049289012, 2493.27871632782, 4.35052799447286, 7.29132586620778, 95.680042742057
1413, 982.491372881714, 98.5866445563846, 2380.44049289012, 2493.27871632782, 15.3349360595939, 26.5356975221648, 95.680042742057
1414, 995.674808192371, 127.372733920643, 2380.44049289012, 2493.27871632782, 15.8482850007597, 27.4354755938025, 95.680042742057
1415, 958.173258035122, 76.3149818199754, 2380.44049289012, 2493.27871632782, 14.5305675545153, 25.1260221147018, 95.680042742057
1416, 1025.64611362216, 136.109137471446, 2380.44049289012, 2493.27871632782, 16.838237693168, 29.1705322235163, 95.680042742057
1417, 1079.62042787711, 73.7817171420868, 2380.44049289012, 2493.27871632782, 18.4205131804319, 31.9400326832574, 95.680042742057
1418, 1134.13048599914, 107.505793224078, 2380.44049289012, 2493.27871632782, 20.4172008952831, 35.4394562789664, 95.680042742057
1419, 1109.70484473329, 91.9756879419856, 2380.44049289012, 2493.27871632782, 19.5052743581979, 33.8412567653488, 95.680042742057
1420, 1115.34092691197, 103.981003111686, 2380.44049289012, 2493.27871632782, 19.7399549863476, 34.2525081658126, 95.680042742057
1421, 1134.25819034309, 142.580863742802, 2380.44049289012, 2493.27871632782, 20.5606262838082, 35.6908267263246, 95.680042742057
1422, 1119.1578297119, 115.961831372629, 2380.44049289012, 2493.27871632782, 19.9160221309446, 34.5612191825006, 95.680042742057
1423, 1138.02497149631, 145.175743864425, 2380.44049289012, 2493.27871632782, 20.7072046511877, 35.9477438363272, 95.680042742057
1424, 1121.12839136003, 137.128941228972, 2380.44049289012, 2493.27871632782, 20.0703350028275, 34.8316861142942, 95.680042742057
1425, 1155.09475094374, 179.091650921547, 2380.44049289012, 2493.27871632782, 21.4974162583466, 37.3326769417411, 95.680042742057
1426, 1149.43400769394, 167.061844720211, 2380.44049289012, 2493.27871632782, 21.2262573357162, 36.8575937614563, 95.680042742057
1427, 1181.59039342139, 206.667901869327, 2380.44049289012, 2493.27871632782, 22.6404544870436, 39.3359853006899, 95.680042742057
1428, 1151.38333846693, 174.251561089372, 2380.44049289012, 2493.27871632782, 21.3357264968362, 37.0495331866463, 95.680042742057
1429, 1124.97299900805, 153.790250433733, 2380.44049289012, 2493.27871632782, 20.2829911087465, 35.2044629292675, 95.680042742057
1430, 1175.93613123833, 199.293739488587, 2380.44049289012, 2493.27871632782, 22.3833039629783, 38.885426956837, 95.680042742057
1431, 1117.43326252448, 153.299713979574, 2380.44049289012, 2493.27871632782, 20.0143762578068, 34.7336414576818, 95.680042742057
1432, 1149.48416661209, 183.445669072605, 2380.44049289012, 2493.27871632782, 21.3187822142563, 37.01965406743, 95.680042742057
1433, 1122.99087960913, 132.618878962726, 2380.44049289012, 2493.27871632782, 20.116913479587, 34.9134126864453, 95.680042742057
1434, 1134.33473258435, 156.670072597073, 2380.44049289012, 2493.27871632782, 20.6300727774563, 35.8126164269393, 95.680042742057
1435, 1124.8728565445, 137.380940766712, 2380.44049289012, 2493.27871632782, 20.2038309111176, 35.0656683015303, 95.680042742057
1436, 1119.33058235252, 155.733175185995, 2380.44049289012, 2493.27871632782, 20.0930813530652, 34.8715355665183, 95.680042742057
1437, 1128.85999926786, 184.481497682085, 2380.44049289012, 2493.27871632782, 20.5849799625309, 35.7336501586342, 95.680042742057
1438, 1115.79829170474, 193.08449451647, 2380.44049289012, 2493.27871632782, 20.1747175027095, 35.014732393213, 95.680042742057
1439, 1159.30035675195, 245.217402025458, 2380.44049289012, 2493.27871632782, 22.0939254110945, 38.3781798499892, 95.680042742057
1440, 1125.45650187827, 229.002873299597, 2380.44049289012, 2493.27871632782, 20.7550519800711, 36.0319422130039, 95.680042742057
1441, 1151.87630350358, 254.203787590861, 2380.44049289012, 2493.27871632782, 21.8946357279673, 38.0290135392989, 95.680042742057
1442, 1129.21533590907, 231.607342522419, 2380.44049289012, 2493.27871632782, 20.907428791239, 36.2990061505486, 95.680042742057
1443, 610.712529033632, 9.93941872575405, 2380.44049289012, 2493.27871632782, 5.86445293335178, 9.93600083357584, 95.680042742057
1444, 1130.19871896453, 34.8779854654076, 2380.44049289012, 2493.27871632782, 20.1124980971098, 34.9050920536075, 95.680042742057
1445, 1132.0816092031, 35.0233262855988, 2380.44049289012, 2493.27871632782, 20.1797459757088, 35.0230311981055, 95.680042742057
1446, 1135.83545072444, 35.2590509323923, 2380.44049289012, 2493.27871632782, 20.3140323020769, 35.2583775350062, 95.680042742057
1447, 1117.08645519124, 34.0874547003478, 2380.44049289012, 2493.27871632782, 19.6478035354787, 34.0907798708329, 95.680042742057
1448, 1107.69106189433, 33.5113121343747, 2380.44049289012, 2493.27871632782, 19.3181172089263, 33.512973282739, 95.680042742057
1449, 1115.17771954532, 33.9742455031516, 2380.44049289012, 2493.27871632782, 19.5805680611564, 33.9729219142338, 95.680042742057
1450, 1094.57121393307, 32.710803668486, 2380.44049289012, 2493.27871632782, 18.8624565055743, 32.714408138921, 95.680042742057
1451, 1098.2945898966, 32.9406522749215, 2380.44049289012, 2493.27871632782, 18.9911914644386, 32.9400041214551, 95.680042742057
1452, 1077.69403619345, 31.6976184549115, 2380.44049289012, 2493.27871632782, 18.2843162730886, 31.7011853167141, 95.680042742057
1453, 1031.01003577106, 105.992621589236, 2380.44049289012, 2493.27871632782, 16.8973375524376, 29.2708013289571, 95.680042742057
1454, 1032.87367997898, 103.76014479635, 2380.44049289012, 2493.27871632782, 16.9504644991728, 29.3638890649263, 95.680042742057
1455, 1027.22687389986, 91.7597595094094, 2380.44049289012, 2493.27871632782, 16.7302001613328, 28.9778452656565, 95.680042742057
1456, 1094.66585103899, 91.0378815776843, 2380.44049289012, 2493.27871632782, 18.9806227159274, 32.9217168802301, 95.680042742057
1457, 0.000435674528434557, -0.341801259132234, 2380.44049289012, 2493.27871632782, 1.32138229050623E-006, -0.341588152299477, 95.680042742057
1458, -5.81113545017331E-006, -0.341588165613217, 2380.44049289012, 2493.27871632782, 1.32665780993556E-006, -0.341588157814042, 95.680042742057
1459, -5.77300500535216E-006, -0.341588162387049, 2380.44049289012, 2493.27871632782, 1.32290804795991E-006, -0.341588156970527, 95.680042742057
1460, -5.77300500535216E-006, -0.341588162387049, 2380.44049289012, 2493.27871632782, 1.32298561401324E-006, -0.341588156974264, 95.680042742057
1461, -5.77300500535216E-006, -0.341588162387049, 2380.44049289012, 2493.27871632782, 1.32300288821616E-006, -0.341588156963151, 95.680042742057
1462, -5.77300500535216E-006, -0.341588162387049, 2380.44049289012, 2493.27871632782, 1.32300288821616E-006, -0.341588156963151, 95.680042742057
1463, -5.77300500535216E-006, -0.341588162387049, 2380.44049289012, 2493.27871632782, 1.32300288821616E-006, -0.341588156963151, 95.680042742057
1464, -5.77300500535216E-006, -0.341588162387049, 2380.44049289012, 2493.27871632782, 1.32300288821616E-006, -0.341588156963151, 95.680042742057
1465, -75.4376893327733, -0.187471719629889, 2380.44049289012, 2493.27871632782, 0.0894252789467232, -0.185493577652058, 95.680042742057
1466, -75.4353263185122, -0.185504022410739, 2380.44049289012, 2493.27871632782, 0.0894195195487052, -0.185504178367393, 95.680042742057
1467, -75.4353263147792, -0.185504184106259, 2380.44049289012, 2493.27871632782, 0.0894195165464506, -0.185504165596301, 95.680042742057
1468, -75.4353263147792, -0.185504184106259, 2380.44049289012, 2493.27871632782, 0.0894195159484576, -0.185504171037624, 95.680042742057
1469, -465.037302539773, 5.60085996465998, 2380.44049289012, 2493.27871632782, 3.39709129358552, 5.60132897954498, 95.680042742057
1470, -465.036250321307, 5.60129942613318, 2380.44049289012, 2493.27871632782, 3.39707511069037, 5.60129953450603, 95.680042742057
1471, 703.864946013936, 76.2282007014218, 2380.44049289012, 2493.27871632782, 7.87899379747215, 13.4746695483168, 95.680042742057
1472, 742.791328359577, 87.1449176873815, 2380.44049289012, 2493.27871632782, 8.79286833360985, 15.0766539280436, 95.680042742057
1473, 755.501396180408, 76.0053397863072, 2380.44049289012, 2493.27871632782, 9.06347884993049, 15.551873348615, 95.680042742057
1474, 859.59472414404, 87.6569893351984, 2380.44049289012, 2493.27871632782, 11.7383066370331, 20.2406899877462, 95.680042742057
1475, 913.563265013806, 83.31872798233, 2380.44049289012, 2493.27871632782, 13.2321387867634, 22.8592568476136, 95.680042742057
1476, 995.834132526494, 108.692475770541, 2380.44049289012, 2493.27871632782, 15.7812325769352, 27.3276590243414, 95.680042742057
1477, 1009.09702668668, 102.428001299563, 2380.44049289012, 2493.27871632782, 16.1787258366393, 28.0246634886012, 95.680042742057
1478, 1120.01079871388, 179.273135030793, 2380.44049289012, 2493.27871632782, 20.2381780298174, 35.1405883355635, 95.680042742057
1479, 1324.30623385426, 315.372900945807, 2380.44049289012, 2493.27871632782, 28.9179140320434, 50.3399282771379, 95.680042742057
1480, 1388.61956948858, 329.501854528556, 2380.44049289012, 2493.27871632782, 31.6685624148041, 55.1725904746622, 95.680042742057
1481, 412.106791611005, 235.918474323097, 2380.44049289012, 2493.27871632782, 3.50038737503734, 5.80343223937854, 95.680042742057
1482, 472.99864339541, 268.093456224026, 2380.44049289012, 2493.27871632782, 4.58918179444759, 7.71393946991553, 95.680042742057
1483, 491.27457097201, 247.374594303998, 2380.44049289012, 2493.27871632782, 4.69673917074409, 7.90329488416197, 95.680042742057
1484, 526.456422045904, 281.37100808016, 2380.44049289012, 2493.27871632782, 5.53213796298427, 9.36853462783105, 95.680042742057
1485, 1579.70783053318, 342.89464403131, 2380.44049289012, 2493.27871632782, 40.6393136224485, 70.8992940119155, 95.680042742057
1486, 1589.19458430554, 338.99550271504, 2380.44049289012, 2493.27871632782, 41.065906462765, 71.6473193224277, 95.680042742057
1487, 1572.01346574364, 320.952071922315, 2380.44049289012, 2493.27871632782, 40.0345626893986, 69.8395868758944, 95.680042742057
1488, 1583.38952675343, 343.183481173543, 2380.44049289012, 2493.27871632782, 40.8234158667517, 71.2220069773097, 95.680042742057
1489, 564.716638001258, 327.413494355558, 2380.44049289012, 2493.27871632782, 6.6162107014119, 11.2698181694277, 95.680042742057
1490, 500.166546069411, 306.556889700436, 2380.44049289012, 2493.27871632782, 5.34338625161589, 9.03669930628769, 95.680042742057
1491, 537.054211644475, 328.987333856318, 2380.44049289012, 2493.27871632782, 6.15898514583422, 10.4675355226788, 95.680042742057
1492, 568.653767725441, 356.007010188715, 2380.44049289012, 2493.27871632782, 6.98938136506736, 11.9238951305989, 95.680042742057
1493, 1182.59022663146, 374.022570199502, 2380.44049289012, 2493.27871632782, 23.9101779768986, 41.5867618562779, 95.680042742057
1494, 1221.92387426098, 352.949164423133, 2380.44049289012, 2493.27871632782, 25.1428671158945, 43.7485318136663, 95.680042742057
1495, 1263.62536054086, 377.176908939786, 2380.44049289012, 2493.27871632782, 27.0313130793528, 47.0592907925789, 95.680042742057
1496, 1256.14490636379, 381.401080361369, 2380.44049289012, 2493.27871632782, 26.7880326156575, 46.6326938891024, 95.680042742057
1497, 1361.03341874499, 419.950087184695, 2380.44049289012, 2493.27871632782, 31.5421429930995, 54.9648927772365, 95.680042742057
1498, 1391.11176408224, 403.242507916902, 2380.44049289012, 2493.27871632782, 32.6160959190414, 56.8481860522113, 95.680042742057
1499, 1358.26807055162, 346.141903896323, 2380.44049289012, 2493.27871632782, 30.5432246345964, 53.2146113581342, 95.680042742057
1500, 1432.63886939684, 394.622806853855, 2380.44049289012, 2493.27871632782, 34.3339869197304, 59.8603159933859, 95.680042742057
1501, 1442.35210683961, 393.028741844721, 2380.44049289012, 2493.27871632782, 34.7490107090979, 60.5886363773259, 95.680042742057
1502, 1480.7210735703, 424.695185280168, 2380.44049289012, 2493.27871632782, 36.8990913359795, 64.3580210106787, 95.680042742057
1503, 1448.56522083721, 424.471149372355, 2380.44049289012, 2493.27871632782, 35.4300448000644, 61.7823988707672, 95.680042742057
1504, 1446.5018599521, 414.777524247996, 2380.44049289012, 2493.27871632782, 35.2099715523403, 61.3966183833833, 95.680042742057
1505, 2188.48494116829, 507.720050971394, 2380.44049289012, 2493.27871632782, 77.6372920345876, 135.749762646176, 95.680042742057
1506, 2204.45081766011, 535.974436373829, 2380.44049289012, 2493.27871632782, 79.1740920418967, 138.443826782857, 95.680042742057
1507, 2204.58911170272, 550.337975078197, 2380.44049289012, 2493.27871632782, 79.4245802966089, 138.882732198447, 95.680042742057
1508, 2144.32431297534, 533.505416741459, 2380.44049289012, 2493.27871632782, 75.1044853267002, 131.308077828134, 95.680042742057
1509, 2190.19745368382, 536.622430184443, 2380.44049289012, 2493.27871632782, 78.2215351021244, 136.764957521597, 95.680042742057
1510, 2213.43699194418, 541.830640688725, 2380.44049289012, 2493.27871632782, 79.8848759211665, 139.681282472678, 95.680042742057
1511, 2061.33934551838, 468.859764462527, 2380.44049289012, 2493.27871632782, 68.7276899039818, 120.120118790192, 95.680042742057
1512, 2107.27544916727, 567.417962378215, 2380.44049289012, 2493.27871632782, 73.2556664073631, 128.056770172148, 95.680042742057
1513, 2079.21751790443, 399.480363802537, 2380.44049289012, 2493.27871632782, 68.9371564101639, 120.482601939015, 95.680042742057
1514, 2049.67498567928, 367.6056620461, 2380.44049289012, 2493.27871632782, 66.6791679254125, 116.523581263637, 95.680042742057
1515, 1937.06980245851, 298.443604324591, 2380.44049289012, 2493.27871632782, 59.0533539916956, 103.154624059429, 95.680042742057
1516, 1929.30988534299, 325.967044565323, 2380.44049289012, 2493.27871632782, 58.8563860706302, 102.808444058846, 95.680042742057
1517, 1856.35824585127, 311.310407916131, 2380.44049289012, 2493.27871632782, 54.4612409364643, 95.1037079849041, 95.680042742057
1518, 1794.61421317348, 274.418719292234, 2380.44049289012, 2493.27871632782, 50.6573114338561, 88.4354065533991, 95.680042742057
1519, 1791.18304070393, 323.703998375251, 2380.44049289012, 2493.27871632782, 50.9235965069602, 88.9017040952548, 95.680042742057
1520, 1698.89773485753, 269.980277668873, 2380.44049289012, 2493.27871632782, 45.4744786501884, 79.3499828165674, 95.680042742057
1521, 1712.60231384451, 313.781595805082, 2380.44049289012, 2493.27871632782, 46.5887547562504, 81.3028208581973, 95.680042742057
1522, 1658.65693273397, 254.491481843964, 2380.44049289012, 2493.27871632782, 43.2700933782773, 75.4858662061801, 95.680042742057
1523, 1650.98824459919, 277.378593639446, 2380.44049289012, 2493.27871632782, 43.0672046478627, 75.1298427076599, 95.680042742057
1524, 1566.88423529192, 213.437954904668, 2380.44049289012, 2493.27871632782, 38.4195429199205, 66.9835476228369, 95.680042742057
1525, 1590.1132268859, 274.349182185784, 2380.44049289012, 2493.27871632782, 40.0064107978752, 69.7647559993968, 95.680042742057
1526, 1509.97644960658, 232.192591739712, 2380.44049289012, 2493.27871632782, 35.8557610083383, 62.4896378384678, 95.680042742057
1527, 1506.54514486807, 283.788339237051, 2380.44049289012, 2493.27871632782, 36.1074942454251, 62.9306769198135, 95.680042742057
1528, 1489.54813228875, 301.275174430568, 2380.44049289012, 2493.27871632782, 35.4821785734466, 61.8345184351962, 95.680042742057
1529, 1451.57100079464, 284.052918537763, 2380.44049289012, 2493.27871632782, 33.6090869712311, 58.5516238604216, 95.680042742057
1530, 1459.6626052258, 339.091356245959, 2380.44049289012, 2493.27871632782, 34.5002878693618, 60.1135009737976, 95.680042742057
1531, 1411.3057126928, 217.259882987784, 2380.44049289012, 2493.27871632782, 31.3198618027794, 54.5393607210518, 95.680042742057
1532, 1428.78633866742, 284.626335880592, 2380.44049289012, 2493.27871632782, 32.6047260938864, 56.7911880162604, 95.680042742057
1533, 1351.0241459135, 255.109120433106, 2380.44049289012, 2493.27871632782, 29.0355150063604, 50.5355279801852, 95.680042742057
1534, 1366.44708138529, 294.024387800294, 2380.44049289012, 2493.27871632782, 30.0093424390471, 52.2422794857594, 95.680042742057
1535, 1340.10576937894, 318.043824805966, 2380.44049289012, 2493.27871632782, 29.139759826835, 50.7180065540835, 95.680042742057
1536, 1247.36293390669, 264.248715141471, 2380.44049289012, 2493.27871632782, 24.9681738563353, 43.4069708677338, 95.680042742057
1537, 1293.0535943987, 319.411727485843, 2380.44049289012, 2493.27871632782, 27.2484926718567, 47.4034754186781, 95.680042742057
1538, 1260.57503527222, 267.517733145904, 2380.44049289012, 2493.27871632782, 25.5042868422401, 44.346578608176, 95.680042742057
1539, 1244.63735918169, 41.8950839683964, 2380.44049289012, 2493.27871632782, 24.1032304314215, 41.8949922307059, 95.680042742057
1540, 1237.14083403986, 41.3867119807362, 2380.44049289012, 2493.27871632782, 23.8132665261053, 41.3868191541687, 95.680042742057
1541, 1197.65974230895, 38.7584100190924, 2380.44049289012, 2493.27871632782, 22.3148781932371, 38.7607382980428, 95.680042742057
1542, 1223.90353738978, 40.4971911093806, 2380.44049289012, 2493.27871632782, 23.3052551255342, 40.4964226841297, 95.680042742057
1543, 1201.39627308052, 39.0042610447329, 2380.44049289012, 2493.27871632782, 22.4545395698322, 39.0054939696286, 95.680042742057
1544, 1182.58134612993, 37.7787620053256, 2380.44049289012, 2493.27871632782, 21.7554121163409, 37.7801921929931, 95.680042742057
1545, 1205.0890807715, 39.249059259498, 2380.44049289012, 2493.27871632782, 22.5928886723859, 39.2479210694544, 95.680042742057
1546, 1161.93959564932, 36.4542301084505, 2380.44049289012, 2493.27871632782, 21.0012822131305, 36.458523345954, 95.680042742057
1547, 1195.66599661172, 38.6319094495028, 2380.44049289012, 2493.27871632782, 22.2402331229767, 38.629843440849, 95.680042742057
1548, 1195.71757616106, 38.6334649176424, 2380.44049289012, 2493.27871632782, 22.2422802570446, 38.633463075574, 95.680042742057
1549, 1160.04970755659, 36.3349969585136, 2380.44049289012, 2493.27871632782, 20.9328712841242, 36.3386211868425, 95.680042742057
1550, 1201.29741478388, 39.0007865362555, 2380.44049289012, 2493.27871632782, 22.4505986374063, 38.9985236860429, 95.680042742057
1551, 1173.19479486554, 37.1738285502951, 2380.44049289012, 2493.27871632782, 21.4108200534304, 37.1762667693249, 95.680042742057
1552, 1186.29419932693, 38.0211518643153, 2380.44049289012, 2493.27871632782, 21.8923774863503, 38.0202097596778, 95.680042742057
1553, 1203.21636243342, 39.1256469119116, 2380.44049289012, 2493.27871632782, 22.5226105403163, 39.1247563151966, 95.680042742057
1554, 1161.93690049922, 36.4542326630334, 2380.44049289012, 2493.27871632782, 21.0011782149795, 36.458339714497, 95.680042742057
1555, 1182.52251810037, 37.7776804483346, 2380.44049289012, 2493.27871632782, 21.7531037622654, 37.7761121814976, 95.680042742057
1556, 1188.18588746668, 38.1433536688568, 2380.44049289012, 2493.27871632782, 21.9624125170034, 38.1429598139266, 95.680042742057
1557, 1184.43913205667, 37.8999243918311, 2380.44049289012, 2493.27871632782, 21.8238947787489, 37.9002016675491, 95.680042742057
1558, 1265.38930491754, 43.3184117491986, 2380.44049289012, 2493.27871632782, 24.9154388587478, 43.3185106517641, 95.680042742057
1559, 1220.25388799448, 40.2517778905921, 2380.44049289012, 2493.27871632782, 23.1664798445636, 40.2532836262959, 95.680042742057
1560, 1240.86110753829, 41.6386865688441, 2380.44049289012, 2493.27871632782, 23.956875782704, 41.6384785928822, 95.680042742057
1561, 1099.69393706919, 32.6152977124833, 2380.44049289012, 2493.27871632782, 18.8068941596287, 32.6160743765083, 95.680042742057
1562, 1015.42337029431, 27.7501508139274, 2380.44049289012, 2493.27871632782, 16.0309034102174, 27.7507894848933, 95.680042742057
1563, 1047.91025062213, 209.772238799498, 2380.44049289012, 2493.27871632782, 17.7488847870303, 30.76227856909, 95.680042742057
1564, 1023.36487428531, 170.782537264641, 2380.44049289012, 2493.27871632782, 16.7269128545734, 28.9711196947877, 95.680042742057
1565, 568.944576059108, 143.866434205404, 2380.44049289012, 2493.27871632782, 5.3473727375242, 9.03321778655201, 95.680042742057
1566, 609.539053633117, 138.176954774104, 2380.44049289012, 2493.27871632782, 6.06553305181287, 10.29225805931, 95.680042742057
1567, 627.916741617453, 89.6317710405639, 2380.44049289012, 2493.27871632782, 6.2465908283498, 10.6095601422138, 95.680042742057
1568, 740.813686535716, 128.969479649345, 2380.44049289012, 2493.27871632782, 8.78122161396917, 15.0527394853503, 95.680042742057
1569, 341.334301774553, 154.593048986619, 2380.44049289012, 2493.27871632782, 2.17923281892883, 3.48268773770699, 95.680042742057
1570, 506.840388852456, 210.118217704361, 2380.44049289012, 2493.27871632782, 4.67338326325695, 7.85811647561708, 95.680042742057
1571, 565.799471884811, 214.24787081393, 2380.44049289012, 2493.27871632782, 5.68270585154593, 9.62855366108409, 95.680042742057
1572, 573.002125409796, 172.124021439516, 2380.44049289012, 2493.27871632782, 5.55695255410198, 9.40833555290832, 95.680042742057
1573, 777.444240355843, 210.287145604488, 2380.44049289012, 2493.27871632782, 10.0729965519697, 17.3273949951376, 95.680042742057
1574, 833.159992715743, 212.776888907981, 2380.44049289012, 2493.27871632782, 11.4837763281719, 19.8012637086807, 95.680042742057
1575, 919.032245060852, 242.806179345888, 2380.44049289012, 2493.27871632782, 14.0355101358712, 24.2753535033549, 95.680042742057
1576, 1018.24872683714, 274.058804328793, 2380.44049289012, 2493.27871632782, 17.2753344394544, 29.9558252386587, 95.680042742057
1577, 53.2168924269053, 264.342184679933, 2380.44049289012, 2493.27871632782, 1.13578714091452, 1.63962521109216, 95.680042742057
1578, 118.877472370751, 297.791838982444, 2380.44049289012, 2493.27871632782, 1.60222613492712, 2.46167482257033, 95.680042742057
1579, 127.226745008531, 397.293592638841, 2380.44049289012, 2493.27871632782, 2.70853357785058, 4.39955707462464, 95.680042742057
1580, 209.403831844081, 414.781239694775, 2380.44049289012, 2493.27871632782, 3.35747054405638, 5.54283034615972, 95.680042742057
1581, 385.197832337581, 436.787921772416, 2380.44049289012, 2493.27871632782, 5.26931112400705, 8.90595348825661, 95.680042742057
1582, 420.200449247919, 454.153707485546, 2380.44049289012, 2493.27871632782, 5.94716453838323, 10.0959833887757, 95.680042742057
1583, 431.354695022437, 463.940580685508, 2380.44049289012, 2493.27871632782, 6.23424626681362, 10.5997033036915, 95.680042742057
1584, 432.376627491776, 528.471949016116, 2380.44049289012, 2493.27871632782, 7.24352046803012, 12.3674160972231, 95.680042742057
1585, 485.336971288647, 654.756029110526, 2380.44049289012, 2493.27871632782, 10.321201163022, 17.7623461064651, 95.680042742057
1586, 485.135043309393, 729.640504160436, 2380.44049289012, 2493.27871632782, 11.930130312411, 20.5803328129918, 95.680042742057
1587, 531.854220918042, 760.069540800567, 2380.44049289012, 2493.27871632782, 13.3731951016621, 23.1119926878351, 95.680042742057
1588, 494.545775886646, 737.16669425641, 2380.44049289012, 2493.27871632782, 12.2450683703095, 21.1326845578171, 95.680042742057
1589, 1135.70300302567, 665.279868308596, 2380.44049289012, 2493.27871632782, 26.9321697945886, 46.8920804642745, 95.680042742057
1590, 1092.71599356708, 578.357163281679, 2380.44049289012, 2493.27871632782, 23.758128023992, 41.3286502544751, 95.680042742057
1591, 1184.84967622638, 586.667536219483, 2380.44049289012, 2493.27871632782, 27.1738241678767, 47.3186869125197, 95.680042742057
1592, -385.848344131437, 209.469755608601, 2380.44049289012, 2493.27871632782, 2.99709872416834, 4.88584145137113, 95.680042742057
1593, 257.03054223562, 365.45327111644, 2380.44049289012, 2493.27871632782, 3.10199102963161, 5.09904329784723, 95.680042742057
1594, 584.361884215297, 425.391102071649, 2380.44049289012, 2493.27871632782, 8.11360184318797, 13.8997918291853, 95.680042742057
1595, 649.438811104231, 458.599270081724, 2380.44049289012, 2493.27871632782, 9.81723742031907, 16.8886791534391, 95.680042742057
1596, 653.497430888182, 487.381517107307, 2380.44049289012, 2493.27871632782, 10.3227724502257, 17.7745252767916, 95.680042742057
1597, 1587.63848360177, 577.322876681581, 2380.44049289012, 2493.27871632782, 44.3945785173414, 77.4973462140015, 95.680042742057
1598, 1626.01678475488, 590.408781246446, 2380.44049289012, 2493.27871632782, 46.554295440175, 81.2840420595592, 95.680042742057
1599, 1653.42393100075, 645.106914693484, 2380.44049289012, 2493.27871632782, 48.5922401796239, 84.8305595672459, 95.680042742057
1600, 1653.84637464031, 671.377461837157, 2380.44049289012, 2493.27871632782, 48.9705875327701, 85.513459280941, 95.680042742057
1601, 2047.42185317699, 784.889051684445, 2380.44049289012, 2493.27871632782, 73.9627151673078, 129.314771152996, 95.680042742057
1602, 1963.91461500525, 760.931857035333, 2380.44049289012, 2493.27871632782, 68.2297833747295, 119.263290168313, 95.680042742057
1603, 2004.95801044628, 860.276056840251, 2380.44049289012, 2493.27871632782, 73.2253583324931, 128.01945430892, 95.680042742057
1604, 1920.25174140264, 858.245342400593, 2380.44049289012, 2493.27871632782, 68.0486279777855, 118.942878719172, 95.680042742057
1605, 2154.99587641016, 890.213425771069, 2380.44049289012, 2493.27871632782, 83.6600443827541, 146.299680155737, 95.680042742057
1606, 2134.98230683709, 865.847289827931, 2380.44049289012, 2493.27871632782, 81.6766342310936, 142.82187826907, 95.680042742057
1607, 2106.97599598351, 927.109779458329, 2380.44049289012, 2493.27871632782, 80.8475620893028, 141.322295937502, 95.680042742057
1608, 2111.07208887502, 942.182439541239, 2380.44049289012, 2493.27871632782, 81.5420220193721, 142.538299555846, 95.680042742057
1609, 2151.16898674252, 832.392720665992, 2380.44049289012, 2493.27871632782, 81.1751867942155, 141.887744128314, 95.680042742057
1610, 2113.09850275322, 701.801195315957, 2380.44049289012, 2493.27871632782, 75.6261712627729, 132.164540013733, 95.680042742057
1611, 2043.36465312694, 703.345829782698, 2380.44049289012, 2493.27871632782, 71.2302426173251, 124.45931099242, 95.680042742057
1612, 2005.04389295423, 711.145083634886, 2380.44049289012, 2493.27871632782, 69.0296398424806, 120.602423569021, 95.680042742057
1613, 1989.76610779197, 728.704073848489, 2380.44049289012, 2493.27871632782, 68.4833435966979, 119.644254207229, 95.680042742057
1614, 1899.38357795129, 726.224419878587, 2380.44049289012, 2493.27871632782, 63.0595109167438, 110.138960848986, 95.680042742057
1615, 1865.07118962194, 737.1468925911, 2380.44049289012, 2493.27871632782, 61.3314796680945, 107.110297531892, 95.680042742057
1616, 1859.66810808318, 833.600463887516, 2380.44049289012, 2493.27871632782, 63.3405079875456, 110.629280035006, 95.680042742057
1617, 1816.92313737064, 807.373977984812, 2380.44049289012, 2493.27871632782, 60.2827986372782, 105.271515902583, 95.680042742057
1618, 1793.95553562342, 805.084641623615, 2380.44049289012, 2493.27871632782, 58.960108586509, 102.953608615812, 95.680042742057
1619, 1747.91459822671, 725.369846189077, 2380.44049289012, 2493.27871632782, 54.6046119154055, 95.3219915406418, 95.680042742057
1620, 1718.71257613655, 611.64929249676, 2380.44049289012, 2493.27871632782, 50.734508593412, 88.5412181899473, 95.680042742057
1621, 1653.37255914782, 308.311852214096, 2380.44049289012, 2493.27871632782, 43.4688110720168, 75.8338199261886, 95.680042742057
1622, 1640.5302842287, 356.863243044759, 2380.44049289012, 2493.27871632782, 43.3166599757873, 75.5669143218489, 95.680042742057
1623, 1575.71954915062, 351.137399091328, 2380.44049289012, 2493.27871632782, 40.0472907197338, 69.8362728920315, 95.680042742057
1624, 1560.51927458798, 349.832055123191, 2380.44049289012, 2493.27871632782, 39.2999310939034, 68.5262886301174, 95.680042742057
1625, 1516.19394760275, 294.033993387634, 2380.44049289012, 2493.27871632782, 36.6476787366657, 63.8775893952231, 95.680042742057
1626, 1474.50687873463, 292.987207800228, 2380.44049289012, 2493.27871632782, 34.7210269151423, 60.5006386925473, 95.680042742057
1627, 1423.43898329013, 317.282579244483, 2380.44049289012, 2493.27871632782, 32.6736348916535, 56.9119461020215, 95.680042742057
1628, 1370.44366142891, 313.228628628408, 2380.44049289012, 2493.27871632782, 30.3574472360579, 52.8524094665349, 95.680042742057
1629, 1342.21615381196, 327.683313781182, 2380.44049289012, 2493.27871632782, 29.3229354317116, 51.0391956639665, 95.680042742057
1630, 1324.64770252508, 262.619108518622, 2380.44049289012, 2493.27871632782, 28.0105042968881, 48.7390555048977, 95.680042742057
1631, 1317.09042052041, 262.073018150869, 2380.44049289012, 2493.27871632782, 27.6991567710843, 48.1933512004384, 95.680042742057
1632, 1296.39073501854, 272.384290736833, 2380.44049289012, 2493.27871632782, 26.9524615034969, 46.8846383210522, 95.680042742057
1633, 1309.66876248487, 294.578890362392, 2380.44049289012, 2493.27871632782, 27.6780822919307, 48.1563287424209, 95.680042742057
1634, 1300.43566296998, 303.372897180162, 2380.44049289012, 2493.27871632782, 27.3889311553169, 47.6496023814421, 95.680042742057
1635, 1286.00152397561, 44.5523646787846, 2380.44049289012, 2493.27871632782, 25.6217401898006, 44.552184016948, 95.680042742057
1636, 1272.92878992409, 43.8409030724099, 2380.44049289012, 2493.27871632782, 25.2137083170771, 43.8411521093877, 95.680042742057
1637, 1278.58498542224, 44.2359460850128, 2380.44049289012, 2493.27871632782, 25.4388965778876, 44.2359608290474, 95.680042742057
1638, 1263.53605072628, 43.190373338181, 2380.44049289012, 2493.27871632782, 24.8424388305331, 43.1906038614873, 95.680042742057
1639, 1250.33865277739, 42.2835394984507, 2380.44049289012, 2493.27871632782, 24.3251319738748, 42.2839427468802, 95.680042742057
1640, 1255.96021319227, 42.6689318496232, 2380.44049289012, 2493.27871632782, 24.5447297105498, 42.6687958688152, 95.680042742057
1641, 1246.5635277108, 42.0260002729036, 2380.44049289012, 2493.27871632782, 24.1781492875552, 42.0263292025033, 95.680042742057
1642, 1225.86253174274, 40.6267039216528, 2380.44049289012, 2493.27871632782, 23.3802562115262, 40.6279243723391, 95.680042742057
1643, 1242.75129140838, 41.7674548025873, 2380.44049289012, 2493.27871632782, 24.0300819372147, 41.7667885930603, 95.680042742057
1644, 1231.49657758152, 41.0055390887864, 2380.44049289012, 2493.27871632782, 23.5960550432683, 41.0061300303021, 95.680042742057
1645, 1214.56058119339, 39.8731054289198, 2380.44049289012, 2493.27871632782, 22.9502764669345, 39.8743255523713, 95.680042742057
1646, 1237.09103750753, 41.3842362981115, 2380.44049289012, 2493.27871632782, 23.8112218446224, 41.3832002636902, 95.680042742057
1647, 1231.48730890679, 41.0051649791684, 2380.44049289012, 2493.27871632782, 23.5956763294985, 41.0054598561934, 95.680042742057
1648, 1225.83809244808, 40.625832428726, 2380.44049289012, 2493.27871632782, 23.3792619892747, 40.626165487511, 95.680042742057
1649, 1242.75126202455, 41.7674532836935, 2380.44049289012, 2493.27871632782, 24.030080967845, 41.766786744382, 95.680042742057
1650, 1252.18456425387, 42.4102468090295, 2380.44049289012, 2493.27871632782, 24.3970605666375, 42.4099790083228, 95.680042742057
1651, 1220.23214458491, 40.2496299863515, 2380.44049289012, 2493.27871632782, 23.1656002848207, 40.2517234422724, 95.680042742057
1652, 1250.26522351967, 42.2794711002823, 2380.44049289012, 2493.27871632782, 24.3220848865376, 42.2785479874527, 95.680042742057
1653, 1276.66192820031, 44.1014642803239, 2380.44049289012, 2493.27871632782, 25.3621742767726, 44.1014627497297, 95.680042742057
1654, 1291.77313073323, 45.1621301728957, 2380.44049289012, 2493.27871632782, 25.9674900905718, 45.1623945687702, 95.680042742057
1655, 1286.15081445408, 44.7664928831912, 2380.44049289012, 2493.27871632782, 25.7415518958627, 44.7664322532386, 95.680042742057
1656, 1280.49148924613, 44.3694415921395, 2380.44049289012, 2493.27871632782, 25.515031018667, 44.3694167055168, 95.680042742057
1657, 1237.68838761904, 41.4235820301432, 2380.44049289012, 2493.27871632782, 23.8339520060853, 41.4255218188945, 95.680042742057
1658, 1169.98033240052, 36.9637236389782, 2380.44049289012, 2493.27871632782, 21.2930157467619, 36.9720999383699, 95.680042742057
1659, 1181.70587864625, 189.78563888541, 2380.44049289012, 2493.27871632782, 22.2642556792656, 38.6746423807765, 95.680042742057
1660, 1187.41466997489, 206.608985682519, 2380.44049289012, 2493.27871632782, 22.5786879435279, 39.2257505941504, 95.680042742057
1661, 1161.77194710931, 200.248861804014, 2380.44049289012, 2493.27871632782, 21.6011442301547, 37.5138977029721, 95.680042742057
1662, 1225.92712246648, 237.416651341041, 2380.44049289012, 2493.27871632782, 24.237829470901, 42.1351175246724, 95.680042742057
1663, 1295.78219625891, 251.710552216177, 2380.44049289012, 2493.27871632782, 27.0877073508431, 47.1301025866448, 95.680042742057
1664, 1403.79878207532, 283.374060972775, 2380.44049289012, 2493.27871632782, 31.8901819081391, 55.5476147471835, 95.680042742057
1665, 901.386022336561, 256.050298856916, 2380.44049289012, 2493.27871632782, 13.6406961668992, 23.5751437807627, 95.680042742057
1666, 1024.87938707338, 288.594693166012, 2380.44049289012, 2493.27871632782, 17.6153387600943, 30.5428360770495, 95.680042742057
1667, 1088.53389944906, 294.684154808574, 2380.44049289012, 2493.27871632782, 19.7625984854673, 34.3071228491726, 95.680042742057
1668, 1172.93466461383, 288.155861548316, 2380.44049289012, 2493.27871632782, 22.6720017109606, 39.4075843924965, 95.680042742057
1669, 1179.08574786744, 359.561817534923, 2380.44049289012, 2493.27871632782, 23.6178350949038, 41.0670747574997, 95.680042742057
1670, 1309.46711828135, 392.331817170509, 2380.44049289012, 2493.27871632782, 29.0504241402674, 50.5909176855411, 95.680042742057
1671, 1310.83483209522, 347.353421868137, 2380.44049289012, 2493.27871632782, 28.5873669740718, 49.7796391824412, 95.680042742057
1672, 1390.25748175159, 350.947753548413, 2380.44049289012, 2493.27871632782, 31.9650974929788, 55.7014088958489, 95.680042742057
1673, 2114.43354066104, 561.104457047521, 2380.44049289012, 2493.27871632782, 73.6093172480322, 128.689076073454, 95.680042742057
1674, 2106.64402444289, 553.021131534876, 2380.44049289012, 2493.27871632782, 72.9638232836991, 127.557465400314, 95.680042742057
1675, 2143.85794405695, 583.772773735944, 2380.44049289012, 2493.27871632782, 75.9408532931848, 132.776676192337, 95.680042742057
1676, 2157.442357844, 587.787509470504, 2380.44049289012, 2493.27871632782, 76.9137784333156, 134.482645229477, 95.680042742057
1677, 1449.8145120156, 492.903999912284, 2380.44049289012, 2493.27871632782, 36.0239303316413, 62.8194941738497, 95.680042742057
1678, 1415.74136817069, 485.422028070695, 2380.44049289012, 2493.27871632782, 34.4099870088166, 59.9897630549543, 95.680042742057
1679, 1452.03318007018, 514.591170099994, 2380.44049289012, 2493.27871632782, 36.4595880290048, 63.5828814197401, 95.680042742057
1680, 1431.44523137188, 536.841577229741, 2380.44049289012, 2493.27871632782, 35.9068112052675, 62.6130964102904, 95.680042742057
1681, 1278.6304576999, 561.2977955159, 2380.44049289012, 2493.27871632782, 29.9506825228121, 52.1743833127279, 95.680042742057
1682, 1262.52845755457, 608.172685638841, 2380.44049289012, 2493.27871632782, 30.165381374378, 52.5496768563785, 95.680042742057
1683, 1191.80323660815, 545.752319255522, 2380.44049289012, 2493.27871632782, 26.3881158995211, 45.9279488873653, 95.680042742057
1684, 1192.62405978048, 481.251386430235, 2380.44049289012, 2493.27871632782, 25.3986108647211, 44.1943238611726, 95.680042742057
1685, 1491.41051656844, 510.634132613932, 2380.44049289012, 2493.27871632782, 38.1797374693359, 66.5988696491076, 95.680042742057
1686, 1435.47475648587, 563.544817521842, 2380.44049289012, 2493.27871632782, 36.537347454173, 63.7181416746487, 95.680042742057
1687, 1447.5846800995, 602.923388531213, 2380.44049289012, 2493.27871632782, 37.7820430535173, 65.8996848451706, 95.680042742057
1688, 1687.6238628228, 705.913942211989, 2380.44049289012, 2493.27871632782, 51.4411506726456, 89.8475984340894, 95.680042742057
1689, 1920.2166702454, 746.433675897116, 2380.44049289012, 2493.27871632782, 65.2736713894311, 114.094854813752, 95.680042742057
1690, 1896.47558574288, 717.271191668371, 2380.44049289012, 2493.27871632782, 63.2192936581622, 110.493386526728, 95.680042742057
1691, 1961.92451266202, 719.513213901672, 2380.44049289012, 2493.27871632782, 67.1587034481515, 117.401220753795, 95.680042742057
1692, 1940.70219152601, 707.578797744197, 2380.44049289012, 2493.27871632782, 65.6209383293192, 114.705368180829, 95.680042742057
1693, 2473.15152348777, 763.878055526978, 2473.15152348777, 2588.43353050558, 103.123825608439, 180.456949763412, 103.123825608439
1694, 2534.57070243383, 804.926539422596, 2534.57070243383, 2659.31483271589, 107.951765494961, 188.849184343298, 107.951765494961
1695, 2552.58124197847, 822.046317618842, 2552.58124197847, 2681.68438583123, 109.778507407472, 192.052159280369, 109.778507407472
1696, 2468.04771652209, 807.767195834733, 2552.58124197847, 2681.68438583123, 102.932005805187, 180.04788789859, 109.778507407472
1697, 2691.83340097663, 863.569271525655, 2691.83340097663, 2826.96284824134, 121.573824181891, 212.805737081794, 121.573824181891
1698, 2601.12233255505, 833.268666281505, 2691.83340097663, 2826.96284824134, 113.488466342012, 198.607060988985, 121.573824181891
1699, 2510.94270116806, 834.994321706262, 2691.83340097663, 2826.96284824134, 106.51002019557, 186.360738426413, 121.573824181891
1700, 2503.86450077886, 953.403207331795, 2691.83340097663, 2826.96284824134, 109.187213790288, 191.066317526973, 121.573824181891
1701, 2374.31827408851, 901.65236066474, 2691.83340097663, 2826.96284824134, 98.1059657272572, 171.620596673389, 121.573824181891
1702, 2355.12252151105, 989.55976599869, 2691.83340097663, 2826.96284824134, 99.2550412362052, 173.635839578843, 121.573824181891
1703, 2302.06759663665, 965.528110640538, 2691.83340097663, 2826.96284824134, 94.7772506728288, 165.780557684691, 121.573824181891
1704, 2231.15952350162, 802.759819434887, 2691.83340097663, 2826.96284824134, 85.4835806870581, 149.487746260208, 121.573824181891
1705, 2240.42896604372, 685.296778786966, 2691.83340097663, 2826.96284824134, 83.447162385132, 145.914998228782, 121.573824181891
1706, 2116.90031102936, 528.641932510214, 2691.83340097663, 2826.96284824134, 72.3453481438058, 126.45135239829, 121.573824181891
1707, 2115.35834655365, 554.791263720842, 2691.83340097663, 2826.96284824134, 72.6783993624603, 127.034586991588, 121.573824181891
1708, 2036.9797691152, 481.313741909791, 2691.83340097663, 2826.96284824134, 66.5631052391166, 116.314311141733, 121.573824181891
1709, 2033.05398907127, 605.352559070189, 2691.83340097663, 2826.96284824134, 68.3762302349002, 119.490566293922, 121.573824181891
1710, 1930.2331244043, 553.374694929194, 2691.83340097663, 2826.96284824134, 61.2572187306115, 107.011082077743, 121.573824181891
1711, 1958.75521399792, 647.682138576568, 2691.83340097663, 2826.96284824134, 64.6717940135885, 112.995392651266, 121.573824181891
1712, 1873.82270056061, 621.868083944848, 2691.83340097663, 2826.96284824134, 59.2197861217181, 103.438234243963, 121.573824181891
1713, 1865.3770701402, 683.61201903191, 2691.83340097663, 2826.96284824134, 59.9675313846401, 104.747920295079, 121.573824181891
1714, 1816.27468103099, 620.820780606818, 2691.83340097663, 2826.96284824134, 55.9692095938236, 97.739809568307, 121.573824181891
1715, 1856.40669592024, 714.074805784067, 2691.83340097663, 2826.96284824134, 60.1082832412537, 104.994088882774, 121.573824181891
1716, 1775.32973290923, 679.374440676709, 2691.83340097663, 2826.96284824134, 54.8922603298784, 95.8511295000142, 121.573824181891
1717, 1812.7030392765, 728.977511583235, 2691.83340097663, 2826.96284824134, 57.9963844501109, 101.291731684162, 121.573824181891
1718, 1741.57298576088, 615.89510892378, 2691.83340097663, 2826.96284824134, 51.8336950645487, 90.4904012779233, 121.573824181891
1719, 1707.23754231247, 629.415168151881, 2691.83340097663, 2826.96284824134, 50.2885347221604, 87.7812098424994, 121.573824181891
1720, 1626.33739686707, 583.581462390575, 2691.83340097663, 2826.96284824134, 45.3404203716741, 79.1083936977217, 121.573824181891
1721, 1683.32842829575, 755.15556034709, 2691.83340097663, 2826.96284824134, 51.707326584723, 90.2668800721488, 121.573824181891
1722, 1589.13492604117, 717.560058132306, 2691.83340097663, 2826.96284824134, 46.1760740003369, 80.5718319388695, 121.573824181891
1723, 1632.68453585286, 714.231517124853, 2691.83340097663, 2826.96284824134, 48.2364842452751, 84.1835451474137, 121.573824181891
1724, 1560.7718961377, 635.496443155525, 2691.83340097663, 2826.96284824134, 43.1270265664011, 75.2282371491759, 121.573824181891
1725, 1555.93850633442, 770.333993402436, 2691.83340097663, 2826.96284824134, 45.7827718069663, 79.8816371829921, 121.573824181891
1726, 1520.95343019958, 728.609769109725, 2691.83340097663, 2826.96284824134, 43.194635301117, 75.3457885224187, 121.573824181891
1727, 1490.35503908685, 627.165534872358, 2691.83340097663, 2826.96284824134, 39.7004247945993, 69.2222177359366, 121.573824181891
1728, 1445.83725757324, 582.725000053838, 2691.83340097663, 2826.96284824134, 36.8948194788341, 64.3049912960857, 121.573824181891
1729, 1377.74825370482, 587.036428365129, 2691.83340097663, 2826.96284824134, 34.0493745599778, 59.3177289234523, 121.573824181891
1730, 1382.37535343019, 633.055001190335, 2691.83340097663, 2826.96284824134, 35.0975770355684, 61.1546084230088, 121.573824181891
1731, 1346.18198288225, 48.4827367255449, 2691.83340097663, 2826.96284824134, 27.8642450445294, 48.482383210874, 121.573824181891
1732, 1378.28366148105, 50.844215638285, 2691.83340097663, 2826.96284824134, 29.2121285877878, 50.844793532443, 121.573824181891
1733, 1376.46211356927, 50.7096554551269, 2691.83340097663, 2826.96284824134, 29.134974399896, 50.7096287834335, 121.573824181891
1734, 1357.59001158583, 49.315810934498, 2691.83340097663, 2826.96284824134, 28.3397977241245, 49.3159438301885, 121.573824181891
1735, 1368.87177092056, 50.146453654232, 2691.83340097663, 2826.96284824134, 28.8137136981486, 50.1465268788405, 121.573824181891
1736, 1333.0604231795, 47.5320772015172, 2691.83340097663, 2826.96284824134, 27.322752290366, 47.5333941797999, 121.573824181891
1737, 1334.87725134672, 47.6639804790584, 2691.83340097663, 2826.96284824134, 27.3972542962479, 47.6639156590444, 121.573824181891
1738, 1276.68067111767, 44.1029410339233, 2691.83340097663, 2826.96284824134, 25.3629672638946, 44.1028697019078, 121.573824181891
1739, 1301.19133771821, 45.8292426811292, 2691.83340097663, 2826.96284824134, 26.3483127213267, 45.829836949459, 121.573824181891
1740, 1340.82170372113, 48.6893641962653, 2691.83340097663, 2826.96284824134, 27.9814297226709, 48.6921502506278, 121.573824181891
1741, 1276.71365749692, 44.1053726765511, 2691.83340097663, 2826.96284824134, 25.3643643205777, 44.1053536395665, 121.573824181891
1742, 1293.65667895561, 45.2952235125527, 2691.83340097663, 2826.96284824134, 26.043427378219, 45.2954853669199, 121.573824181891
1743, 1276.7393242699, 44.1072017380568, 2691.83340097663, 2826.96284824134, 25.3654532405829, 44.1072733366402, 121.573824181891
1744, 1312.49628127966, 46.6361048772456, 2691.83340097663, 2826.96284824134, 26.8091056415021, 46.637439248551, 121.573824181891
1745, 1286.18855650832, 44.7694655503028, 2691.83340097663, 2826.96284824134, 25.7431631978377, 44.7692881417617, 121.573824181891
1746, 1293.67408308155, 45.2966953816724, 2691.83340097663, 2826.96284824134, 26.0441744154201, 45.2968100398118, 121.573824181891
1747, 1308.75958299628, 46.3693954987682, 2691.83340097663, 2826.96284824134, 26.6564362992809, 46.3698940568344, 121.573824181891
1748, 1252.29740531028, 42.4164413998923, 2691.83340097663, 2826.96284824134, 24.401750253503, 42.4182828924384, 121.573824181891
1749, 1297.37876708399, 45.5579285213048, 2691.83340097663, 2826.96284824134, 26.1936986254276, 45.5588168457571, 121.573824181891
1750, 1357.9100923842, 49.9532931137196, 2691.83340097663, 2826.96284824134, 28.7011038623596, 49.9535931171406, 121.573824181891
1751, 1367.35259274685, 50.6562897512189, 2691.83340097663, 2826.96284824134, 29.1025682421331, 50.6572454437749, 121.573824181891
1752, 1357.93523361974, 49.9564679572311, 2691.83340097663, 2826.96284824134, 28.7022375263213, 49.9556186364832, 121.573824181891
1753, 1178.15296818399, 37.4962211159286, 2691.83340097663, 2826.96284824134, 21.5914031847613, 37.4969653665391, 121.573824181891
1754, 1198.79909982086, 38.8392915220402, 2691.83340097663, 2826.96284824134, 22.3561688861484, 38.8373370690604, 121.573824181891
1755, 1111.87955268199, 741.104372203103, 2691.83340097663, 2826.96284824134, 27.7676150782579, 48.3196663443468, 121.573824181891
1756, 1131.38360385696, 771.447604651246, 2691.83340097663, 2826.96284824134, 29.1635430978997, 50.7659198830284, 121.573824181891
1757, 659.500236923638, 718.346765359658, 2691.83340097663, 2826.96284824134, 14.7797287610997, 25.5631486051132, 121.573824181891
1758, 656.138802952741, 648.197348078498, 2691.83340097663, 2826.96284824134, 13.2199758697274, 22.8303245644157, 121.573824181891
1759, 782.352692760376, 660.563353762647, 2691.83340097663, 2826.96284824134, 16.2951866567938, 28.2210545647911, 121.573824181891
1760, 792.97969964999, 536.068443468358, 2691.83340097663, 2826.96284824134, 14.2377337063311, 24.6163718615525, 121.573824181891
1761, 304.168391875137, 528.197875964202, 2691.83340097663, 2826.96284824134, 5.77137935975902, 9.77536281899594, 121.573824181891
1762, 313.569578360537, 420.969548374923, 2691.83340097663, 2826.96284824134, 4.2799157874633, 7.1627644314324, 121.573824181891
1763, 419.798061410655, 413.706261317235, 2691.83340097663, 2826.96284824134, 5.39539113970178, 9.12097425277932, 121.573824181891
1764, 531.871562811239, 538.340591939453, 2691.83340097663, 2826.96284824134, 8.89677319917897, 15.2592880481988, 121.573824181891
1765, 207.421758311052, 486.167382686052, 2691.83340097663, 2826.96284824134, 4.34140619608137, 7.26683263781584, 121.573824181891
1766, 293.887853169701, 528.03560537154, 2691.83340097663, 2826.96284824134, 5.67385470464539, 9.60572509393683, 121.573824181891
1767, 276.296954818391, 453.700772884622, 2691.83340097663, 2826.96284824134, 4.38409995630643, 7.34550866508356, 121.573824181891
1768, 357.360300864792, 493.326089328722, 2691.83340097663, 2826.96284824134, 5.76449546057254, 9.76817849253087, 121.573824181891
1769, 95.5714501111409, 461.356269855543, 2691.83340097663, 2826.96284824134, 3.45347307957428, 5.70224611654332, 121.573824181891
1770, 98.4199013194886, 401.855168421134, 2691.83340097663, 2826.96284824134, 2.6640702343246, 4.32000026581667, 121.573824181891
1771, 171.803446641292, 450.016670345394, 2691.83340097663, 2826.96284824134, 3.60835163235824, 5.97937972242478, 121.573824181891
1772, 191.055742433665, 390.725329611788, 2691.83340097663, 2826.96284824134, 2.94199537575215, 4.81390279812739, 121.573824181891
1773, 191.196081751349, 421.642958506107, 2691.83340097663, 2826.96284824134, 3.33445863823656, 5.50046798159844, 121.573824181891
1774, 218.621766949196, 421.977792320365, 2691.83340097663, 2826.96284824134, 3.51296252226128, 5.8154997998942, 121.573824181891
1775, 178.040244554201, 381.045109936963, 2691.83340097663, 2826.96284824134, 2.75293851117091, 4.48086769538378, 121.573824181891
1776, 152.26026387159, 357.100481472195, 2691.83340097663, 2826.96284824134, 2.34655342429417, 3.76700997843054, 121.573824181891
1777, -9.61493752953385, 458.723749535894, 2691.83340097663, 2826.96284824134, 3.28275108546328, 5.38684869037099, 121.573824181891
1778, 14.8082511432119, 516.042803159016, 2691.83340097663, 2826.96284824134, 4.15222508030062, 6.91163683763874, 121.573824181891
1779, 0.267348067490633, 513.624229033509, 2691.83340097663, 2826.96284824134, 4.1104028399064, 6.83691317677842, 121.573824181891
1780, 34.6410541409134, 506.542428104048, 2691.83340097663, 2826.96284824134, 4.01616193273529, 6.67543277289705, 121.573824181891
1781, 351.39017939946, 464.568229068817, 2691.83340097663, 2826.96284824134, 5.27269376731106, 8.90919994673666, 121.573824181891
1782, 415.402607280273, 451.6780312295, 2691.83340097663, 2826.96284824134, 5.85062509590021, 9.9272816028993, 121.573824181891
1783, 460.886115897681, 419.435072450943, 2691.83340097663, 2826.96284824134, 6.03247706093811, 10.2499913183624, 121.573824181891
1784, 533.076765502376, 459.527715926003, 2691.83340097663, 2826.96284824134, 7.6940352886385, 13.1667799067487, 121.573824181891
1785, 774.556640607043, 475.515822833424, 2691.83340097663, 2826.96284824134, 12.8310300898762, 22.1808469465594, 121.573824181891
1786, 824.512410758425, 461.061574438758, 2691.83340097663, 2826.96284824134, 13.8617539985756, 23.9906467581859, 121.573824181891
1787, 688.29666303812, 402.913636850643, 2691.83340097663, 2826.96284824134, 9.87837036195054, 17.0017086582601, 121.573824181891
1788, 755.569537126156, 446.086475138821, 2691.83340097663, 2826.96284824134, 11.9576016992359, 20.6493287261384, 121.573824181891
1789, 1356.71716325778, 488.755773859742, 2691.83340097663, 2826.96284824134, 32.3322389854336, 56.3596637382537, 121.573824181891
1790, 1379.57416768462, 500.061519597354, 2691.83340097663, 2826.96284824134, 33.4800336948202, 58.3722328833694, 121.573824181891
1791, 1373.79891000908, 485.318770721708, 2691.83340097663, 2826.96284824134, 33.0063587112427, 57.5420474331962, 121.573824181891
1792, 1310.80441807797, 447.170469447947, 2691.83340097663, 2826.96284824134, 29.8194562711614, 51.9544679025775, 121.573824181891
1793, 1682.00890522846, 511.696928687171, 2691.83340097663, 2826.96284824134, 48.0874063131468, 83.9634001511101, 121.573824181891
1794, 1603.46106140836, 487.754259971569, 2691.83340097663, 2826.96284824134, 43.6942927513617, 76.261660281114, 121.573824181891
1795, 1588.71056236111, 524.632787423146, 2691.83340097663, 2826.96284824134, 43.543308677175, 75.9961888126218, 121.573824181891
1796, 1583.80736985559, 564.976156516471, 2691.83340097663, 2826.96284824134, 43.9873433206047, 76.7740319147497, 121.573824181891
1797, 1930.2856059818, 550.322392028996, 2691.83340097663, 2826.96284824134, 62.1765619344447, 108.610355052773, 121.573824181891
1798, 1999.92578572553, 670.586693064991, 2691.83340097663, 2826.96284824134, 68.4350175415613, 119.610157691822, 121.573824181891
1799, 1918.47814255919, 644.791336992208, 2691.83340097663, 2826.96284824134, 62.9950263969628, 110.0730687795, 121.573824181891
1800, 1913.31347116126, 579.317188641476, 2691.83340097663, 2826.96284824134, 61.4526775060839, 107.369919241263, 121.573824181891
1801, 2060.28046705894, 561.962413228783, 2691.83340097663, 2826.96284824134, 70.1444041786181, 122.596121568793, 121.573824181891
1802, 1974.62956675394, 514.079166766351, 2691.83340097663, 2826.96284824134, 64.025472848249, 111.869562946786, 121.573824181891
1803, 1951.76334416252, 545.021546623047, 2691.83340097663, 2826.96284824134, 63.1480938181095, 110.330409720053, 121.573824181891
1804, 1864.52705877471, 490.395914376075, 2691.83340097663, 2826.96284824134, 57.1484939545347, 99.8133894946694, 121.573824181891
1805, 1881.70882652554, 602.335163730654, 2691.83340097663, 2826.96284824134, 60.0273964959022, 104.858448927474, 121.573824181891
1806, 1775.80951808798, 455.218351815254, 2691.83340097663, 2826.96284824134, 51.6630815522997, 90.197671850455, 121.573824181891
1807, 1794.16397467604, 538.211332520208, 2691.83340097663, 2826.96284824134, 53.9434095774857, 94.1936401183556, 121.573824181891
1808, 1728.78355915362, 515.089332532982, 2691.83340097663, 2826.96284824134, 50.0223144722219, 87.3205530623358, 121.573824181891
1809, 1737.68219074779, 590.211331123587, 2691.83340097663, 2826.96284824134, 51.7777202592233, 90.3966910018774, 121.573824181891
1810, 1714.94169636104, 595.253624271514, 2691.83340097663, 2826.96284824134, 50.6617696625932, 88.4406479898476, 121.573824181891
1811, 1696.45482320372, 523.978913466913, 2691.83340097663, 2826.96284824134, 48.460435410316, 84.5825847281191, 121.573824181891
1812, 1677.95651853631, 562.943410754367, 2691.83340097663, 2826.96284824134, 48.1525402196535, 84.042320259501, 121.573824181891
1813, 1617.93171308487, 507.188414260472, 2691.83340097663, 2826.96284824134, 44.1879219207368, 77.0934124626781, 121.573824181891
1814, 1619.17411237728, 583.930577770066, 2691.83340097663, 2826.96284824134, 45.5404667150957, 79.4633589916201, 121.573824181891
1815, 1545.15406074085, 591.825931340877, 2691.83340097663, 2826.96284824134, 42.0792511565496, 73.396502649657, 121.573824181891
1816, 1547.38342838252, 702.809971881726, 2691.83340097663, 2826.96284824134, 44.3992172545935, 77.4617426099325, 121.573824181891
1817, 1499.47165339881, 583.164346051413, 2691.83340097663, 2826.96284824134, 39.7825273758331, 69.371009468179, 121.573824181891
1818, 1468.14714845245, 532.628453923184, 2691.83340097663, 2826.96284824134, 37.4832045146957, 65.3410885482416, 121.573824181891
1819, 1479.19938489069, 622.302478088081, 2691.83340097663, 2826.96284824134, 39.5797126111879, 69.0149508544583, 121.573824181891
1820, 1424.80658920894, 545.910217263538, 2691.83340097663, 2826.96284824134, 35.7751341926711, 62.3472518165756, 121.573824181891
1821, 1418.41961520817, 614.988442726764, 2691.83340097663, 2826.96284824134, 36.7306670766109, 64.0214283982034, 121.573824181891
1822, 1395.08384495069, 675.780616552427, 2691.83340097663, 2826.96284824134, 36.9291271313179, 64.3688282136299, 121.573824181891
1823, 1389.51731829395, 680.17289700411, 2691.83340097663, 2826.96284824134, 36.7824661298284, 64.1117550535807, 121.573824181891
1824, 1413.38689151035, 810.411749936933, 2691.83340097663, 2826.96284824134, 40.8013611913185, 71.1543371391583, 121.573824181891
1825, 1371.17709066663, 782.839608633858, 2691.83340097663, 2826.96284824134, 38.3165476162206, 66.7996459940107, 121.573824181891
1826, 1372.92064003496, 775.704794799174, 2691.83340097663, 2826.96284824134, 38.2189627434599, 66.628684202438, 121.573824181891
1827, 1295.33124566304, 45.0136057984974, 2691.83340097663, 2826.96284824134, 25.8905754091562, 45.0133703211811, 121.573824181891
1828, 1242.76581617894, 41.7675824867189, 2691.83340097663, 2826.96284824134, 24.0307140079075, 41.76781012559, 121.573824181891
1829, 1227.73654321442, 40.7531712420005, 2691.83340097663, 2826.96284824134, 23.451916519769, 40.7535141305608, 121.573824181891
1830, 1231.47193220571, 41.0044169284289, 2691.83340097663, 2826.96284824134, 23.5950474224545, 41.0043469752214, 121.573824181891
1831, 1272.86350129515, 43.8354751645164, 2691.83340097663, 2826.96284824134, 25.2110934466265, 43.8366444334812, 121.573824181891
1832, 1237.18803182758, 41.3898181644492, 2691.83340097663, 2826.96284824134, 23.8152041541811, 41.3902509841889, 121.573824181891
1833, 1272.87361318108, 43.8363938837431, 2691.83340097663, 2826.96284824134, 25.2115198683041, 43.8374009557128, 121.573824181891
1834, 1244.71135790269, 41.9003040534605, 2691.83340097663, 2826.96284824134, 24.1062870320763, 41.9004060377323, 121.573824181891
1835, 1257.83189739028, 42.79715764881, 2691.83340097663, 2826.96284824134, 24.6180585065616, 42.7973042215289, 121.573824181891
1836, 1267.26373818967, 43.4479952958956, 2691.83340097663, 2826.96284824134, 24.9894352310811, 43.4482028156406, 121.573824181891
1837, 1265.39831043923, 43.3192271841316, 2691.83340097663, 2826.96284824134, 24.9158159549566, 43.3191905986242, 121.573824181891
1838, 1274.80620503242, 43.9719279621308, 2691.83340097663, 2826.96284824134, 25.2884165722289, 43.9722146240978, 121.573824181891
1839, 1227.78918976067, 40.7562402262759, 2691.83340097663, 2826.96284824134, 23.4540598275093, 40.757309176621, 121.573824181891
1840, 1246.51584219513, 42.0228659125485, 2691.83340097663, 2826.96284824134, 24.1761763393156, 42.0228350408949, 121.573824181891
1841, 1252.19090274203, 42.4104164725039, 2691.83340097663, 2826.96284824134, 24.3973241039403, 42.4104449395315, 121.573824181891
1842, 1237.15343646332, 41.387552565629, 2691.83340097663, 2826.96284824134, 23.8137836807794, 41.387735235913, 121.573824181891
1843, 1267.22734124308, 43.4448324516808, 2691.83340097663, 2826.96284824134, 24.9879047145668, 43.4454898186867, 121.573824181891
1844, 1218.37719508304, 40.1266429326652, 2691.83340097663, 2826.96284824134, 23.0951512922926, 40.128275046318, 121.573824181891
1845, 1242.73851759779, 41.7659982073849, 2691.83340097663, 2826.96284824134, 24.0295554031089, 41.7658543637105, 121.573824181891
1846, 1329.55564680908, 47.8695492505414, 2691.83340097663, 2826.96284824134, 27.5123091062259, 47.869976653461, 121.573824181891
1847, 1286.22020182442, 44.7735693006867, 2691.83340097663, 2826.96284824134, 25.7445128434456, 44.7716856340811, 121.573824181891
1848, 1297.44127366733, 45.562961344365, 2691.83340097663, 2826.96284824134, 26.196391003281, 45.5635885544861, 121.573824181891
1849, 1220.95991253891, 40.3018947195968, 2691.83340097663, 2826.96284824134, 23.1923624606256, 40.3019589787956, 121.573824181891
1850, 1187.13866243906, 38.0748358652474, 2691.83340097663, 2826.96284824134, 21.9229899439144, 38.0771582131416, 121.573824181891
1851, 1212.48498872425, 639.023526350421, 2691.83340097663, 2826.96284824134, 29.2136476577468, 50.8540893445238, 121.573824181891
1852, 1161.12150815544, 609.109062431524, 2691.83340097663, 2826.96284824134, 26.7342930239451, 46.5089052296849, 121.573824181891
1853, 648.060115394228, 527.808002820656, 2691.83340097663, 2826.96284824134, 10.8544349285014, 18.6844400533352, 121.573824181891
1854, 670.622296675756, 552.602617137938, 2691.83340097663, 2826.96284824134, 11.7335613940482, 20.2252497987255, 121.573824181891
1855, 702.868984023536, 484.462797539109, 2691.83340097663, 2826.96284824134, 11.3230753088988, 19.5064631593244, 121.573824181891
1856, 812.122535162783, 472.406397165362, 2691.83340097663, 2826.96284824134, 13.7168877885034, 23.7028031456562, 121.573824181891
1857, 355.671557933807, 412.23859784367, 2691.83340097663, 2826.96284824134, 4.60434678002022, 7.73173382900705, 121.573824181891
1858, 439.427527444565, 361.849947328595, 2691.83340097663, 2826.96284824134, 5.03226427493908, 8.48397911063915, 121.573824181891
1859, 578.782659843772, 465.703621795466, 2691.83340097663, 2826.96284824134, 8.57265262261276, 14.6912734110911, 121.573824181891
1860, 581.560713153172, 399.122746466804, 2691.83340097663, 2826.96284824134, 7.72735481245567, 13.2103209775752, 121.573824181891
1861, 574.846243828644, 394.152713978486, 2691.83340097663, 2826.96284824134, 7.54529052427377, 12.8918758134732, 121.573824181891
1862, 617.088848436072, 374.202897952447, 2691.83340097663, 2826.96284824134, 8.08919960027338, 13.8462900924536, 121.573824181891
1863, 607.059056349983, 305.153873495559, 2691.83340097663, 2826.96284824134, 7.16885218242422, 12.2333596988975, 121.573824181891
1864, 716.991282857088, 382.646104096082, 2691.83340097663, 2826.96284824134, 10.2594745306506, 17.6521501865567, 121.573824181891
1865, 659.064696460082, 333.006567950522, 2691.83340097663, 2826.96284824134, 8.46801245509494, 14.5127723577052, 121.573824181891
1866, 720.256150009705, 347.219918937159, 2691.83340097663, 2826.96284824134, 9.92978334149884, 17.0762628011409, 121.573824181891
1867, 753.659367270621, 348.573944496125, 2691.83340097663, 2826.96284824134, 10.7095550645665, 18.4437106412381, 121.573824181891
1868, 738.575655176817, 317.145019525594, 2691.83340097663, 2826.96284824134, 10.0343485823033, 17.2600526490972, 121.573824181891
1869, 1107.99607229376, 359.782411549029, 2691.83340097663, 2826.96284824134, 21.0908192875775, 36.6383822227804, 121.573824181891
1870, 1105.32580436524, 442.807672167876, 2691.83340097663, 2826.96284824134, 22.0369809165128, 38.2961726273937, 121.573824181891
1871, 1129.9136152053, 461.017590348869, 2691.83340097663, 2826.96284824134, 23.1482098987308, 40.2441033430601, 121.573824181891
1872, 1155.73492442122, 543.955398099352, 2691.83340097663, 2826.96284824134, 25.3650128769189, 44.1292348170725, 121.573824181891
1873, 655.118223854289, 592.822713761069, 2691.83340097663, 2826.96284824134, 12.1282124064982, 20.9278428391804, 121.573824181891
1874, 672.605857677088, 535.912528587868, 2691.83340097663, 2826.96284824134, 11.4900444857912, 19.8106533272312, 121.573824181891
1875, 678.052220254107, 528.939631638905, 2691.83340097663, 2826.96284824134, 11.4889000268283, 19.8089066773412, 121.573824181891
1876, 701.009846528929, 572.968940029708, 2691.83340097663, 2826.96284824134, 12.735604997009, 21.9941012870564, 121.573824181891
1877, 264.613982671102, 455.903884530832, 2691.83340097663, 2826.96284824134, 4.31761557194922, 7.22867003104164, 121.573824181891
1878, 334.042716412948, 447.591899663047, 2691.83340097663, 2826.96284824134, 4.84583856692438, 8.15846554013409, 121.573824181891
1879, 337.553785282327, 440.462043908252, 2691.83340097663, 2826.96284824134, 4.78397625820194, 8.05028100158269, 121.573824181891
1880, 379.808121800265, 450.868260214471, 2691.83340097663, 2826.96284824134, 5.3985313898516, 9.1295763123995, 121.573824181891
1881, 1473.36779456267, 579.458382778987, 2691.83340097663, 2826.96284824134, 38.9870525867349, 68.0083734284455, 121.573824181891
1882, 1478.99245569914, 575.13185058301, 2691.83340097663, 2826.96284824134, 39.1677729559309, 68.3253576609834, 121.573824181891
1883, 1465.03792922705, 538.008931917025, 2691.83340097663, 2826.96284824134, 37.8835064443128, 66.0744185700159, 121.573824181891
1884, 1499.58911914773, 560.059590360573, 2691.83340097663, 2826.96284824134, 39.8562312185792, 69.5326572267107, 121.573824181891
1885, 1580.57939139334, 605.509140480456, 2691.83340097663, 2826.96284824134, 44.5689558973975, 77.7909739532539, 121.573824181891
1886, 1580.07529370882, 571.902061275617, 2691.83340097663, 2826.96284824134, 43.9271725541233, 76.6665865170618, 121.573824181891
1887, 1610.59011466925, 586.545328236783, 2691.83340097663, 2826.96284824134, 45.7077406573719, 79.7878339990219, 121.573824181891
1888, 1638.31110172091, 650.932092842517, 2691.83340097663, 2826.96284824134, 47.9435157861732, 83.681363411632, 121.573824181891
1889, 1745.0711145953, 651.113932365545, 2691.83340097663, 2826.96284824134, 53.334729067471, 93.1474557041813, 121.573824181891
1890, 1718.63193613031, 672.622392169853, 2691.83340097663, 2826.96284824134, 52.3641313705174, 91.4461977006153, 121.573824181891
1891, 1736.2289906209, 771.0856903406, 2691.83340097663, 2826.96284824134, 55.4920928999991, 96.928009708563, 121.573824181891
1892, 1676.42136782229, 743.573102789972, 2691.83340097663, 2826.96284824134, 51.7073850710456, 90.2934438205176, 121.573824181891
1893, 2093.77986294049, 873.061787624629, 2691.83340097663, 2826.96284824134, 79.1844694096828, 138.447385558049, 121.573824181891
1894, 1996.75988462997, 781.598300274598, 2691.83340097663, 2826.96284824134, 70.7315765397986, 123.629488217883, 121.573824181891
1895, 2039.68932754277, 805.84388247898, 2691.83340097663, 2826.96284824134, 73.9952555225844, 129.350431774466, 121.573824181891
1896, 1994.83838704776, 703.861203972503, 2691.83340097663, 2826.96284824134, 68.8301653557857, 120.297130373667, 121.573824181891
1897, 2087.84637930345, 678.228115807454, 2691.83340097663, 2826.96284824134, 74.1348320962505, 129.59088900815, 121.573824181891
1898, 1980.16147629993, 603.410017254174, 2691.83340097663, 2826.96284824134, 65.90489906554, 115.163573682637, 121.573824181891
1899, 1925.05377939795, 544.607583957817, 2691.83340097663, 2826.96284824134, 61.5471460991609, 107.524154065492, 121.573824181891
1900, 1906.65009153165, 595.379851618812, 2691.83340097663, 2826.96284824134, 61.3543778525471, 107.185152778617, 121.573824181891
1901, 1903.62207533387, 635.940595230005, 2691.83340097663, 2826.96284824134, 61.947746288263, 108.22484480126, 121.573824181891
1902, 1866.68816325578, 612.824815970366, 2691.83340097663, 2826.96284824134, 59.3577926797061, 103.684905943104, 121.573824181891
1903, 1813.4068894289, 633.825788489104, 2691.83340097663, 2826.96284824134, 56.7425813744279, 99.1000962984476, 121.573824181891
1904, 1790.73457096485, 657.977564236086, 2691.83340097663, 2826.96284824134, 55.9649622100083, 97.7362677258311, 121.573824181891
1905, 1722.09728194869, 665.735381792259, 2691.83340097663, 2826.96284824134, 52.4110509542324, 91.5063152402058, 121.573824181891
1906, 1751.66100673162, 707.220707870289, 2691.83340097663, 2826.96284824134, 54.8704967107664, 95.8169069143096, 121.573824181891
1907, 1724.55033806415, 690.105373381055, 2691.83340097663, 2826.96284824134, 53.0508098143233, 92.6274692428261, 121.573824181891
1908, 1673.80170152903, 639.469982374242, 2691.83340097663, 2826.96284824134, 49.3575503286942, 86.1540578868113, 121.573824181891
1909, 1662.74057199971, 669.682859188342, 2691.83340097663, 2826.96284824134, 49.3985356264904, 86.2252018385475, 121.573824181891
1910, 1619.75265680384, 608.033897159091, 2691.83340097663, 2826.96284824134, 46.0127424721559, 80.2912509640925, 121.573824181891
1911, 1618.36001464394, 726.034041434286, 2691.83340097663, 2826.96284824134, 48.3694025579634, 84.4205811168952, 121.573824181891
1912, 1569.45761720045, 748.315614941998, 2691.83340097663, 2826.96284824134, 46.4764211970746, 81.1024137240444, 121.573824181891
1913, 1565.42775015764, 733.477463774687, 2691.83340097663, 2826.96284824134, 45.9432773238079, 80.1681596508185, 121.573824181891
1914, 1475.64658681386, 626.859723857063, 2691.83340097663, 2826.96284824134, 39.5064920634048, 68.8868818005686, 121.573824181891
1915, 1424.88560616163, 550.713284089902, 2691.83340097663, 2826.96284824134, 35.8597168072889, 62.4954881825498, 121.573824181891
1916, 1455.04611131384, 646.796297974209, 2691.83340097663, 2826.96284824134, 38.9681026204618, 67.9427271549106, 121.573824181891
1917, 1408.85258614025, 698.591987786982, 2691.83340097663, 2826.96284824134, 38.0060475516093, 66.2561796111402, 121.573824181891
1918, 1393.61448258803, 687.780580477245, 2691.83340097663, 2826.96284824134, 37.1185530997273, 64.7008702415875, 121.573824181891
1919, 1302.21732366388, 659.143734493726, 2691.83340097663, 2826.96284824134, 32.7338690551847, 57.0161742809507, 121.573824181891
1920, 1262.3531819183, 545.766737532584, 2691.83340097663, 2826.96284824134, 29.0584979556362, 50.5753007455322, 121.573824181891
1921, 1241.71243165404, 553.894578333536, 2691.83340097663, 2826.96284824134, 28.4011252578799, 49.4230528532175, 121.573824181891
1922, 1219.32753549854, 566.73837942933, 2691.83340097663, 2826.96284824134, 27.7754844544666, 48.326494086533, 121.573824181891
1923, 1237.10260557324, 41.3841366094918, 2691.83340097663, 2826.96284824134, 23.8116975477996, 41.3840406666882, 121.573824181891
1924, 1208.93227779063, 39.5007022317778, 2691.83340097663, 2826.96284824134, 22.7376965437909, 39.5017670041816, 121.573824181891
1925, 1244.60321993821, 41.8924101448621, 2691.83340097663, 2826.96284824134, 24.1018214868948, 41.8924944543881, 121.573824181891
1926, 1233.38002512536, 41.132863894306, 2691.83340097663, 2826.96284824134, 23.6684313144901, 41.1329800689129, 121.573824181891
1927, 1246.52528465566, 42.0234678416719, 2691.83340097663, 2826.96284824134, 24.1765676842979, 42.0235275081286, 121.573824181891
1928, 1240.90515434917, 41.6416812667502, 2691.83340097663, 2826.96284824134, 23.9586901722066, 41.6416916191321, 121.573824181891
1929, 1199.54421751599, 38.8821621684791, 2691.83340097663, 2826.96284824134, 22.3852992862083, 38.8841622488951, 121.573824181891
1930, 1227.66582521629, 40.7488816460121, 2691.83340097663, 2826.96284824134, 23.4490348285596, 40.7484111098919, 121.573824181891
1931, 1201.4021893987, 39.0046956682433, 2691.83340097663, 2826.96284824134, 22.4547755753816, 39.0059117369855, 121.573824181891
1932, 1201.36127993216, 39.0030251373466, 2691.83340097663, 2826.96284824134, 22.4531444062503, 39.0030260772677, 121.573824181891
1933, 1197.60450610454, 38.7566667849884, 2691.83340097663, 2826.96284824134, 22.3126837793773, 38.7568566625519, 121.573824181891
1934, 1195.72051027118, 38.6335693957872, 2691.83340097663, 2826.96284824134, 22.2423964495898, 38.633668479566, 121.573824181891
1935, 1195.7176190615, 38.633465558299, 2691.83340097663, 2826.96284824134, 22.2422817919876, 38.6334656454121, 121.573824181891
1936, 1193.83951723442, 38.5107827513292, 2691.83340097663, 2826.96284824134, 22.1723393056734, 38.5108856399729, 121.573824181891
1937, 1193.83664373133, 38.5106842231409, 2691.83340097663, 2826.96284824134, 22.1722254722028, 38.5106843102821, 121.573824181891
1938, 1190.08074563126, 38.265905118077, 2691.83340097663, 2826.96284824134, 22.0326841633689, 38.2661267629925, 121.573824181891
1939, 1171.30140119606, 37.0534510935566, 2691.83340097663, 2826.96284824134, 21.3416068747055, 37.0549565715806, 121.573824181891
1940, 1190.04658483943, 38.264848919142, 2691.83340097663, 2826.96284824134, 22.0313352942172, 38.2637414755398, 121.573824181891
1941, 1182.56442398389, 37.7785140528561, 2691.83340097663, 2826.96284824134, 21.7547490094395, 37.779019663576, 121.573824181891
1942, 1210.72502813113, 39.620842552904, 2691.83340097663, 2826.96284824134, 22.8050983586854, 39.6198353980729, 121.573824181891
1943, 1274.81833741291, 43.9729836632319, 2691.83340097663, 2826.96284824134, 25.2889307390299, 43.9731163650496, 121.573824181891
1944, 1229.66951809664, 40.8829006762155, 2691.83340097663, 2826.96284824134, 23.5260902010835, 40.8835508441285, 121.573824181891
1945, 1131.8712727248, 34.5767088632782, 2691.83340097663, 2826.96284824134, 19.925402290125, 34.5771152252786, 121.573824181891
1946, 1122.49533522752, 33.9987048064705, 2691.83340097663, 2826.96284824134, 19.5961115764181, 33.9999703817309, 121.573824181891
1947, 1111.93614985734, 627.604334191102, 2691.83340097663, 2826.96284824134, 25.3501891480801, 44.0839305882099, 121.573824181891
1948, 1092.77833671342, 602.382336705191, 2691.83340097663, 2826.96284824134, 24.2099367803002, 42.0856813141092, 121.573824181891
1949, 630.72430021959, 536.764003814019, 2691.83340097663, 2826.96284824134, 10.6578611962668, 18.3407220464092, 121.573824181891
1950, 622.998855998325, 512.563902819564, 2691.83340097663, 2826.96284824134, 10.1125078281257, 17.3850166577336, 121.573824181891
1951, 607.32183528855, 457.101906052396, 2691.83340097663, 2826.96284824134, 8.97634347824874, 15.3940080529278, 121.573824181891
1952, 634.951221042674, 450.921266234111, 2691.83340097663, 2826.96284824134, 9.42252573155885, 16.1763146679016, 121.573824181891
1953, 27.1713388789835, 382.592798628507, 2691.83340097663, 2826.96284824134, 2.2870050266582, 3.66078478417377, 121.573824181891
1954, 49.1839612585369, 401.678936705418, 2691.83340097663, 2826.96284824134, 2.54552170841448, 4.11451968652441, 121.573824181891
1955, 32.1634865787524, 339.920530462284, 2691.83340097663, 2826.96284824134, 1.8126844266804, 2.83000154312563, 121.573824181891
1956, 44.434643972817, 297.363367923441, 2691.83340097663, 2826.96284824134, 1.40590621962868, 2.11783998210555, 121.573824181891
1957, -255.446518686707, 310.921192100278, 2691.83340097663, 2826.96284824134, 2.52138317530282, 4.05202849386979, 121.573824181891
1958, -290.145946270638, 240.634881074392, 2691.83340097663, 2826.96284824134, 2.21338343592009, 3.51076692521457, 121.573824181891
1959, -288.333371884331, 242.969133833247, 2691.83340097663, 2826.96284824134, 2.21463433542447, 3.513050565509, 121.573824181891
1960, -319.098182281246, 201.064586939885, 2691.83340097663, 2826.96284824134, 2.21582946824509, 3.51354077597071, 121.573824181891
1961, -715.148514569899, 189.035127170444, 2691.83340097663, 2826.96284824134, 8.61272083509954, 14.6764927837386, 121.573824181891
1962, -715.17395026964, 184.337787806679, 2691.83340097663, 2826.96284824134, 8.58568982220867, 14.6292033264599, 121.573824181891
1963, -720.600086875757, 161.079056112155, 2691.83340097663, 2826.96284824134, 8.58156934406016, 14.6218586251494, 121.573824181891
1964, -717.040270764212, 167.98132157495, 2691.83340097663, 2826.96284824134, 8.53697930242025, 14.5439389182034, 121.573824181891
1965, -845.203996931463, 182.909868660913, 2691.83340097663, 2826.96284824134, 11.770847894429, 20.1791223375446, 121.573824181891
1966, -859.239736889781, 204.725669074703, 2691.83340097663, 2826.96284824134, 12.2796752309586, 21.0685832716744, 121.573824181891
1967, -830.605240535107, 266.977731369321, 2691.83340097663, 2826.96284824134, 11.9819852642719, 20.5487386175678, 121.573824181891
1968, -818.248606377097, 261.690855129254, 2691.83340097663, 2826.96284824134, 11.6180033681228, 19.9125118147703, 121.573824181891
1969, 85.1821148286978, 307.018084236609, 2691.83340097663, 2826.96284824134, 1.59865052439925, 2.46038624922257, 121.573824181891
1970, 57.5641022554847, 261.986856183, 2691.83340097663, 2826.96284824134, 1.13401613527689, 1.64505710430352, 121.573824181891
1971, 48.5685317423782, 271.434363235118, 2691.83340097663, 2826.96284824134, 1.19837554375364, 1.75734160766851, 121.573824181891
1972, -4.27381106343871, 235.960950125827, 2691.83340097663, 2826.96284824134, 0.879096696406984, 1.19537619632956, 121.573824181891
1973, -110.433619786128, 281.143678000113, 2691.83340097663, 2826.96284824134, 1.43877630419587, 2.17060558883157, 121.573824181891
1974, 80.3765994396973, 492.401709034538, 2691.83340097663, 2826.96284824134, 3.91665838914895, 6.52052629864404, 121.573824181891
1975, 69.3044512435621, 480.399574943605, 2691.83340097663, 2826.96284824134, 3.70706917870256, 6.15282214201293, 121.573824181891
1976, 32.3746435894749, 434.95192207392, 2691.83340097663, 2826.96284824134, 2.99413730216529, 4.90212647939318, 121.573824181891
1977, 416.757432402466, 349.568066469993, 2691.83340097663, 2826.96284824134, 4.65142133041108, 7.82129310827666, 121.573824181891
1978, 394.634145054632, 339.566994448595, 2691.83340097663, 2826.96284824134, 4.26081534617982, 7.1361612705201, 121.573824181891
1979, 381.723626848965, 332.18468578315, 2691.83340097663, 2826.96284824134, 4.02526016755802, 6.72302908572686, 121.573824181891
1980, 324.347761024008, 269.542848882274, 2691.83340097663, 2826.96284824134, 2.79558899294458, 4.56660905455036, 121.573824181891
1981, 340.685483850946, 324.284540996336, 2691.83340097663, 2826.96284824134, 3.47780180645428, 5.76223418015934, 121.573824181891
1982, 327.616126952549, 297.9775364329, 2691.83340097663, 2826.96284824134, 3.0829935992364, 5.07004065171751, 121.573824181891
1983, 460.193733202879, 488.667071610291, 2691.83340097663, 2826.96284824134, 7.08511416693128, 12.0862103693144, 121.573824181891
1984, 415.468505031838, 444.574250648367, 2691.83340097663, 2826.96284824134, 5.82175472404638, 9.87128404482683, 121.573824181891
1985, 955.723896482957, 427.292983246945, 2691.83340097663, 2826.96284824134, 17.16624631534, 29.7495699366934, 121.573824181891
1986, 902.841755617883, 376.983959264009, 2691.83340097663, 2826.96284824134, 14.9910498376734, 25.937223120338, 121.573824181891
1987, 874.316993805178, 325.780758853688, 2691.83340097663, 2826.96284824134, 13.6322277877569, 23.5557474616207, 121.573824181891
1988, 896.832359071982, 350.546609898391, 2691.83340097663, 2826.96284824134, 14.5196747084465, 25.1110536609518, 121.573824181891
1989, 1085.90874913685, 346.847521646042, 2691.83340097663, 2826.96284824134, 20.3567336702378, 35.3340765219795, 121.573824181891
1990, 1110.25375604038, 345.964883819813, 2691.83340097663, 2826.96284824134, 21.1852568109626, 36.7860806181382, 121.573824181891
1991, 1131.11920100764, 370.960176446775, 2691.83340097663, 2826.96284824134, 22.1997200223511, 38.5638894743792, 121.573824181891
1992, 1128.98801955334, 325.895148426317, 2691.83340097663, 2826.96284824134, 21.6314976194415, 37.5683084032527, 121.573824181891
1993, 1250.1385682512, 307.865862363917, 2691.83340097663, 2826.96284824134, 25.9720170105327, 45.1709341204286, 121.573824181891
1994, 1217.49966917012, 234.829576365728, 2691.83340097663, 2826.96284824134, 24.0861207423595, 41.865889632612, 121.573824181891
1995, 1238.49287559142, 271.621171505331, 2691.83340097663, 2826.96284824134, 25.1874326213338, 43.795928443724, 121.573824181891
1996, 1210.28551683341, 265.011145967578, 2691.83340097663, 2826.96284824134, 24.0488390936773, 41.80068873574, 121.573824181891
1997, 1233.21827434757, 311.422489562552, 2691.83340097663, 2826.96284824134, 25.3477492035607, 44.0769352361618, 121.573824181891
1998, 1229.91436581678, 367.708753168891, 2691.83340097663, 2826.96284824134, 25.6206109554725, 44.5546939105178, 121.573824181891
1999, 1169.32756428982, 335.218430062668, 2691.83340097663, 2826.96284824134, 23.0030748378523, 39.9674420372792, 121.573824181891
2000, 1194.80031591123, 422.345758906714, 2691.83340097663, 2826.96284824134, 24.9686643781359, 43.4121220347011, 121.573824181891
2001, 1175.57724423851, 387.80116661308, 2691.83340097663, 2826.96284824134, 23.8236162823979, 41.4054576361194, 121.573824181891
2002, 1167.93964957063, 373.073900971647, 2691.83340097663, 2826.96284824134, 23.3706058773113, 40.611575388519, 121.573824181891
2003, 1179.01566835139, 359.552769244083, 2691.83340097663, 2826.96284824134, 23.6205716370243, 41.0496229677628, 121.573824181891
2004, 1165.70631362606, 339.741595309386, 2691.83340097663, 2826.96284824134, 22.9192671560424, 39.8206105310098, 121.573824181891
2005, 1191.06868549669, 424.477219196959, 2691.83340097663, 2826.96284824134, 24.8582522309131, 43.2186166311977, 121.573824181891
2006, 1160.91609476976, 408.264967367729, 2691.83340097663, 2826.96284824134, 23.5446999922377, 40.9166975044664, 121.573824181891
2007, 1178.41453800898, 459.375865772002, 2691.83340097663, 2826.96284824134, 24.8723241229733, 43.2432370904972, 121.573824181891
2008, 1187.8175509162, 459.996083991412, 2691.83340097663, 2826.96284824134, 25.2274364748161, 43.8655953184135, 121.573824181891
2009, 1170.15398199989, 530.511879820659, 2691.83340097663, 2826.96284824134, 25.6674534496362, 44.6365656642153, 121.573824181891
2010, 1181.04064207471, 500.171880482499, 2691.83340097663, 2826.96284824134, 25.5788691339672, 44.481484446332, 121.573824181891
2011, 1139.78723554958, 378.374932442949, 2691.83340097663, 2826.96284824134, 22.4218214935458, 38.9487946444128, 121.573824181891
2012, 1157.24833939141, 424.643130164462, 2691.83340097663, 2826.96284824134, 23.6246636450532, 41.0567131436851, 121.573824181891
2013, 1157.42868707139, 441.306573163872, 2691.83340097663, 2826.96284824134, 23.8558926338906, 41.461909295061, 121.573824181891
2014, 1166.02739203291, 508.70685364688, 2691.83340097663, 2826.96284824134, 25.1644093988105, 43.7550153063626, 121.573824181891
2015, 1137.95635835535, 511.693594446546, 2691.83340097663, 2826.96284824134, 24.2055753321447, 42.0746740811868, 121.573824181891
2016, 1147.60917965069, 536.192687492973, 2691.83340097663, 2826.96284824134, 24.9484526951913, 43.3764234521603, 121.573824181891
2017, 1143.93845845932, 533.607580944388, 2691.83340097663, 2826.96284824134, 24.7747420151904, 43.0720762021295, 121.573824181891
2018, 1138.5209709991, 550.003905601964, 2691.83340097663, 2826.96284824134, 24.8589191747126, 43.219509338072, 121.573824181891
2019, 1161.9716260016, 36.4680472932401, 2691.83340097663, 2826.96284824134, 21.0025554494751, 36.4608976060644, 121.573824181891
2020, 1139.39333068569, 35.044941138733, 2691.83340097663, 2826.96284824134, 20.1927356807027, 35.0415038943683, 121.573824181891
2021, 1124.3572505243, 34.1138838280855, 2691.83340097663, 2826.96284824134, 19.6623524422282, 34.1119485220436, 121.573824181891
2022, 1118.7053178393, 33.7663565030643, 2691.83340097663, 2826.96284824134, 19.4647868801265, 33.765679845564, 121.573824181891
2023, 1111.20512278288, 33.3098596093529, 2691.83340097663, 2826.96284824134, 19.2042339909455, 33.3090486399169, 121.573824181891
2024, 1103.702397486, 32.8560599372899, 2691.83340097663, 2826.96284824134, 18.9453482471726, 32.8553363852242, 121.573824181891
2025, 1128.01698168932, 34.3333308499152, 2691.83340097663, 2826.96284824134, 19.7905802934231, 34.3365842741196, 121.573824181891
2026, 1148.67707805581, 35.6176432077515, 2691.83340097663, 2826.96284824134, 20.5234929972385, 35.6210724808107, 121.573824181891
2027, 1135.61508467683, 34.8085760378536, 2691.83340097663, 2826.96284824134, 20.0587542810128, 34.8066658655205, 121.573824181891
2028, 1150.56919792324, 35.7374215039869, 2691.83340097663, 2826.96284824134, 20.591313956991, 35.7399492740729, 121.573824181891
2029, 1118.76716038099, 33.7735756898622, 2691.83340097663, 2826.96284824134, 19.4670752234961, 33.7697493024575, 121.573824181891
2030, 1116.82029153313, 33.650804419169, 2691.83340097663, 2826.96284824134, 19.3991151370555, 33.650577975874, 121.573824181891
2031, 1154.27022971524, 35.9661035642966, 2691.83340097663, 2826.96284824134, 20.7241147567144, 35.9726354293406, 121.573824181891
2032, 1115.03188316813, 33.5465040104458, 2691.83340097663, 2826.96284824134, 19.3371176710555, 33.5420059648314, 121.573824181891
2033, 1141.15262737814, 35.1464655237539, 2691.83340097663, 2826.96284824134, 20.2549925611473, 35.1504940012781, 121.573824181891
2034, 1122.48916733553, 33.9997295816904, 2691.83340097663, 2826.96284824134, 19.5969763173818, 33.9973795419356, 121.573824181891
2035, 1126.18936365161, 34.2238377813511, 2691.83340097663, 2826.96284824134, 19.7264978569469, 34.2243239932615, 121.573824181891
2036, 1124.32589268939, 34.110113087359, 2691.83340097663, 2826.96284824134, 19.6611863312669, 34.1098735966575, 121.573824181891
2037, 1122.44930332705, 33.9949832271917, 2691.83340097663, 2826.96284824134, 19.5954963034713, 33.9947476583054, 121.573824181891
2038, 1133.67919141928, 34.6848180435396, 2691.83340097663, 2826.96284824134, 19.9901773013594, 34.6864219135915, 121.573824181891
2039, 1092.52851736503, 32.1889797877279, 2691.83340097663, 2826.96284824134, 18.5632183564552, 32.1857030090099, 121.573824181891
2040, 1127.99041944521, 34.3300840794141, 2691.83340097663, 2826.96284824134, 19.7895892701713, 34.3348222543387, 121.573824181891
2041, 941.744299826389, 23.8150886203559, 2691.83340097663, 2826.96284824134, 13.7859770149981, 23.816558502591, 121.573824181891
2042, 923.113486453446, 22.8654435358945, 2691.83340097663, 2826.96284824134, 13.2452470012776, 22.8688779940691, 121.573824181891
2043, 912.411715684212, 520.213064919695, 2691.83340097663, 2826.96284824134, 17.1465662880873, 29.7065957003606, 121.573824181891
2044, 886.240364730227, 504.58946530654, 2691.83340097663, 2826.96284824134, 16.1655796560102, 27.9875157894982, 121.573824181891
2045, 450.138550399279, 497.796176202325, 2691.83340097663, 2826.96284824134, 6.9976647410462, 11.9237636331386, 121.573824181891
2046, 423.661057189385, 444.664104383045, 2691.83340097663, 2826.96284824134, 5.859856207876, 9.92972705736156, 121.573824181891
2047, 462.932471147112, 493.353277184242, 2691.83340097663, 2826.96284824134, 7.11075248771729, 12.1221356647003, 121.573824181891
2048, 441.990012016107, 442.724809436903, 2691.83340097663, 2826.96284824134, 6.07961006739319, 10.3150517764434, 121.573824181891
2049, 404.114945253817, 437.049023277801, 2691.83340097663, 2826.96284824134, 5.50397024281111, 9.3066008880505, 121.573824181891
2050, 416.634676815798, 408.824826073008, 2691.83340097663, 2826.96284824134, 5.29255054030086, 8.93642949787704, 121.573824181891
2051, 384.834294607442, 362.969100960408, 2691.83340097663, 2826.96284824134, 4.34654290713238, 7.27823188702716, 121.573824181891
2052, 427.037411811529, 366.319450283173, 2691.83340097663, 2826.96284824134, 4.91667266318862, 8.27801220369407, 121.573824181891
2053, -496.785238314188, 337.233862936944, 2691.83340097663, 2826.96284824134, 5.60352741898149, 9.44054610857907, 121.573824181891
2054, -484.42032222014, 322.742072757193, 2691.83340097663, 2826.96284824134, 5.26673062994062, 8.85123098485567, 121.573824181891
2055, -525.84619261853, 276.553751809096, 2691.83340097663, 2826.96284824134, 5.48622456495314, 9.23371402147035, 121.573824181891
2056, -534.870307910747, 265.045393480587, 2691.83340097663, 2826.96284824134, 5.53796623323015, 9.32397662223926, 121.573824181891
2057, -553.386004661605, 282.058104414416, 2691.83340097663, 2826.96284824134, 5.99732957210278, 10.1219778684563, 121.573824181891
2058, -594.763859121228, 215.250499037181, 2691.83340097663, 2826.96284824134, 6.29484542349325, 10.6447421934428, 121.573824181891
2059, -553.686214353325, 232.749814854385, 2691.83340097663, 2826.96284824134, 5.67710776050599, 9.56510227405652, 121.573824181891
2060, -573.503477510996, 193.36784059122, 2691.83340097663, 2826.96284824134, 5.76400517362798, 9.71640019936353, 121.573824181891
2061, -1137.11867942387, 286.140651843023, 2691.83340097663, 2826.96284824134, 21.6147680919843, 37.3941172658729, 121.573824181891
2062, -1153.17191674484, 240.030340667779, 2691.83340097663, 2826.96284824134, 21.809689951016, 37.7349774919438, 121.573824181891
2063, -1135.48589717649, 274.208007846018, 2691.83340097663, 2826.96284824134, 21.451343521995, 37.1082728048796, 121.573824181891
2064, -1147.78412697068, 260.873835349812, 2691.83340097663, 2826.96284824134, 21.7795661359479, 37.6822731980061, 121.573824181891
2065, -495.232740389989, 214.563604595333, 2691.83340097663, 2826.96284824134, 4.58695248719766, 7.65681879231319, 121.573824181891
2066, -495.200213327528, 219.268675578317, 2691.83340097663, 2826.96284824134, 4.61854405095251, 7.71212340393033, 121.573824181891
2067, -529.331806901538, 173.223514468754, 2691.83340097663, 2826.96284824134, 4.88363668662037, 8.17465538133279, 121.573824181891
2068, -495.128429886163, 231.050362177501, 2691.83340097663, 2826.96284824134, 4.70088230109238, 7.85626297330605, 121.573824181891
2069, -296.490406344976, 189.038908760306, 2691.83340097663, 2826.96284824134, 1.94860332768712, 3.05510233510468, 121.573824181891
2070, -269.418510890646, 212.132095580302, 2691.83340097663, 2826.96284824134, 1.85344369499462, 2.8896680396626, 121.573824181891
2071, -269.465623686083, 205.062942665282, 2691.83340097663, 2826.96284824134, 1.8074601253306, 2.80913505276159, 121.573824181891
2072, -298.173908882621, 207.867343622612, 2691.83340097663, 2826.96284824134, 2.08185731152347, 3.28841800266063, 121.573824181891
2073, 93.7772339718101, 266.896752513957, 2691.83340097663, 2826.96284824134, 1.25944250009332, 1.86756435253477, 121.573824181891
2074, 66.2135049448539, 224.326976205027, 2691.83340097663, 2826.96284824134, 0.861455731586008, 1.1692945314488, 121.573824181891
2075, 73.5818670977501, 238.513865006125, 2691.83340097663, 2826.96284824134, 0.980869293699557, 1.37878330725398, 121.573824181891
2076, 73.4468812703416, 219.66262033369, 2691.83340097663, 2826.96284824134, 0.844716181798238, 1.1402178811811, 121.573824181891
2077, 54.4317045829716, 250.229366419529, 2691.83340097663, 2826.96284824134, 1.03253146554049, 1.46862792444274, 121.573824181891
2078, 39.9831471881844, 257.255678731498, 2691.83340097663, 2826.96284824134, 1.06726417477213, 1.52897088463662, 121.573824181891
2079, 50.817199939021, 250.209069757633, 2691.83340097663, 2826.96284824134, 1.02641821742924, 1.4577821723562, 121.573824181891
2080, 43.5932502624209, 254.906492010467, 2691.83340097663, 2826.96284824134, 1.05306156659307, 1.50421298938761, 121.573824181891
2081, 281.480285429035, 231.150761675792, 2691.83340097663, 2826.96284824134, 2.08525923314044, 3.31948594217469, 121.573824181891
2082, 288.88096152409, 243.049421119171, 2691.83340097663, 2826.96284824134, 2.24034741245016, 3.59142997617857, 121.573824181891
2083, 307.720408497847, 307.115280743728, 2691.83340097663, 2826.96284824134, 2.97146587647214, 4.87302387371699, 121.573824181891
2084, 283.948202816714, 306.694844342153, 2691.83340097663, 2826.96284824134, 2.74637007577341, 4.47800116474356, 121.573824181891
2085, 798.644558288941, 319.955579639454, 2691.83340097663, 2826.96284824134, 11.6420789195912, 20.0677620989994, 121.573824181891
2086, 790.821824886578, 279.442598283992, 2691.83340097663, 2826.96284824134, 11.0638436513008, 19.0543798951654, 121.573824181891
2087, 817.429170411207, 339.743834057976, 2691.83340097663, 2826.96284824134, 12.3254662286064, 21.265472312319, 121.573824181891
2088, 861.824288480253, 315.810407049743, 2691.83340097663, 2826.96284824134, 13.2515222562556, 22.8886350105494, 121.573824181891
2089, 1069.41815315062, 263.246412791956, 2691.83340097663, 2826.96284824134, 19.0844169580956, 33.1040988269251, 121.573824181891
2090, 1071.29086271282, 263.371063110329, 2691.83340097663, 2826.96284824134, 19.1485817499842, 33.2165780280488, 121.573824181891
2091, 1065.5140234878, 244.177725807124, 2691.83340097663, 2826.96284824134, 18.8005121172959, 32.6065769214611, 121.573824181891
2092, 1063.77592827599, 260.545971711993, 2691.83340097663, 2826.96284824134, 18.8725978068883, 32.7328779636851, 121.573824181891
2093, 1096.07597778084, 309.720876701973, 2691.83340097663, 2826.96284824134, 20.4134840105876, 35.4333135571125, 121.573824181891
2094, 1045.28549148515, 287.798753886576, 2691.83340097663, 2826.96284824134, 18.4943739291396, 32.0701313464317, 121.573824181891
2095, 1060.13366580148, 274.522408540439, 2691.83340097663, 2826.96284824134, 18.868801762695, 32.7263187676108, 121.573824181891
2096, 1075.52567482133, 315.567978856391, 2691.83340097663, 2826.96284824134, 19.7684541240637, 34.3029106958321, 121.573824181891
2097, 1035.75256590678, 266.02038272574, 2691.83340097663, 2826.96284824134, 17.991795766047, 31.1893817826844, 121.573824181891
2098, 1062.27069986461, 302.956389657232, 2691.83340097663, 2826.96284824134, 19.1992242537163, 33.3053414223522, 121.573824181891
2099, 1039.25124801961, 237.952087881772, 2691.83340097663, 2826.96284824134, 17.8828963309482, 30.9985100133466, 121.573824181891
2100, 1035.35517401899, 218.856527269246, 2691.83340097663, 2826.96284824134, 17.6179556130988, 30.5340890626632, 121.573824181891
2101, 1037.50173631303, 254.269855250263, 2691.83340097663, 2826.96284824134, 17.9523860929391, 31.1201755437187, 121.573824181891
2102, 1018.58351140697, 227.309643537086, 2691.83340097663, 2826.96284824134, 17.1351846810414, 29.68806652717, 121.573824181891
2103, 1026.20266567365, 246.562098210638, 2691.83340097663, 2826.96284824134, 17.5243819926773, 30.3701210547905, 121.573824181891
2104, 1045.43557588355, 304.30428609765, 2691.83340097663, 2826.96284824134, 18.6534338507328, 32.3488128128468, 121.573824181891
2105, 1024.60902412388, 277.165489165942, 2691.83340097663, 2826.96284824134, 17.7258077400327, 30.7232402543872, 121.573824181891
2106, 1040.01054579803, 322.922653041081, 2691.83340097663, 2826.96284824134, 18.6594871146528, 32.3594661338313, 121.573824181891
2107, 1025.20085531185, 336.288475024338, 2691.83340097663, 2826.96284824134, 18.3168884544519, 31.7591238854311, 121.573824181891
2108, 1036.77252993313, 367.774984531898, 2691.83340097663, 2826.96284824134, 19.0421216100499, 33.0300886061726, 121.573824181891
2109, 1044.66493151625, 415.364567497789, 2691.83340097663, 2826.96284824134, 19.6465862977595, 34.0851768148048, 121.573824181891
2110, 1024.23848862006, 430.822987633775, 2691.83340097663, 2826.96284824134, 19.192813304032, 33.2899220172072, 121.573824181891
2111, 1035.81284688175, 462.42356993265, 2691.83340097663, 2826.96284824134, 20.0030690381963, 34.7097698554476, 121.573824181891
2112, 1057.51816856999, 525.858579954789, 2691.83340097663, 2826.96284824134, 21.6863610400006, 37.6596604352958, 121.573824181891
2113, 1057.66451262688, 535.435747876608, 2691.83340097663, 2826.96284824134, 21.8494329025425, 37.9454230986343, 121.573824181891
2114, 1083.48117862374, 613.798331200749, 2691.83340097663, 2826.96284824134, 24.1119644665706, 41.9102266367922, 121.573824181891
2115, 1053.18195282309, 29.8944946252661, 2691.83340097663, 2826.96284824134, 17.248238107352, 29.8812364615034, 121.573824181891
2116, 1041.88424266485, 29.2383503652835, 2691.83340097663, 2826.96284824134, 16.8794430711525, 29.2347743355264, 121.573824181891
2117, 1068.01159137833, 30.7297537888091, 2691.83340097663, 2826.96284824134, 17.7378185633965, 30.7390025251063, 121.573824181891
2118, 1036.31556851166, 28.928900312623, 2691.83340097663, 2826.96284824134, 16.6993079703724, 28.9191311028182, 121.573824181891
2119, 1021.31038859544, 28.0806578187975, 2691.83340097663, 2826.96284824134, 16.2184414345916, 28.0763658123508, 121.573824181891
2120, 1025.01008017936, 28.2817105393964, 2691.83340097663, 2826.96284824134, 16.3362515846879, 28.2827858531399, 121.573824181891
2121, 1010.08926688364, 27.4583488134519, 2691.83340097663, 2826.96284824134, 15.8635025485375, 27.4543312345208, 121.573824181891
2122, 1011.92261656572, 27.5548338419686, 2691.83340097663, 2826.96284824134, 15.9211551775926, 27.5553309694316, 121.573824181891
2123, 1013.79241683611, 27.6581750252418, 2691.83340097663, 2826.96284824134, 15.980132395966, 27.6586883176911, 121.573824181891
2124, 1000.73760957053, 26.9445271138623, 2691.83340097663, 2826.96284824134, 15.5707016109124, 26.9411925505551, 121.573824181891
2125, 1013.76806222398, 27.6536630512993, 2691.83340097663, 2826.96284824134, 15.9793173196282, 27.6572353190284, 121.573824181891
2126, 1002.60282647725, 27.0460168252937, 2691.83340097663, 2826.96284824134, 15.6288738909881, 27.0431352295168, 121.573824181891
2127, 996.983478963284, 26.7378917535695, 2691.83340097663, 2826.96284824134, 15.4539031030266, 26.7364876765401, 121.573824181891
2128, 1015.6257277785, 27.7548952819949, 2691.83340097663, 2826.96284824134, 16.037995415693, 27.7600560802315, 121.573824181891
2129, 993.281322986501, 26.5410553793498, 2691.83340097663, 2826.96284824134, 15.3392489525394, 26.5355911586144, 121.573824181891
2130, 1008.15493145764, 27.3435696391803, 2691.83340097663, 2826.96284824134, 15.8025936400755, 27.3475231888114, 121.573824181891
2131, 995.130335767827, 26.6390429383542, 2691.83340097663, 2826.96284824134, 15.3964546903901, 26.6358246139446, 121.573824181891
2132, 1002.5628206836, 27.038860318528, 2691.83340097663, 2826.96284824134, 15.6275499634081, 27.0407755087546, 121.573824181891
2133, 1036.16858051113, 28.8998455746179, 2691.83340097663, 2826.96284824134, 16.6942780849376, 28.9101597944129, 121.573824181891
2134, 1058.65593236034, 30.1883047826787, 2691.83340097663, 2826.96284824134, 17.4279515675528, 30.1959610705434, 121.573824181891
2135, 1088.61325430258, 31.9402763895669, 2691.83340097663, 2826.96284824134, 18.4298476254933, 31.9517948559744, 121.573824181891
2136, 1090.55525745332, 32.0668891998844, 2691.83340097663, 2826.96284824134, 18.4959083201621, 32.0676476872291, 121.573824181891
2137, 1040.49443911074, 29.173512405666, 2691.83340097663, 2826.96284824134, 16.8338675985759, 29.1577369145102, 121.573824181891
2138, 1074.00813660671, 31.078998824375, 2691.83340097663, 2826.96284824134, 17.9371475224258, 31.0911522272961, 121.573824181891
2139, 1040.9042494017, 185.860442469721, 2691.83340097663, 2826.96284824134, 17.3738592935599, 30.1045050329855, 121.573824181891
2140, 1035.40007309227, 209.037725573802, 2691.83340097663, 2826.96284824134, 17.3388623053144, 30.043210959608, 121.573824181891
2141, 999.318852828487, 230.557974313713, 2691.83340097663, 2826.96284824134, 16.3444300013896, 28.302113569527, 121.573824181891
2142, 1051.43671936575, 188.827607394209, 2691.83340097663, 2826.96284824134, 17.7335032261276, 30.7365530365587, 121.573824181891
2143, 1215.74467127683, 319.337143014498, 2691.83340097663, 2826.96284824134, 24.5620078444764, 42.7045061888161, 121.573824181891
2144, 1287.03176540349, 291.176897495998, 2691.83340097663, 2826.96284824134, 27.0698200763168, 47.1000222492115, 121.573824181891
2145, 587.150917959559, 172.586626023442, 2691.83340097663, 2826.96284824134, 5.81476527129967, 9.85788901344369, 121.573824181891
2146, 673.847836767849, 170.91390652418, 2691.83340097663, 2826.96284824134, 7.5038027412543, 12.8197042132928, 121.573824181891
2147, 658.870625863124, 109.446598674209, 2691.83340097663, 2826.96284824134, 6.9254588419425, 11.8058041468423, 121.573824181891
2148, 749.617796932674, 119.96883263942, 2691.83340097663, 2826.96284824134, 8.9486515716304, 15.3533419749917, 121.573824181891
2149, 938.213101608349, 121.674039644399, 2691.83340097663, 2826.96284824134, 13.9024619299727, 24.0351345491221, 121.573824181891
2150, 999.870286895484, 129.635853203669, 2691.83340097663, 2826.96284824134, 15.7912782609201, 27.3464662234671, 121.573824181891
2151, 1001.73987542012, 127.399153965845, 2691.83340097663, 2826.96284824134, 15.8404937623015, 27.4327678660366, 121.573824181891
2152, 1076.55556888071, 119.960763107126, 2691.83340097663, 2826.96284824134, 18.2291296598979, 31.6203244788174, 121.573824181891
2153, 1036.79143485489, 120.012644668068, 2691.83340097663, 2826.96284824134, 16.9226145086842, 29.3314582199307, 121.573824181891
2154, 1001.2634831977, 134.402126232807, 2691.83340097663, 2826.96284824134, 15.8540470917216, 27.4579985422535, 121.573824181891
2155, 1027.33607253666, 103.096190465759, 2691.83340097663, 2826.96284824134, 16.5600531882064, 28.6957926233272, 121.573824181891
2156, 1029.18060028915, 124.2344959211, 2691.83340097663, 2826.96284824134, 16.694030555525, 28.930572334546, 121.573824181891
2157, 1468.32786895819, 137.940302364257, 2691.83340097663, 2826.96284824134, 33.8136557840482, 58.9290500419763, 121.573824181891
2158, 1491.12671614545, 130.446822510382, 2691.83340097663, 2826.96284824134, 34.8324224761379, 60.7153055993525, 121.573824181891
2159, 1497.10223498396, 177.83919301261, 2691.83340097663, 2826.96284824134, 35.3395814405601, 61.6043125319915, 121.573824181891
2160, 1517.90852616857, 158.459091810126, 2691.83340097663, 2826.96284824134, 36.213851046437, 63.137010575299, 121.573824181891
2161, 1484.76006333881, 223.781636492004, 2691.83340097663, 2826.96284824134, 35.055132628408, 61.1064638674627, 121.573824181891
2162, 1454.94523272197, 292.086340552091, 2691.83340097663, 2826.96284824134, 34.2415374747644, 59.6797986719819, 121.573824181891
2163, 1426.80958751232, 301.742288216931, 2691.83340097663, 2826.96284824134, 33.0695100173524, 57.6254139978509, 121.573824181891
2164, 1431.25970058234, 368.38289670697, 2691.83340097663, 2826.96284824134, 33.9644165452253, 59.1935735593002, 121.573824181891
2165, 873.142957864723, 231.122402201929, 2691.83340097663, 2826.96284824134, 12.6714192224613, 21.881950805029, 121.573824181891
2166, 854.055792206622, 162.055117971802, 2691.83340097663, 2826.96284824134, 11.735849081547, 20.2418937521706, 121.573824181891
2167, 942.118679928224, 243.986658122026, 2691.83340097663, 2826.96284824134, 14.7127069077363, 25.4608645272045, 121.573824181891
2168, 936.559887202817, 246.059241630058, 2691.83340097663, 2826.96284824134, 14.5662405949829, 25.2040717210436, 121.573824181891
2169, 935.942827940493, 255.449830031739, 2691.83340097663, 2826.96284824134, 14.6211954291977, 25.3023294814213, 121.573824181891
2170, 936.117111025653, 281.398183224291, 2691.83340097663, 2826.96284824134, 14.8431812002214, 25.6912674049088, 121.573824181891
2171, 947.172991934577, 246.633113390422, 2691.83340097663, 2826.96284824134, 14.8811151064141, 25.7582396813298, 121.573824181891
2172, 950.905081951038, 263.297545588158, 2691.83340097663, 2826.96284824134, 15.1234378998258, 26.1828868285989, 121.573824181891
2173, 1050.09476271678, 247.575620045497, 2691.83340097663, 2826.96284824134, 18.0847856544214, 31.3724385501149, 121.573824181891
2174, 1074.46879877996, 260.771912389096, 2691.83340097663, 2826.96284824134, 18.9944510769252, 32.9671817000022, 121.573824181891
2175, 1134.86318026691, 295.175190449667, 2691.83340097663, 2826.96284824134, 21.3678408360092, 37.1281558933875, 121.573824181891
2176, 1093.27892048361, 257.211634355506, 2691.83340097663, 2826.96284824134, 19.5999857448679, 34.028999204373, 121.573824181891
2177, 1836.6270319408, 353.094683644956, 2691.83340097663, 2826.96284824134, 54.4252001466499, 95.0545546728592, 121.573824181891
2178, 1817.10617044502, 320.338739274195, 2691.83340097663, 2826.96284824134, 52.96886255869, 92.5019493101918, 121.573824181891
2179, 1742.05829810496, 291.645088397102, 2691.83340097663, 2826.96284824134, 48.5329177431937, 84.7253653830811, 121.573824181891
2180, 1717.53834768683, 338.881201094927, 2691.83340097663, 2826.96284824134, 47.6772198609727, 83.2246150473369, 121.573824181891
2181, 1851.85717463639, 359.382508335281, 2691.83340097663, 2826.96284824134, 55.3724242460132, 96.7070771872435, 121.573824181891
2182, 1885.47784033023, 429.432043491007, 2691.83340097663, 2826.96284824134, 58.1953249557283, 101.655511637373, 121.573824181891
2183, 1912.01389084152, 394.270859902795, 2691.83340097663, 2826.96284824134, 59.3129303274002, 103.615410872098, 121.573824181891
2184, 1925.07758594777, 352.986004056084, 2691.83340097663, 2826.96284824134, 59.6114349807716, 104.139380485355, 121.573824181891
2185, 1968.81881022931, 333.918722798949, 2691.83340097663, 2826.96284824134, 62.0604752389228, 108.430336473832, 121.573824181891
2186, 1910.44284008007, 256.774575402346, 2691.83340097663, 2826.96284824134, 57.8174744696282, 100.992824093378, 121.573824181891
2187, 1920.43841561799, 305.030177569991, 2691.83340097663, 2826.96284824134, 58.83899017524, 102.782981830291, 121.573824181891
2188, 1926.2450233944, 310.365807010931, 2691.83340097663, 2826.96284824134, 59.2384869342787, 103.483304048019, 121.573824181891
2189, 1898.97538583889, 269.706126786322, 2691.83340097663, 2826.96284824134, 57.2434486298953, 99.9862295544935, 121.573824181891
2190, 1900.91793936123, 281.667981865721, 2691.83340097663, 2826.96284824134, 57.461582586248, 100.368300741613, 121.573824181891
2191, 1837.2932431426, 251.5299447558, 2691.83340097663, 2826.96284824134, 53.5040868813063, 93.4308056047096, 121.573824181891
2192, 1799.05469087937, 254.785008718215, 2691.83340097663, 2826.96284824134, 51.3640544869673, 89.6793694959094, 121.573824181891
2193, 1822.2614898528, 294.82454258183, 2691.83340097663, 2826.96284824134, 53.017525878316, 92.5772661033213, 121.573824181891
2194, 1764.91271152786, 310.403468834548, 2691.83340097663, 2826.96284824134, 49.960421625228, 87.2180917300449, 121.573824181891
2195, 1762.51280780007, 258.213639172247, 2691.83340097663, 2826.96284824134, 49.3638128933998, 86.1724937235697, 121.573824181891
2196, 1743.49902181561, 275.223184512178, 2691.83340097663, 2826.96284824134, 48.4675422057462, 84.6012302105406, 121.573824181891
2197, 1703.16070700605, 257.233050252283, 2691.83340097663, 2826.96284824134, 46.1520191549284, 80.5422369724851, 121.573824181891
2198, 1674.81353976226, 301.736587467132, 2691.83340097663, 2826.96284824134, 45.0497877241671, 78.609750249573, 121.573824181891
2199, 1631.58249737801, 366.41350708618, 2691.83340097663, 2826.96284824134, 43.499122179929, 75.891215872659, 121.573824181891
2200, 1595.90312563222, 403.621952123539, 2691.83340097663, 2826.96284824134, 42.1534495714409, 73.5323067157393, 121.573824181891
2201, 1543.34763630723, 458.51672906806, 2691.83340097663, 2826.96284824134, 40.3228567006932, 70.3232496852998, 121.573824181891
2202, 1478.62269244442, 284.651681081717, 2691.83340097663, 2826.96284824134, 35.260058969853, 61.4500164391156, 121.573824181891
2203, 1465.9613783101, 352.201675554527, 2691.83340097663, 2826.96284824134, 35.3512388656021, 61.6094200877042, 121.573824181891
2204, 1424.91322402834, 412.951153078918, 2691.83340097663, 2826.96284824134, 34.2290987541497, 59.6423721067205, 121.573824181891
2205, 1324.06882296429, 498.193540737421, 2691.83340097663, 2826.96284824134, 31.124818812224, 54.2013387196551, 121.573824181891
2206, 1298.10349942355, 525.00457207739, 2691.83340097663, 2826.96284824134, 30.4924996713589, 53.0929287961202, 121.573824181891
2207, 1238.62119359874, 456.3081907364, 2691.83340097663, 2826.96284824134, 27.0933230577019, 47.1357865000034, 121.573824181891
2208, 1207.73383680777, 401.820957375773, 2691.83340097663, 2826.96284824134, 25.1886832743123, 43.7978253366293, 121.573824181891
2209, 1195.46313999372, 467.66264077848, 2691.83340097663, 2826.96284824134, 25.6218284943033, 44.5567691437625, 121.573824181891
2210, 1150.7389563298, 490.992789580443, 2691.83340097663, 2826.96284824134, 24.3374636334631, 42.3058711388348, 121.573824181891
2211, 1130.03082769491, 34.4754266239062, 2691.83340097663, 2826.96284824134, 19.8617653304902, 34.4615589327671, 121.573824181891
2212, 1092.52574807988, 32.2002371991719, 2691.83340097663, 2826.96284824134, 18.5631170491057, 32.1855492543497, 121.573824181891
2213, 1105.52852092423, 32.9599282568339, 2691.83340097663, 2826.96284824134, 19.0080937232353, 32.9652477506389, 121.573824181891
2214, 1118.65906940503, 33.7569913266, 2691.83340097663, 2826.96284824134, 19.4630762543678, 33.7626280340858, 121.573824181891
2215, 1105.59272947924, 32.9747926257089, 2691.83340097663, 2826.96284824134, 19.0104396295519, 32.9694347161779, 121.573824181891
2216, 1084.9861880428, 31.7449867830867, 2691.83340097663, 2826.96284824134, 18.3072923423554, 31.7371540692417, 121.573824181891
2217, 1092.41666569019, 32.1756199865776, 2691.83340097663, 2826.96284824134, 18.5591784086968, 32.1785173144893, 121.573824181891
2218, 1062.52340786535, 30.430816033888, 2691.83340097663, 2826.96284824134, 17.5559647865942, 30.420444636712, 121.573824181891
2219, 1068.05988566563, 30.7400854554258, 2691.83340097663, 2826.96284824134, 17.7395226504655, 30.7420438821142, 121.573824181891
2220, 1069.94172449835, 30.8512333096874, 2691.83340097663, 2826.96284824134, 17.8022055914347, 30.851906612671, 121.573824181891
2221, 1056.86571094586, 30.0973923812711, 2691.83340097663, 2826.96284824134, 17.3691311777873, 30.0929687906475, 121.573824181891
2222, 1079.26107252329, 31.3901210493803, 2691.83340097663, 2826.96284824134, 18.1140794261375, 31.3984214620249, 121.573824181891
2223, 1045.67876747088, 29.4620137611932, 2691.83340097663, 2826.96284824134, 17.0029047650704, 29.4511973197825, 121.573824181891
2224, 1056.80972443067, 30.0857269506556, 2691.83340097663, 2826.96284824134, 17.3671769125902, 30.0894827431863, 121.573824181891
2225, 1062.44050671123, 30.413301267757, 2691.83340097663, 2826.96284824134, 17.5530549523251, 30.4152521384694, 121.573824181891
2226, 1041.90519570828, 29.2425543879239, 2691.83340097663, 2826.96284824134, 16.8801637003177, 29.2360584397437, 121.573824181891
2227, 1077.35638823549, 31.273114812823, 2691.83340097663, 2826.96284824134, 18.0500348579912, 31.2861459796916, 121.573824181891
2228, 1094.26834102104, 32.2822916623274, 2691.83340097663, 2826.96284824134, 18.6222040240227, 32.2889438987191, 121.573824181891
2229, 1120.50250388387, 33.8638463286893, 2691.83340097663, 2826.96284824134, 19.5273154873184, 33.8751706682152, 121.573824181891
2230, 1122.43994351781, 33.9932784767744, 2691.83340097663, 2826.96284824134, 19.5951486920386, 33.9941272751879, 121.573824181891
2231, 1129.93292859503, 34.4515533578813, 2691.83340097663, 2826.96284824134, 19.8580681464995, 34.4548943412354, 121.573824181891
2232, 1144.93287148075, 35.3795806058749, 2691.83340097663, 2826.96284824134, 20.3897042295622, 35.3865998915599, 121.573824181891
2233, 949.303332144273, 24.2096930957365, 2691.83340097663, 2826.96284824134, 14.0078638025298, 24.2080345478421, 121.573824181891
2234, 908.335867251654, 22.1371884456349, 2691.83340097663, 2826.96284824134, 12.823524423894, 22.1322879490209, 121.573824181891
2235, 913.934971162183, 353.593159068203, 2691.83340097663, 2826.96284824134, 14.9231153716588, 25.8125505904691, 121.573824181891
2236, 932.690603787366, 364.037273326509, 2691.83340097663, 2826.96284824134, 15.578378792479, 26.9609889422446, 121.573824181891
2237, 397.215311213768, 245.033217895739, 2691.83340097663, 2826.96284824134, 3.38221846266409, 5.58922799633841, 121.573824181891
2238, 516.581537853027, 240.985959777007, 2691.83340097663, 2826.96284824134, 5.04552583579251, 8.50606111954137, 121.573824181891
2239, 591.638785235094, 163.35195115872, 2691.83340097663, 2826.96284824134, 5.84915889130317, 9.91549324467186, 121.573824181891
2240, 665.445864143854, 165.908233811586, 2691.83340097663, 2826.96284824134, 7.30340272542442, 12.4651542208662, 121.573824181891
2241, 747.466217258345, 159.705637419264, 2691.83340097663, 2826.96284824134, 9.07243417593092, 15.5665455272946, 121.573824181891
2242, 788.215964694753, 107.573743303731, 2691.83340097663, 2826.96284824134, 9.82778267417737, 16.8908990746551, 121.573824181891
2243, 836.535921904143, 133.111561973375, 2691.83340097663, 2826.96284824134, 11.143566126159, 19.1975547286647, 121.573824181891
2244, 901.939996314562, 185.484655406082, 2691.83340097663, 2826.96284824134, 13.1708793176406, 22.7515191290236, 121.573824181891
2245, 1128.3557051027, 413.269851402742, 2691.83340097663, 2826.96284824134, 22.444123458501, 39.0057065065544, 121.573824181891
2246, 1198.92082614031, 482.220434783946, 2691.83340097663, 2826.96284824134, 25.9613977839838, 45.1709945030126, 121.573824181891
2247, 1124.07542484229, 363.162317632225, 2691.83340097663, 2826.96284824134, 21.6882714985081, 37.6813564997054, 121.573824181891
2248, 1159.54485170574, 351.165113395947, 2691.83340097663, 2826.96284824134, 22.8145228538811, 39.6557152631339, 121.573824181891
2249, 645.920508012206, 271.077337365616, 2691.83340097663, 2826.96284824134, 7.61951996146932, 13.0262604855017, 121.573824181891
2250, 599.325598261389, 217.639396351878, 2691.83340097663, 2826.96284824134, 6.31195623126157, 10.7335350417175, 121.573824181891
2251, 645.814649899287, 261.637153625803, 2691.83340097663, 2826.96284824134, 7.53911358099549, 12.8853635873773, 121.573824181891
2252, 647.536594018212, 238.141999873787, 2691.83340097663, 2826.96284824134, 7.39107591850599, 12.6260689741777, 121.573824181891
2253, 963.281559506011, 375.154847373269, 2691.83340097663, 2826.96284824134, 16.6042346910215, 28.7763738853361, 121.573824181891
2254, 958.967611666919, 318.07176372725, 2691.83340097663, 2826.96284824134, 15.8592316428501, 27.4709487103347, 121.573824181891
2255, 964.452291623459, 304.181377461161, 2691.83340097663, 2826.96284824134, 15.8886522692475, 27.522700436432, 121.573824181891
2256, 921.640667953153, 313.765192613559, 2691.83340097663, 2826.96284824134, 14.7255804454737, 25.4832956573906, 121.573824181891
2257, 640.379795471995, 396.375904226831, 2691.83340097663, 2826.96284824134, 8.80926423604379, 15.1125995223143, 121.573824181891
2258, 526.738418675426, 290.821014871046, 2691.83340097663, 2826.96284824134, 5.62107674035419, 9.52207492694995, 121.573824181891
2259, 586.581093242712, 375.540582487782, 2691.83340097663, 2826.96284824134, 7.53368350048496, 12.8754692804281, 121.573824181891
2260, 530.551854378517, 305.111990517413, 2691.83340097663, 2826.96284824134, 5.81611560190882, 9.86394246531623, 121.573824181891
2261, 490.390310783521, 259.116857768651, 2691.83340097663, 2826.96284824134, 4.77582233789469, 8.04028871247778, 121.573824181891
2262, 656.35772770141, 432.627302555663, 2691.83340097663, 2826.96284824134, 9.59842458201444, 16.4967333818445, 121.573824181891
2263, 616.320775621746, 326.765438912106, 2691.83340097663, 2826.96284824134, 7.55656485993057, 12.917676381285, 121.573824181891
2264, 619.981606852666, 324.524166656515, 2691.83340097663, 2826.96284824134, 7.60414441357949, 13.0012006061775, 121.573824181891
2265, 774.436739580176, 356.555123543218, 2691.83340097663, 2826.96284824134, 11.2902360674226, 19.4634967772192, 121.573824181891
2266, 792.617534564208, 310.021955120515, 2691.83340097663, 2826.96284824134, 11.2504306471581, 19.394589822307, 121.573824181891
2267, 780.985135114331, 266.971219270414, 2691.83340097663, 2826.96284824134, 10.5792553623663, 18.2181087472868, 121.573824181891
2268, 803.131852854387, 249.083267361489, 2691.83340097663, 2826.96284824134, 10.9807085510274, 18.9224170498589, 121.573824181891
2269, 984.090365596401, 293.411180658845, 2691.83340097663, 2826.96284824134, 16.382745721252, 28.3915031432525, 121.573824181891
2270, 957.48787095341, 235.379173273401, 2691.83340097663, 2826.96284824134, 15.1017593737816, 26.1460256802628, 121.573824181891
2271, 1037.27553454749, 372.161489181227, 2691.83340097663, 2826.96284824134, 18.8707967307637, 32.7530727809153, 121.573824181891
2272, 988.143574691429, 322.0167168858, 2691.83340097663, 2826.96284824134, 16.7813395677516, 29.0901223235169, 121.573824181891
2273, 1539.49365090026, 486.876546478154, 2691.83340097663, 2826.96284824134, 40.5504114172636, 70.7461496655919, 121.573824181891
2274, 1448.70830743946, 374.561644254602, 2691.83340097663, 2826.96284824134, 34.8167790618657, 60.6957342168889, 121.573824181891
2275, 1435.39671194385, 371.119072052621, 2691.83340097663, 2826.96284824134, 34.1790302014838, 59.5776251561384, 121.573824181891
2276, 1482.05142579973, 460.522911242771, 2691.83340097663, 2826.96284824134, 37.458050428996, 65.3250085200915, 121.573824181891
2277, 2022.37573575152, 531.736649351079, 2691.83340097663, 2826.96284824134, 67.4929109049158, 117.92198096253, 121.573824181891
2278, 2047.47109529116, 541.36297343075, 2691.83340097663, 2826.96284824134, 68.9813249472937, 120.56236605774, 121.573824181891
2279, 1989.92440906509, 444.160183236536, 2691.83340097663, 2826.96284824134, 63.9224036623573, 111.695616528924, 121.573824181891
2280, 1986.98235347191, 372.503375470088, 2691.83340097663, 2826.96284824134, 62.8367099620682, 109.792701963762, 121.573824181891
2281, 2123.33808669571, 387.923381218061, 2691.83340097663, 2826.96284824134, 71.6509005975757, 125.239739393366, 121.573824181891
2282, 2043.02544369841, 279.318131579976, 2691.83340097663, 2826.96284824134, 65.3754362723792, 114.238998510439, 121.573824181891
2283, 2015.99311366092, 295.180825528051, 2691.83340097663, 2826.96284824134, 63.8266183585792, 111.522928133737, 121.573824181891
2284, 2125.05338995599, 500.09972570631, 2691.83340097663, 2826.96284824134, 73.3054489287431, 128.139601393807, 121.573824181891
2285, 2075.68486600487, 429.985552135231, 2691.83340097663, 2826.96284824134, 69.1022831107257, 120.771532454287, 121.573824181891
2286, 2052.54474897662, 436.859705289866, 2691.83340097663, 2826.96284824134, 67.7229060497676, 118.352805186682, 121.573824181891
2287, 1970.69703366244, 377.84714307622, 2691.83340097663, 2826.96284824134, 61.907820173673, 108.158329255, 121.573824181891
2288, 1936.11695721441, 383.62237012506, 2691.83340097663, 2826.96284824134, 59.8957572788951, 104.630661963674, 121.573824181891
2289, 1910.84471505178, 371.434013314243, 2691.83340097663, 2826.96284824134, 58.2560625065048, 101.755953992568, 121.573824181891
2290, 1893.31456586536, 352.998563191245, 2691.83340097663, 2826.96284824134, 57.0228070054849, 99.5940399531681, 121.573824181891
2291, 1904.80279016491, 363.65699673228, 2691.83340097663, 2826.96284824134, 57.8120786719291, 100.97735209575, 121.573824181891
2292, 1841.0319648261, 312.12498933256, 2691.83340097663, 2826.96284824134, 53.5969762579622, 93.5886519060136, 121.573824181891
2293, 1902.04854132487, 444.178447462013, 2691.83340097663, 2826.96284824134, 58.6561580460787, 102.456198779295, 121.573824181891
2294, 1845.03422426453, 488.340648759273, 2691.83340097663, 2826.96284824134, 56.0035083999239, 97.8057358238688, 121.573824181891
2295, 1794.97526646881, 581.451699363252, 2691.83340097663, 2826.96284824134, 54.7355252340142, 95.5818900370466, 121.573824181891
2296, 1812.90217431404, 614.492489636951, 2691.83340097663, 2826.96284824134, 56.341305066109, 98.3965112148902, 121.573824181891
2297, 1721.13938611818, 511.973135299985, 2691.83340097663, 2826.96284824134, 49.5672542119462, 86.5230029100732, 121.573824181891
2298, 1644.00688868041, 468.947467958519, 2691.83340097663, 2826.96284824134, 44.9210227172614, 78.3786955398802, 121.573824181891
2299, 1605.98513812217, 472.683058247167, 2691.83340097663, 2826.96284824134, 43.0739685803274, 75.1409555296709, 121.573824181891
2300, 1501.64215587089, 349.609381476606, 2691.83340097663, 2826.96284824134, 36.5244710308547, 63.6615774785918, 121.573824181891
2301, 1424.52159355449, 409.854848777675, 2691.83340097663, 2826.96284824134, 33.7586669924722, 58.8134556400277, 121.573824181891
2302, 1351.83877691149, 337.865115078819, 2691.83340097663, 2826.96284824134, 29.8261213748417, 51.9211743549239, 121.573824181891
2303, 1319.50283334657, 318.930452328151, 2691.83340097663, 2826.96284824134, 28.3062284911324, 49.2573159442991, 121.573824181891
2304, 1293.52884361958, 362.068529519269, 2691.83340097663, 2826.96284824134, 27.7153405803623, 48.2216378049873, 121.573824181891
2305, 1255.93094731004, 361.778756224368, 2691.83340097663, 2826.96284824134, 26.2388097302634, 45.6338264558862, 121.573824181891
2306, 1178.2677320883, 318.716746804778, 2691.83340097663, 2826.96284824134, 22.8813489436236, 39.7497082252985, 121.573824181891
2307, 1186.29139193927, 38.020133305415, 2691.83340097663, 2826.96284824134, 21.8922674902491, 38.020013334701, 121.573824181891
2308, 1178.8042865915, 37.536371031999, 2691.83340097663, 2826.96284824134, 21.6163662549019, 37.5364916533223, 121.573824181891
2309, 1184.42496998493, 37.8992732001118, 2691.83340097663, 2826.96284824134, 21.823338117617, 37.8992168964987, 121.573824181891
2310, 1182.55607142042, 37.7784171584499, 2691.83340097663, 2826.96284824134, 21.754420502314, 37.7784397512069, 121.573824181891
2311, 1171.29064550295, 37.0539463046724, 2691.83340097663, 2826.96284824134, 21.3411879454199, 37.0542185390173, 121.573824181891
2312, 1158.13897867689, 36.2169979112261, 2691.83340097663, 2826.96284824134, 20.8637706696857, 36.2175024033472, 121.573824181891
2313, 1186.27105178755, 38.0188218250694, 2691.83340097663, 2826.96284824134, 21.8914678364045, 38.0185966406638, 121.573824181891
2314, 1171.29616299244, 37.054235479519, 2691.83340097663, 2826.96284824134, 21.3414025333308, 37.0545981679679, 121.573824181891
2315, 1186.29104115229, 38.0201084993833, 2691.83340097663, 2826.96284824134, 21.8922538949923, 38.0199886226711, 121.573824181891
2316, 1143.1542312556, 35.2735827042587, 2691.83340097663, 2826.96284824134, 20.3265130992541, 35.2759379784625, 121.573824181891
2317, 1120.59832146105, 33.8797137303356, 2691.83340097663, 2826.96284824134, 19.5308677531412, 33.8814933135584, 121.573824181891
2318, 1137.43776536147, 34.9205678595389, 2691.83340097663, 2826.96284824134, 20.1231865863999, 34.91954433445, 121.573824181891
2319, 1105.60147180414, 32.9669537979044, 2691.83340097663, 2826.96284824134, 19.0107641868494, 32.9699841764636, 121.573824181891
2320, 1122.42245965138, 33.9942765715905, 2691.83340097663, 2826.96284824134, 19.5944972085375, 33.9929810447579, 121.573824181891
2321, 1137.44029231958, 34.9206250009091, 2691.83340097663, 2826.96284824134, 20.1232823432701, 34.9197134187204, 121.573824181891
2322, 1143.0859990984, 35.2716735331326, 2691.83340097663, 2826.96284824134, 20.3239270376691, 35.2713655010099, 121.573824181891
2323, 1174.98579115145, 37.2913590422055, 2691.83340097663, 2826.96284824134, 21.4761537924074, 37.2907153899762, 121.573824181891
2324, 1190.05192215668, 38.2641708499103, 2691.83340097663, 2826.96284824134, 22.0315466803416, 38.2641130533606, 121.573824181891
2325, 1182.56459595666, 37.7789414538878, 2691.83340097663, 2826.96284824134, 21.7547548143552, 37.7790316411172, 121.573824181891
2326, 1186.30819979039, 38.0212136351474, 2691.83340097663, 2826.96284824134, 21.892928772551, 38.0211836723002, 121.573824181891
2327, 1225.76396378155, 40.6194570029101, 2691.83340097663, 2826.96284824134, 23.376249178441, 40.6208251133762, 121.573824181891
2328, 1223.94912703498, 40.499758505825, 2691.83340097663, 2826.96284824134, 23.3071069018092, 40.4997006050797, 121.573824181891
2329, 1203.51772850941, 39.1461222562871, 2691.83340097663, 2826.96284824134, 22.5336064404868, 39.1459066199673, 121.573824181891
2330, 1227.91427981867, 40.7652766045594, 2691.83340097663, 2826.96284824134, 23.4581012640971, 40.7661799690106, 121.573824181891
2331, 1186.37851242746, 329.223186180263, 2691.83340097663, 2826.96284824134, 23.565335505587, 40.9544978466457, 121.573824181891
2332, 1184.80913459464, 362.282666005029, 2691.83340097663, 2826.96284824134, 23.8636906341604, 41.4773858453995, 121.573824181891
2333, 813.12683959108, 351.141510417781, 2691.83340097663, 2826.96284824134, 12.1884820110929, 21.023520524793, 121.573824181891
2334, 862.476576319157, 263.585289651041, 2691.83340097663, 2826.96284824134, 12.6361500519796, 21.8084981765965, 121.573824181891
2335, 921.940579326085, 245.306627379935, 2691.83340097663, 2826.96284824134, 14.1408056919834, 24.4459641630986, 121.573824181891
2336, 1030.4474862462, 270.020452354583, 2691.83340097663, 2826.96284824134, 17.6331856320312, 30.5674224836187, 121.573824181891
2337, 377.778099401027, 164.686326602704, 2691.83340097663, 2826.96284824134, 2.63604937927409, 4.28431999706283, 121.573824181891
2338, 430.993227086287, 158.875661646747, 2691.83340097663, 2826.96284824134, 3.27490855536922, 5.40545804256455, 121.573824181891
2339, 633.164536518609, 486.644715264487, 2691.83340097663, 2826.96284824134, 9.90668605860269, 17.0317391660219, 121.573824181891
2340, 621.990784594531, 479.080048925412, 2691.83340097663, 2826.96284824134, 9.57515093788341, 16.4504333793773, 121.573824181891
2341, 500.310517511051, 434.735857502333, 2691.83340097663, 2826.96284824134, 6.82301270743485, 11.6267583519287, 121.573824181891
2342, 494.960840988793, 448.880214423602, 2691.83340097663, 2826.96284824134, 6.93460197735997, 11.8220335186411, 121.573824181891
2343, 505.599078733593, 411.090606977698, 2691.83340097663, 2826.96284824134, 6.594785336526, 11.2271363060972, 121.573824181891
2344, 552.797065342084, 362.608166048986, 2691.83340097663, 2826.96284824134, 6.78734918411466, 11.566564157928, 121.573824181891
2345, 1132.03688278051, 354.164360722806, 2691.83340097663, 2826.96284824134, 21.8663074750506, 37.9964022807063, 121.573824181891
2346, 1092.05100499866, 294.897655177098, 2691.83340097663, 2826.96284824134, 19.8836333894775, 34.5210790416631, 121.573824181891
2347, 1095.51561389418, 250.274528036253, 2691.83340097663, 2826.96284824134, 19.6224701176106, 34.0635583741461, 121.573824181891
2348, 1163.88486558057, 346.71764153216, 2691.83340097663, 2826.96284824134, 22.9223873622053, 39.8479601992506, 121.573824181891
2349, 835.812146167456, 440.107725293089, 2691.83340097663, 2826.96284824134, 13.8623175843463, 23.9715180015931, 121.573824181891
2350, 750.697163593538, 308.195004577373, 2691.83340097663, 2826.96284824134, 10.2275497145012, 17.5997295857075, 121.573824181891
2351, 855.040913025296, 341.247989666253, 2691.83340097663, 2826.96284824134, 13.1655614157214, 22.7515818139032, 121.573824181891
2352, 825.075904793381, 313.804132595311, 2691.83340097663, 2826.96284824134, 12.103358553769, 20.8892559966117, 121.573824181891
2353, 619.689819248018, 383.776274967619, 2691.83340097663, 2826.96284824134, 8.25124284081928, 14.1347772443129, 121.573824181891
2354, 634.883150440561, 422.345455656628, 2691.83340097663, 2826.96284824134, 9.03083744062453, 15.5013191610898, 121.573824181891
2355, 609.3158794601, 440.488587960536, 2691.83340097663, 2826.96284824134, 8.78012505518274, 15.060842591979, 121.573824181891
2356, 573.494797339678, 377.4918394564, 2691.83340097663, 2826.96284824134, 7.32065058536541, 12.50231867443, 121.573824181891
2357, 1218.82534774168, 378.816758114619, 2691.83340097663, 2826.96284824134, 25.3218792106938, 44.0544524560137, 121.573824181891
2358, 1206.94577147221, 323.507892939062, 2691.83340097663, 2826.96284824134, 24.2680532804882, 42.2075892641074, 121.573824181891
2359, 1313.48817521271, 409.261598269559, 2691.83340097663, 2826.96284824134, 29.4261064000171, 51.2495704732163, 121.573824181891
2360, 1363.90580582513, 496.470072691756, 2691.83340097663, 2826.96284824134, 32.7587768174435, 57.0911885103078, 121.573824181891
2361, 720.505862445732, 389.908136915388, 2691.83340097663, 2826.96284824134, 10.4240911100987, 17.9472961406103, 121.573824181891
2362, 724.340631982468, 401.949146525975, 2691.83340097663, 2826.96284824134, 10.6585224011648, 18.3582249649441, 121.573824181891
2363, 751.986539317761, 384.085103941314, 2691.83340097663, 2826.96284824134, 11.0743726489601, 19.088179850992, 121.573824181891
2364, 742.768434918946, 393.194194005088, 2691.83340097663, 2826.96284824134, 10.9703465404118, 18.9054412968622, 121.573824181891
2365, 1134.58195891502, 430.350310505261, 2691.83340097663, 2826.96284824134, 22.8857340537688, 39.7899836387416, 121.573824181891
2366, 1149.97686720299, 462.29089970184, 2691.83340097663, 2826.96284824134, 23.8768713522296, 41.5272653892282, 121.573824181891
2367, 1147.76674701984, 424.075212755575, 2691.83340097663, 2826.96284824134, 23.2705953376294, 40.4649541889661, 121.573824181891
2368, 1195.22802807761, 465.282883053653, 2691.83340097663, 2826.96284824134, 25.5714369179616, 44.4984070914616, 121.573824181891
2369, 1936.1071117794, 544.248467078319, 2691.83340097663, 2826.96284824134, 62.6749310638827, 109.511808435894, 121.573824181891
2370, 1947.53365633762, 535.913485572356, 2691.83340097663, 2826.96284824134, 63.2232282191456, 110.472954426279, 121.573824181891
2371, 1968.87224440938, 559.317877396519, 2691.83340097663, 2826.96284824134, 64.6559738813171, 112.957874766193, 121.573824181891
2372, 1957.32649267251, 555.676642948281, 2691.83340097663, 2826.96284824134, 63.8929419324442, 111.620668879428, 121.573824181891
2373, 2163.02389919782, 648.621649755418, 2691.83340097663, 2826.96284824134, 78.451788688388, 137.166415751825, 121.573824181891
2374, 2166.27934693484, 617.726915694841, 2691.83340097663, 2826.96284824134, 78.0642214697652, 136.487804622777, 121.573824181891
2375, 2103.22852234152, 562.196473827647, 2691.83340097663, 2826.96284824134, 72.9032353370949, 127.439672362757, 121.573824181891
2376, 2110.23966161712, 524.677963715715, 2691.83340097663, 2826.96284824134, 72.7274465664223, 127.131737604685, 121.573824181891
2377, 2214.01665551649, 597.072067830584, 2691.83340097663, 2826.96284824134, 80.8991637174866, 141.452446898926, 121.573824181891
2378, 2188.10675114581, 550.76070902542, 2691.83340097663, 2826.96284824134, 78.3203336729768, 136.932450862166, 121.573824181891
2379, 2131.81446010543, 551.167370896254, 2691.83340097663, 2826.96284824134, 74.5796946926324, 130.37347995568, 121.573824181891
2380, 2124.13696251127, 559.824954276, 2691.83340097663, 2826.96284824134, 74.2246263607851, 129.750541155019, 121.573824181891
2381, 2144.47916280622, 497.642943502979, 2691.83340097663, 2826.96284824134, 74.5458931693785, 130.314983172245, 121.573824181891
2382, 2072.12111516918, 451.010791317554, 2691.83340097663, 2826.96284824134, 69.1612187031041, 120.874632589383, 121.573824181891
2383, 2029.87032293682, 479.566862956951, 2691.83340097663, 2826.96284824134, 66.9022170553804, 116.913275560559, 121.573824181891
2384, 2014.7075559075, 504.115198145672, 2691.83340097663, 2826.96284824134, 66.330341778736, 115.910064115066, 121.573824181891
2385, 2009.15395875252, 508.308605602884, 2691.83340097663, 2826.96284824134, 66.0522035142655, 115.42254630909, 121.573824181891
2386, 1872.6270489051, 391.186156898584, 2691.83340097663, 2826.96284824134, 56.2628287026268, 98.2614198374446, 121.573824181891
2387, 1876.48489119232, 408.188264238662, 2691.83340097663, 2826.96284824134, 56.6949274640222, 99.0184452774341, 121.573824181891
2388, 1854.40183248142, 465.460426040574, 2691.83340097663, 2826.96284824134, 56.199948028359, 98.1503212761472, 121.573824181891
2389, 1842.91661783167, 452.400558292602, 2691.83340097663, 2826.96284824134, 55.3618195520373, 96.6814678433772, 121.573824181891
2390, 1819.84954840487, 461.951194830509, 2691.83340097663, 2826.96284824134, 54.1955477660028, 94.6366443403222, 121.573824181891
2391, 1738.45558535258, 389.711105131303, 2691.83340097663, 2826.96284824134, 48.7875498138922, 85.1571163716527, 121.573824181891
2392, 1717.84965070697, 430.530947384203, 2691.83340097663, 2826.96284824134, 48.2079105553277, 84.1404537344258, 121.573824181891
2393, 1628.99922492254, 339.247137266172, 2691.83340097663, 2826.96284824134, 42.5477389995908, 74.2194228995144, 121.573824181891
2394, 1573.12871640088, 279.955353898948, 2691.83340097663, 2826.96284824134, 39.2283997323759, 68.4012041779547, 121.573824181891
2395, 1554.61280757007, 339.842519094367, 2691.83340097663, 2826.96284824134, 38.9102602985284, 67.843186164525, 121.573824181891
2396, 1524.7256921987, 520.561326106792, 2691.83340097663, 2826.96284824134, 39.8918812563414, 69.5627636900565, 121.573824181891
2397, 1428.45527941627, 541.398890680773, 2691.83340097663, 2826.96284824134, 35.8594927811064, 62.4950460963302, 121.573824181891
2398, 1297.7621442608, 524.326087712228, 2691.83340097663, 2826.96284824134, 30.0991707368573, 52.3991983836658, 121.573824181891
2399, 1258.37604154222, 540.641344960638, 2691.83340097663, 2826.96284824134, 28.8184246556651, 50.1543082342746, 121.573824181891
2400, 1186.10516949272, 340.514394038512, 2691.83340097663, 2826.96284824134, 23.3877452528091, 40.6372550361007, 121.573824181891
2401, 1189.81456102324, 364.465090920074, 2691.83340097663, 2826.96284824134, 23.7824925611233, 41.3288897447203, 121.573824181891
2402, 1154.00314345827, 333.732396336399, 2691.83340097663, 2826.96284824134, 22.1624262216234, 38.4897794011607, 121.573824181891
2403, 1141.19613417508, 35.153555083231, 2691.83340097663, 2826.96284824134, 20.256633749451, 35.153420334343, 121.573824181891
2404, 1137.46612801705, 34.9213864710911, 2691.83340097663, 2826.96284824134, 20.124256893035, 34.9214361582802, 121.573824181891
2405, 1116.84323862079, 33.6513637365835, 2691.83340097663, 2826.96284824134, 19.3999649966288, 33.6520786692333, 121.573824181891
2406, 1107.44834949829, 33.0810345950916, 2691.83340097663, 2826.96284824134, 19.0743739172199, 33.0814515932026, 121.573824181891
2407, 1135.54457609766, 34.8023916199632, 2691.83340097663, 2826.96284824134, 20.0561035095605, 34.8019635694943, 121.573824181891
2408, 1120.58848664146, 33.8803893460015, 2691.83340097663, 2826.96284824134, 19.5305029786586, 33.8808503070738, 121.573824181891
2409, 1099.9609687861, 32.6291963583137, 2691.83340097663, 2826.96284824134, 18.8169292357539, 32.6302733595706, 121.573824181891
2410, 1126.16258401532, 34.2232127755583, 2691.83340097663, 2826.96284824134, 19.7254981606558, 34.2225577941722, 121.573824181891
2411, 1071.8851916587, 30.9614074628729, 2691.83340097663, 2826.96284824134, 17.8671900741674, 30.9658290413127, 121.573824181891
2412, 1094.28105474832, 32.2910821330069, 2691.83340097663, 2826.96284824134, 18.6226609699251, 32.2897791846675, 121.573824181891
2413, 1086.82028852887, 31.8452073359178, 2691.83340097663, 2826.96284824134, 18.3692588549038, 31.8456994643739, 121.573824181891
2414, 1077.45191323726, 31.291500244178, 2691.83340097663, 2826.96284824134, 18.0534365589364, 31.2922085073563, 121.573824181891
2415, 1079.31207433948, 31.4018055229747, 2691.83340097663, 2826.96284824134, 18.1158980150977, 31.4016682118929, 121.573824181891
2416, 1079.31435503832, 31.4018125356136, 2691.83340097663, 2826.96284824134, 18.1159797025781, 31.4018124227285, 121.573824181891
2417, 1090.54586780701, 32.0677482450758, 2691.83340097663, 2826.96284824134, 18.4955690016842, 32.0670519108973, 121.573824181891
2418, 1088.68774614902, 31.9564591530152, 2691.83340097663, 2826.96284824134, 18.4325281206535, 31.9565782575816, 121.573824181891
2419, 1069.96860329275, 30.8520304246252, 2691.83340097663, 2826.96284824134, 17.8031586007605, 30.8535917546695, 121.573824181891
2420, 1066.20411685408, 30.6336812198277, 2691.83340097663, 2826.96284824134, 17.6778689540077, 30.6340093317036, 121.573824181891
2421, 1066.19966020251, 30.633731315364, 2691.83340097663, 2826.96284824134, 17.6777115971879, 30.6337315956181, 121.573824181891
2422, 1137.45745641683, 34.9208682746548, 2691.83340097663, 2826.96284824134, 20.1239312331602, 34.9208535379622, 121.573824181891
2423, 1133.71139751528, 34.6885056276921, 2691.83340097663, 2826.96284824134, 19.9913857810244, 34.6885698518785, 121.573824181891
2424, 1139.33058024545, 35.0373596106916, 2691.83340097663, 2826.96284824134, 20.1903702290166, 35.0372961055196, 121.573824181891
2425, 986.460108260701, 26.1686334208633, 2691.83340097663, 2826.96284824134, 15.1278621222083, 26.1693789835214, 121.573824181891
2426, 988.323336415656, 26.2700736208109, 2691.83340097663, 2826.96284824134, 15.1851392780986, 26.269759989027, 121.573824181891
2427, 985.653200584478, 260.442249364324, 2691.83340097663, 2826.96284824134, 16.151201417402, 27.9635098378807, 121.573824181891
2428, 1011.91297566338, 276.046668956179, 2691.83340097663, 2826.96284824134, 17.0972754468568, 29.6216161141258, 121.573824181891
2429, 467.437276857652, 246.714029165731, 2691.83340097663, 2826.96284824134, 4.33796985106771, 7.26486194027854, 121.573824181891
2430, 535.576643506489, 253.353479702796, 2691.83340097663, 2826.96284824134, 5.45112453598056, 9.21671356895304, 121.573824181891
2431, 537.057796070934, 203.924246550647, 2691.83340097663, 2826.96284824134, 5.12426055507839, 8.64380561518062, 121.573824181891
2432, 619.948035711048, 180.747837611277, 2691.83340097663, 2826.96284824134, 6.47524911407897, 11.0126053188822, 121.573824181891
2433, 473.528154721156, 127.08994855912, 2691.83340097663, 2826.96284824134, 3.73102204037396, 6.20384883099667, 121.573824181891
2434, 532.369784325605, 105.339903401416, 2691.83340097663, 2826.96284824134, 4.57136389812454, 7.67783145301496, 121.573824181891
2435, 596.844749567336, 109.685810617892, 2691.83340097663, 2826.96284824134, 5.71649053386943, 9.68603590133366, 121.573824181891
2436, 825.540226067578, 264.229928483435, 2691.83340097663, 2826.96284824134, 11.6701824413025, 20.1246456558118, 121.573824181891
2437, 459.828356879551, 369.482225948161, 2691.83340097663, 2826.96284824134, 5.40344513395149, 9.1393114143406, 121.573824181891
2438, 390.595648349659, 226.057496735206, 2691.83340097663, 2826.96284824134, 3.16165712425697, 5.20869541269214, 121.573824181891
2439, 395.074705677096, 320.560864704796, 2691.83340097663, 2826.96284824134, 4.01930480867442, 6.71142221304021, 121.573824181891
2440, 441.416857913518, 364.277019006526, 2691.83340097663, 2826.96284824134, 5.08646987072939, 8.58313496475693, 121.573824181891
2441, 209.557990457165, 350.596231988813, 2691.83340097663, 2826.96284824134, 2.59322912501847, 4.204840786562, 121.573824181891
2442, 267.885395523222, 339.564907747733, 2691.83340097663, 2826.96284824134, 2.90668624348999, 4.75769958272031, 121.573824181891
2443, 271.571435655802, 349.062908429541, 2691.83340097663, 2826.96284824134, 3.03911589233694, 4.98987235926931, 121.573824181891
2444, 267.907791521153, 346.630386670945, 2691.83340097663, 2826.96284824134, 2.98217704945203, 4.88988734398126, 121.573824181891
2445, 416.662781348412, 325.857134271682, 2691.83340097663, 2826.96284824134, 4.3446995527156, 7.28516085170681, 121.573824181891
2446, 424.025280172756, 340.164773463358, 2691.83340097663, 2826.96284824134, 4.58880647725082, 7.71310223067369, 121.573824181891
2447, 483.330973449219, 384.343747149428, 2691.83340097663, 2826.96284824134, 5.92175597968633, 10.0516289524304, 121.573824181891
2448, 396.997174789275, 384.553478587856, 2691.83340097663, 2826.96284824134, 4.74442733164255, 7.98396127765072, 121.573824181891
2449, 305.334917552017, 497.139442013129, 2691.83340097663, 2826.96284824134, 5.28848851810836, 8.93191363797523, 121.573824181891
2450, 318.35303233505, 511.713405876567, 2691.83340097663, 2826.96284824134, 5.64297554505595, 9.55369736997023, 121.573824181891
2451, 288.603115136937, 475.348613265941, 2691.83340097663, 2826.96284824134, 4.80499998896273, 8.08387677239521, 121.573824181891
2452, 387.922755439574, 613.820627547005, 2691.83340097663, 2826.96284824134, 8.19204145724264, 14.0232408453447, 121.573824181891
2453, -82.0135140288124, 389.875442743398, 2691.83340097663, 2826.96284824134, 2.47593577462427, 3.9729682054342, 121.573824181891
2454, -80.9685954177505, 318.765869398849, 2691.83340097663, 2826.96284824134, 1.69055540185025, 2.59795400226941, 121.573824181891
2455, -106.269625109781, 318.870145006274, 2691.83340097663, 2826.96284824134, 1.76557051674922, 2.72721952893792, 121.573824181891
2456, -26.2958112453469, 358.958377939878, 2691.83340097663, 2826.96284824134, 2.02169440572355, 3.18235202395138, 121.573824181891
2457, 398.221685455222, 513.321736330786, 2691.83340097663, 2826.96284824134, 6.55734779272155, 11.1617292984225, 121.573824181891
2458, 330.217032633833, 364.260661448804, 2691.83340097663, 2826.96284824134, 3.75544378077064, 6.24914076248296, 121.573824181891
2459, 361.159207720263, 343.541085326071, 2691.83340097663, 2826.96284824134, 3.8593776837877, 6.43353546853753, 121.573824181891
2460, 405.770595594877, 401.431520798408, 2691.83340097663, 2826.96284824134, 5.06052850979157, 8.54066543058638, 121.573824181891
2461, 1227.26864970924, 486.536105724156, 2691.83340097663, 2826.96284824134, 27.0940823135369, 47.1685432853285, 121.573824181891
2462, 1157.85729582634, 355.820525303875, 2691.83340097663, 2826.96284824134, 22.8026405885602, 39.6463588438885, 121.573824181891
2463, 1193.59491257774, 365.255525862036, 2691.83340097663, 2826.96284824134, 24.215715464686, 42.1238176651598, 121.573824181891
2464, 1233.24553155878, 377.421026152774, 2691.83340097663, 2826.96284824134, 25.8535447328498, 44.9953669223026, 121.573824181891
2465, 1342.54812928953, 375.781779110647, 2691.83340097663, 2826.96284824134, 30.2169214185213, 52.638794705553, 121.573824181891
2466, 1329.50280778268, 391.425746129937, 2691.83340097663, 2826.96284824134, 29.8616150845143, 52.0156825235994, 121.573824181891
2467, 1314.33746650713, 380.832012746023, 2691.83340097663, 2826.96284824134, 29.1102475107169, 50.69853028578, 121.573824181891
2468, 1284.39609065725, 407.147865377143, 2691.83340097663, 2826.96284824134, 28.2225570898528, 49.1418252393659, 121.573824181891
2469, 1848.82758313716, 499.567103847381, 2691.83340097663, 2826.96284824134, 57.0786246465413, 99.7082981319243, 121.573824181891
2470, 1798.22114201578, 453.821478956913, 2691.83340097663, 2826.96284824134, 53.5207871875607, 93.4714136309912, 121.573824181891
2471, 1833.26735543352, 488.398105010391, 2691.83340097663, 2826.96284824134, 56.0131712971873, 97.840479705199, 121.573824181891
2472, 1772.81530480773, 420.320552174174, 2691.83340097663, 2826.96284824134, 51.6493744283349, 90.1908809980679, 121.573824181891
2473, 2005.93146986362, 361.721847385575, 2691.83340097663, 2826.96284824134, 64.6632272775742, 112.993434801306, 121.573824181891
2474, 1976.26343179315, 289.820421516445, 2691.83340097663, 2826.96284824134, 62.0875963605252, 108.478850049358, 121.573824181891
2475, 1902.95027435957, 284.286279274518, 2691.83340097663, 2826.96284824134, 57.6055821356704, 100.620985217141, 121.573824181891
2476, 1974.16569528354, 443.772704570892, 2691.83340097663, 2826.96284824134, 63.7272357189671, 111.351518404859, 121.573824181891
2477, 1913.18906208083, 339.781952572985, 2691.83340097663, 2826.96284824134, 58.7573915944893, 102.639974249944, 121.573824181891
2478, 1850.85856858957, 264.703275422077, 2691.83340097663, 2826.96284824134, 54.3902142364006, 94.9841824544382, 121.573824181891
2479, 1822.30369777379, 297.155613076057, 2691.83340097663, 2826.96284824134, 53.0415926369838, 92.6195815993352, 121.573824181891
2480, 1826.56430482574, 337.852699326582, 2691.83340097663, 2826.96284824134, 53.6884934784066, 93.7532939130081, 121.573824181891
2481, 1778.8104341257, 342.563815395973, 2691.83340097663, 2826.96284824134, 51.0567076790909, 89.1399321192255, 121.573824181891
2482, 1836.61240983726, 510.23076508285, 2691.83340097663, 2826.96284824134, 56.5481966850078, 98.7648547188014, 121.573824181891
2483, 1758.09632350068, 380.835407286035, 2691.83340097663, 2826.96284824134, 50.3481346927776, 87.897421465282, 121.573824181891
2484, 1686.1907318923, 281.598064238914, 2691.83340097663, 2826.96284824134, 45.4618121610175, 79.3322746035242, 121.573824181891
2485, 1655.8909239141, 314.195708392162, 2691.83340097663, 2826.96284824134, 44.1882962439452, 77.099616355971, 121.573824181891
2486, 1585.15056250152, 293.683091717691, 2691.83340097663, 2826.96284824134, 40.4230168962898, 70.4995894166819, 121.573824181891
2487, 1616.14257038653, 486.471156508566, 2691.83340097663, 2826.96284824134, 44.3173237777404, 77.3245846225939, 121.573824181891
2488, 1645.46005299318, 628.243298275136, 2691.83340097663, 2826.96284824134, 48.2739450955447, 84.2589133678366, 121.573824181891
2489, 1538.39465241431, 501.124717182614, 2691.83340097663, 2826.96284824134, 40.7234656824441, 71.0252771539506, 121.573824181891
2490, 1429.13547299464, 434.77518139123, 2691.83340097663, 2826.96284824134, 34.705618195284, 60.4776307838449, 121.573824181891
2491, 1415.99736772588, 445.626663994957, 2691.83340097663, 2826.96284824134, 34.2725885786657, 59.7185429420214, 121.573824181891
2492, 1389.43671428655, 436.425514577602, 2691.83340097663, 2826.96284824134, 32.9861520202869, 57.4638964926351, 121.573824181891
2493, 1484.79493339996, 688.430497296307, 2691.83340097663, 2826.96284824134, 41.4889995669745, 72.360429164007, 121.573824181891
2494, 1432.97421745064, 561.467704855972, 2691.83340097663, 2826.96284824134, 36.6814131757146, 63.9352852911191, 121.573824181891
2495, 1308.38204916632, 304.358745720629, 2691.83340097663, 2826.96284824134, 27.9323504285282, 48.6024296421556, 121.573824181891
2496, 1274.10409455892, 282.987918886874, 2691.83340097663, 2826.96284824134, 26.3656811021019, 45.8565316288467, 121.573824181891
2497, 1202.28710125587, 252.139140790917, 2691.83340097663, 2826.96284824134, 23.3545815939293, 40.5795815649562, 121.573824181891
2498, 1176.0762678274, 271.632082741232, 2691.83340097663, 2826.96284824134, 22.5475663530519, 39.1652843118801, 121.573824181891
2499, 1175.02677357611, 37.2931162987885, 2691.83340097663, 2826.96284824134, 21.4776501244829, 37.2932704797074, 121.573824181891
2500, 1184.4192164757, 37.8987992724062, 2691.83340097663, 2826.96284824134, 21.8231130243679, 37.8988172029344, 121.573824181891
2501, 1158.15802847425, 36.2181046774373, 2691.83340097663, 2826.96284824134, 20.864502415362, 36.218797534339, 121.573824181891
2502, 1111.24897658736, 33.3083045076807, 2691.83340097663, 2826.96284824134, 19.2058512318105, 33.3118976404578, 121.573824181891
2503, 1105.56779413527, 32.9673358488883, 2691.83340097663, 2826.96284824134, 19.009528948035, 32.9678039164448, 121.573824181891
2504, 1096.19612861337, 32.4036090816065, 2691.83340097663, 2826.96284824134, 18.6880960264645, 32.4044775469918, 121.573824181891
2505, 1096.18432761432, 32.4037196344186, 2691.83340097663, 2826.96284824134, 18.6876670657381, 32.403720409042, 121.573824181891
2506, 1109.29478732649, 33.1941067614473, 2691.83340097663, 2826.96284824134, 19.1380747916769, 33.1930755895543, 121.573824181891
2507, 1081.22258078458, 31.5114491393034, 2691.83340097663, 2826.96284824134, 18.1802724065671, 31.5145019697067, 121.573824181891
2508, 1081.18836891059, 31.5123350535062, 2691.83340097663, 2826.96284824134, 18.1790453131207, 31.5123376623731, 121.573824181891
2509, 1077.44500639269, 31.2913507024909, 2691.83340097663, 2826.96284824134, 18.0531899281199, 31.2917727304565, 121.573824181891
2510, 1086.7994616421, 31.8453354057097, 2691.83340097663, 2826.96284824134, 18.3685080850416, 31.844374399298, 121.573824181891
2511, 1071.83739000414, 30.9610524050148, 2691.83340097663, 2826.96284824134, 17.8654918408766, 30.962829608731, 121.573824181891
2512, 1079.30531751141, 31.4020691280716, 2691.83340097663, 2826.96284824134, 18.1156559062401, 31.4012415593807, 121.573824181891
2513, 1060.60247031817, 30.3064427280826, 2691.83340097663, 2826.96284824134, 17.4923512487176, 30.3088889937159, 121.573824181891
2514, 1081.16337761005, 31.5129939912807, 2691.83340097663, 2826.96284824134, 18.1781494308165, 31.5107576049786, 121.573824181891
2515, 1096.16546415551, 32.4039006631543, 2691.83340097663, 2826.96284824134, 18.686981794631, 32.4025108318251, 121.573824181891
2516, 1109.29477269585, 33.1941070419418, 2691.83340097663, 2826.96284824134, 19.1380744189678, 33.1930748809508, 121.573824181891
2517, 1154.29855804192, 35.9759509639754, 2691.83340097663, 2826.96284824134, 20.7251923265652, 35.9745785407263, 121.573824181891
2518, 1144.98482747881, 35.3897302099904, 2691.83340097663, 2826.96284824134, 20.3916733412946, 35.3901084490333, 121.573824181891
2519, 1144.97172889815, 35.3892280479863, 2691.83340097663, 2826.96284824134, 20.3911755901798, 35.3892283189469, 121.573824181891
2520, 1159.97707316945, 36.3340488859006, 2691.83340097663, 2826.96284824134, 20.9300764246385, 36.333682339617, 121.573824181891
2521, 997.927828986569, 26.7888987253124, 2691.83340097663, 2826.96284824134, 15.4823564054516, 26.789822316465, 121.573824181891
2522, 1042.76345411315, 29.2932650192134, 2691.83340097663, 2826.96284824134, 16.9069353076514, 29.2865557170042, 121.573824181891
2523, 984.080062321455, 265.073912111716, 2691.83340097663, 2826.96284824134, 16.141141009499, 27.9450752365945, 121.573824181891
2524, 978.439061359153, 255.333801328007, 2691.83340097663, 2826.96284824134, 15.8901113342737, 27.5051273770089, 121.573824181891
2525, 636.832111048809, 202.444626857539, 2691.83340097663, 2826.96284824134, 6.93469425293194, 11.8158311002767, 121.573824181891
2526, 666.246405527452, 156.539057388994, 2691.83340097663, 2826.96284824134, 7.27377250717316, 12.4103027754708, 121.573824181891
2527, 768.01252943946, 160.592430274253, 2691.83340097663, 2826.96284824134, 9.56149791335818, 16.4206204124304, 121.573824181891
2528, 855.335570454303, 164.47536717252, 2691.83340097663, 2826.96284824134, 11.7841696107856, 20.3167424769044, 121.573824181891
2529, 170.706621824154, 105.364769689454, 2691.83340097663, 2826.96284824134, 0.625236097780523, 0.754988691239947, 121.573824181891
2530, 227.255309721015, 101.362871987243, 2691.83340097663, 2826.96284824134, 0.96123390374089, 1.34601098427095, 121.573824181891
2531, 344.663797037097, 206.317099870625, 2691.83340097663, 2826.96284824134, 2.50490083233652, 4.05536439625407, 121.573824181891
2532, 372.930705473813, 305.898735547048, 2691.83340097663, 2826.96284824134, 3.61256503010657, 5.99714251242017, 121.573824181891
2533, -25.7041617981684, 302.052090263696, 2691.83340097663, 2826.96284824134, 1.43308502532061, 2.15718120480002, 121.573824181891
2534, -22.4722598248876, 254.837148055503, 2691.83340097663, 2826.96284824134, 1.02218049231676, 1.43778987344374, 121.573824181891
2535, 10.0994822330717, 247.792487366158, 2691.83340097663, 2826.96284824134, 0.960467142490667, 1.33183706426252, 121.573824181891
2536, 50.0018914444511, 252.58417630335, 2691.83340097663, 2826.96284824134, 1.03436595728998, 1.46389058161161, 121.573824181891
2537, -131.497116944242, 217.613933455928, 2691.83340097663, 2826.96284824134, 1.01452002478056, 1.41166064056798, 121.573824181891
2538, -118.755361846256, 234.025829913802, 2691.83340097663, 2826.96284824134, 1.07996575897438, 1.52719377559928, 121.573824181891
2539, -160.457404403106, 196.620690507247, 2691.83340097663, 2826.96284824134, 1.01112998388232, 1.40354680693433, 121.573824181891
2540, -147.894165574903, 184.847750386213, 2691.83340097663, 2826.96284824134, 0.881027960075791, 1.17675792967664, 121.573824181891
2541, -308.591807865266, 203.287358915146, 2691.83340097663, 2826.96284824134, 2.13880748485776, 3.35646733243375, 121.573824181891
2542, -342.799444984522, 178.002191157391, 2691.83340097663, 2826.96284824134, 2.33540232415064, 3.69785374496352, 121.573824181891
2543, -324.802127851375, 189.498361377199, 2691.83340097663, 2826.96284824134, 2.21429682200364, 3.48728904999509, 121.573824181891
2544, -283.391326146413, 212.347979085512, 2691.83340097663, 2826.96284824134, 1.96533390032302, 3.05491083602229, 121.573824181891
2545, -63.2950960329097, 290.33741025122, 2691.83340097663, 2826.96284824134, 1.38209161622984, 2.05876376694198, 121.573824181891
2546, -124.924725765163, 266.961906992974, 2691.83340097663, 2826.96284824134, 1.36090921500713, 2.01656122474287, 121.573824181891
2547, -150.0972357708, 276.641431746469, 2691.83340097663, 2826.96284824134, 1.55058482628757, 2.34657792507075, 121.573824181891
2548, -137.546961877035, 260.070933675952, 2691.83340097663, 2826.96284824134, 1.35618438328618, 2.00724879825018, 121.573824181891
2549, -111.857712268198, 203.37334021049, 2691.83340097663, 2826.96284824134, 0.847030967514921, 1.1196794717036, 121.573824181891
2550, -73.8471466427627, 214.991755437549, 2691.83340097663, 2826.96284824134, 0.812307666228154, 1.06186978203275, 121.573824181891
2551, -46.5665828131974, 243.142349370047, 2691.83340097663, 2826.96284824134, 0.961173258278879, 1.32466098427182, 121.573824181891
2552, -48.2871132119784, 254.891080874001, 2691.83340097663, 2826.96284824134, 1.05462966906397, 1.4881172430419, 121.573824181891
2553, 533.208810953292, 279.212259938594, 2691.83340097663, 2826.96284824134, 5.62431191809982, 9.53280261834627, 121.573824181891
2554, 547.821824190579, 263.128862820922, 2691.83340097663, 2826.96284824134, 5.73390606883516, 9.72564376367506, 121.573824181891
2555, 549.737479690674, 279.709623313408, 2691.83340097663, 2826.96284824134, 5.90647232150294, 10.028047023628, 121.573824181891
2556, 594.136950655882, 295.303797384648, 2691.83340097663, 2826.96284824134, 6.83455188543966, 11.6565149494251, 121.573824181891
2557, 665.055302039925, 323.765289980725, 2691.83340097663, 2826.96284824134, 8.49599434664087, 14.5676519318216, 121.573824181891
2558, 704.001293421688, 334.726013625663, 2691.83340097663, 2826.96284824134, 9.43655873427508, 16.217493836274, 121.573824181891
2559, 746.879285498675, 362.521140906612, 2691.83340097663, 2826.96284824134, 10.7046131394896, 18.4412822305994, 121.573824181891
2560, 786.507654699791, 411.700437892166, 2691.83340097663, 2826.96284824134, 12.241442695506, 21.1357525927876, 121.573824181891
2561, 1210.87496905941, 383.032545276041, 2691.83340097663, 2826.96284824134, 25.0706114900009, 43.617670289308, 121.573824181891
2562, 1163.97456723588, 387.065153359676, 2691.83340097663, 2826.96284824134, 23.386362556343, 40.6647787073648, 121.573824181891
2563, 1165.83533367163, 389.551819237996, 2691.83340097663, 2826.96284824134, 23.4837688432262, 40.8354978137764, 121.573824181891
2564, 1211.85152532111, 454.475930626001, 2691.83340097663, 2826.96284824134, 26.0399680988976, 45.3162197090064, 121.573824181891
2565, 1771.88077632552, 475.028323061117, 2691.83340097663, 2826.96284824134, 52.3631759590096, 91.441527908235, 121.573824181891
2566, 1746.59265711696, 448.690939481707, 2691.83340097663, 2826.96284824134, 50.5967374267584, 88.3451005690053, 121.573824181891
2567, 1745.98699976736, 405.781996349692, 2691.83340097663, 2826.96284824134, 49.9907017549787, 87.2830788283988, 121.573824181891
2568, 1760.53827052231, 343.12035451176, 2691.83340097663, 2826.96284824134, 50.0517308460048, 87.3906812129601, 121.573824181891
2569, 2040.63458776442, 358.508995393225, 2691.83340097663, 2826.96284824134, 66.8158680543972, 116.767430437379, 121.573824181891
2570, 1992.73702378342, 372.141728114943, 2691.83340097663, 2826.96284824134, 63.9613986680735, 111.763557907428, 121.573824181891
2571, 1953.44504098489, 322.796615907105, 2691.83340097663, 2826.96284824134, 61.0068203132504, 106.583709316881, 121.573824181891
2572, 1965.33378044601, 354.876745939801, 2691.83340097663, 2826.96284824134, 62.0734528091082, 108.453262403611, 121.573824181891
2573, 1971.30046619222, 376.825475860238, 2691.83340097663, 2826.96284824134, 62.6908296283391, 109.535284733751, 121.573824181891
2574, 1911.42158676864, 356.17726669117, 2691.83340097663, 2826.96284824134, 58.8306314122933, 102.768129338556, 121.573824181891
2575, 1878.79623180831, 355.121952019655, 2691.83340097663, 2826.96284824134, 56.89210568002, 99.3697755336791, 121.573824181891
2576, 1848.43861616247, 401.711812366218, 2691.83340097663, 2826.96284824134, 55.6800065911439, 97.244095437261, 121.573824181891
2577, 1790.40154256462, 360.293227962697, 2691.83340097663, 2826.96284824134, 51.8958923433941, 90.6107398263301, 121.573824181891
2578, 1756.14270191461, 378.243345894411, 2691.83340097663, 2826.96284824134, 50.2103183123343, 87.6557710023464, 121.573824181891
2579, 1736.53700540265, 343.146377451556, 2691.83340097663, 2826.96284824134, 48.7474751422316, 85.0915502728192, 121.573824181891
2580, 1719.35636088278, 343.869412894026, 2691.83340097663, 2826.96284824134, 47.8304334266151, 83.4840293628995, 121.573824181891
2581, 1664.2624233267, 371.854337546139, 2691.83340097663, 2826.96284824134, 45.2398627274554, 78.9427791161915, 121.573824181891
2582, 1599.59613698178, 382.620278451813, 2691.83340097663, 2826.96284824134, 42.0797216294568, 73.4033792995178, 121.573824181891
2583, 1532.85451579326, 383.896032651679, 2691.83340097663, 2826.96284824134, 38.8389251298819, 67.7225554370766, 121.573824181891
2584, 1495.26655153505, 418.723828483467, 2691.83340097663, 2826.96284824134, 37.5028531441572, 65.3805240289577, 121.573824181891
2585, 1476.40588666669, 424.324555645577, 2691.83340097663, 2826.96284824134, 36.7039755429898, 63.9802629599082, 121.573824181891
2586, 1459.24915879444, 415.795191546315, 2691.83340097663, 2826.96284824134, 35.8080554177951, 62.4099925226895, 121.573824181891
2587, 1450.90917296889, 360.472976134973, 2691.83340097663, 2826.96284824134, 34.7598199639176, 60.5728508960607, 121.573824181891
2588, 1405.42729319984, 352.139129613329, 2691.83340097663, 2826.96284824134, 32.6450251389732, 56.8662981930477, 121.573824181891
2589, 1288.99499059594, 424.10571032774, 2691.83340097663, 2826.96284824134, 28.6329213863546, 49.8341719555456, 121.573824181891
2590, 1218.0403587289, 317.143974743096, 2691.83340097663, 2826.96284824134, 24.628647150627, 42.8163629261676, 121.573824181891
2591, 1206.67102832885, 306.922520361453, 2691.83340097663, 2826.96284824134, 24.1003101148813, 41.8903971916762, 121.573824181891
2592, 1207.40866496189, 378.037089747105, 2691.83340097663, 2826.96284824134, 24.8872947061006, 43.2695929387604, 121.573824181891
2593, 1151.00193304144, 369.603493889473, 2691.83340097663, 2826.96284824134, 22.719396428963, 39.470286025455, 121.573824181891
2594, 1130.50060569978, 392.021539109801, 2691.83340097663, 2826.96284824134, 22.2574595618304, 38.6606870283629, 121.573824181891
2595, 1148.75979140745, 35.625927952591, 2691.83340097663, 2826.96284824134, 20.5266519838775, 35.6267139048138, 121.573824181891
2596, 1135.60162410635, 34.8050974144041, 2691.83340097663, 2826.96284824134, 20.0582497795027, 34.8057613628252, 121.573824181891
2597, 1144.95857921196, 35.3887248111299, 2691.83340097663, 2826.96284824134, 20.390676457441, 35.3883454816046, 121.573824181891
2598, 1129.97236897805, 34.4566682720165, 2691.83340097663, 2826.96284824134, 19.8595439062833, 34.4575159761936, 121.573824181891
2599, 1096.22694189436, 32.4033273071725, 2691.83340097663, 2826.96284824134, 18.6892159447617, 32.406454458386, 121.573824181891
2600, 1083.07850178108, 31.6226750515798, 2691.83340097663, 2826.96284824134, 18.2428000450345, 31.6240771184851, 121.573824181891
2601, 1090.55068311646, 32.0680974392239, 2691.83340097663, 2826.96284824134, 18.4957425290827, 32.0673593886263, 121.573824181891
2602, 1118.65481330241, 33.7642955168533, 2691.83340097663, 2826.96284824134, 19.4629153068212, 33.7623669438709, 121.573824181891
2603, 1079.36212364201, 31.4004761214186, 2691.83340097663, 2826.96284824134, 18.1176896386025, 31.4048282855086, 121.573824181891
2604, 1064.34412592865, 30.5239914571128, 2691.83340097663, 2826.96284824134, 17.6161754257262, 30.5258936341654, 121.573824181891
2605, 1066.1974784392, 30.6338271609243, 2691.83340097663, 2826.96284824134, 17.6776341747427, 30.6335952551683, 121.573824181891
2606, 1066.19966198948, 30.6337318248642, 2691.83340097663, 2826.96284824134, 17.6777115781152, 30.6337316465863, 121.573824181891
2607, 1068.07064587549, 30.7429512834978, 2691.83340097663, 2826.96284824134, 17.7399019673676, 30.7427216007663, 121.573824181891
2608, 1073.68639129799, 31.0716730495429, 2691.83340097663, 2826.96284824134, 17.9272292147607, 31.0710175232122, 121.573824181891
2609, 1054.98431426499, 29.9819104355979, 2691.83340097663, 2826.96284824134, 17.3072360966227, 29.9844689347592, 121.573824181891
2610, 1058.70375412555, 30.1994428527278, 2691.83340097663, 2826.96284824134, 17.4296233886694, 30.1989481122322, 121.573824181891
2611, 1062.44928005753, 30.4162866049855, 2691.83340097663, 2826.96284824134, 17.5533625006043, 30.4158044863316, 121.573824181891
2612, 1068.06623717642, 30.7431357829375, 2691.83340097663, 2826.96284824134, 17.7397458426967, 30.7424464425808, 121.573824181891
2613, 1060.58944587482, 30.3071036916221, 2691.83340097663, 2826.96284824134, 17.4918930610635, 30.3080817058603, 121.573824181891
2614, 1096.13968361309, 32.4041525483252, 2691.83340097663, 2826.96284824134, 18.6860445489551, 32.4008567640289, 121.573824181891
2615, 1137.40414014148, 34.919306954555, 2691.83340097663, 2826.96284824134, 20.1219199101173, 34.9173037020584, 121.573824181891
2616, 1133.71130325001, 34.6883684668694, 2691.83340097663, 2826.96284824134, 19.9913825275949, 34.6885636758864, 121.573824181891
2617, 1056.59668891472, 30.0779578724564, 2691.83340097663, 2826.96284824134, 17.3597992767323, 30.0782811268257, 121.573824181891
2618, 1041.63408411648, 29.2191834947932, 2691.83340097663, 2826.96284824134, 16.8708969934382, 29.2214428722758, 121.573824181891
2619, 1008.36032670781, 380.001893261472, 2691.83340097663, 2826.96284824134, 18.0486493905766, 31.2863116622908, 121.573824181891
2620, 1030.67195347303, 364.661822855837, 2691.83340097663, 2826.96284824134, 18.578455964733, 32.2148279447613, 121.573824181891
2621, 524.270329659855, 290.737554291958, 2691.83340097663, 2826.96284824134, 5.58149461289615, 9.44386458068667, 121.573824181891
2622, 533.289935373973, 260.317378790458, 2691.83340097663, 2826.96284824134, 5.46908695026716, 9.2469896291068, 121.573824181891
2623, 564.502109845163, 251.851744985731, 2691.83340097663, 2826.96284824134, 5.93387878555941, 10.0619191325227, 121.573824181891
2624, 531.220579758618, 236.671886797559, 2691.83340097663, 2826.96284824134, 5.25208354023586, 8.86661621500053, 121.573824181891
2625, 886.056826103977, 238.796210991649, 2691.83340097663, 2826.96284824134, 13.0841583926764, 22.5896730795221, 121.573824181891
2626, 976.430798519494, 333.197325585165, 2691.83340097663, 2826.96284824134, 16.5422010317915, 28.6503341920354, 121.573824181891
2627, 1073.23136941871, 445.608226784806, 2691.83340097663, 2826.96284824134, 20.9916497053381, 36.4483813327453, 121.573824181891
2628, 1095.81574766181, 454.121524492954, 2691.83340097663, 2826.96284824134, 21.8729875946878, 37.9930623713489, 121.573824181891
2629, 174.934003447642, 241.518230661268, 2691.83340097663, 2826.96284824134, 1.38156768579166, 2.07980158176951, 121.573824181891
2630, 153.000121363263, 220.114446747185, 2691.83340097663, 2826.96284824134, 1.11654580821349, 1.61475711439442, 121.573824181891
2631, 140.316790612331, 234.159272101473, 2691.83340097663, 2826.96284824134, 1.15798995360648, 1.68703105102433, 121.573824181891
2632, 201.264756961015, 329.186673522467, 2691.83340097663, 2826.96284824134, 2.31265765228756, 3.71201054499169, 121.573824181891
2633, 995.675857958987, 291.67852710732, 2691.83340097663, 2826.96284824134, 16.7281283132051, 28.9770994957733, 121.573824181891
2634, 951.969199870642, 192.731780818606, 2691.83340097663, 2826.96284824134, 14.6576671916127, 25.3482503780658, 121.573824181891
2635, 966.846222131464, 181.774928855688, 2691.83340097663, 2826.96284824134, 15.0375083762665, 26.0139870786332, 121.573824181891
2636, 957.454824988998, 167.190797170732, 2691.83340097663, 2826.96284824134, 14.6772280127029, 25.3825011410535, 121.573824181891
2637, -214.142383128768, 145.613130551815, 2691.83340097663, 2826.96284824134, 1.04549013003437, 1.47412751562009, 121.573824181891
2638, -177.876277310931, 201.611800069179, 2691.83340097663, 2826.96284824134, 1.12669520902049, 1.6179989494139, 121.573824181891
2639, -132.250575126625, 274.177850614449, 2691.83340097663, 2826.96284824134, 1.4429967843753, 2.17405568269117, 121.573824181891
2640, -205.071147559626, 161.911577020043, 2691.83340097663, 2826.96284824134, 1.06428466698836, 1.50745004868117, 121.573824181891
2641, -346.891417860359, 138.332644358237, 2691.83340097663, 2826.96284824134, 2.19874037458158, 3.48729560370744, 121.573824181891
2642, -352.11905100343, 166.560365882337, 2691.83340097663, 2826.96284824134, 2.3915539351445, 3.82467892206954, 121.573824181891
2643, -364.730858243224, 150.392768309808, 2691.83340097663, 2826.96284824134, 2.4530374550019, 3.93174641900396, 121.573824181891
2644, -325.04537181917, 201.282400035643, 2691.83340097663, 2826.96284824134, 2.30424883344661, 3.67311388866574, 121.573824181891
2645, 1023.31080301227, 336.133904436502, 2691.83340097663, 2826.96284824134, 18.2520136048639, 31.6540231242244, 121.573824181891
2646, 859.576609357946, 167.26412925673, 2691.83340097663, 2826.96284824134, 12.0591069406368, 20.7997322513474, 121.573824181891
2647, 846.491156373788, 154.918007809607, 2691.83340097663, 2826.96284824134, 11.6450811718109, 20.074037847745, 121.573824181891
2648, 938.068041887732, 204.075398712055, 2691.83340097663, 2826.96284824134, 14.4951728491653, 25.0695712938286, 121.573824181891
2649, 761.839801316818, 200.429641989508, 2691.83340097663, 2826.96284824134, 9.75754143064882, 16.7680955725041, 121.573824181891
2650, 743.164729911097, 178.507010935236, 2691.83340097663, 2826.96284824134, 9.18445641188004, 15.7635520119165, 121.573824181891
2651, 749.327651483063, 263.436833884237, 2691.83340097663, 2826.96284824134, 9.92062584612794, 17.053774828147, 121.573824181891
2652, 824.481207044198, 351.937652479086, 2691.83340097663, 2826.96284824134, 12.6397307341548, 21.819747360158, 121.573824181891
2653, 619.108317086616, 197.283866361838, 2691.83340097663, 2826.96284824134, 6.63740265996086, 11.2992856079568, 121.573824181891
2654, 607.985203032537, 189.853097016457, 2691.83340097663, 2826.96284824134, 6.37743986332379, 10.8435702544486, 121.573824181891
2655, 633.959261105008, 209.553291478273, 2691.83340097663, 2826.96284824134, 7.00869089424244, 11.9501355633102, 121.573824181891
2656, 654.48337323049, 236.178786915302, 2691.83340097663, 2826.96284824134, 7.61153416612095, 13.0068576882902, 121.573824181891
2657, 831.723852953187, 243.54163575228, 2691.83340097663, 2826.96284824134, 11.8118988062235, 20.3668054869159, 121.573824181891
2658, 871.533357141108, 325.692668597498, 2691.83340097663, 2826.96284824134, 13.6159053149115, 23.5285474289518, 121.573824181891
2659, 862.227342216678, 322.932328157433, 2691.83340097663, 2826.96284824134, 13.3338170505249, 23.0342272598352, 121.573824181891
2660, 758.91658822938, 190.901436140374, 2691.83340097663, 2826.96284824134, 9.62931637742456, 16.5412623036999, 121.573824181891
2661, 941.418979385792, 204.244479084249, 2691.83340097663, 2826.96284824134, 14.5965716486736, 25.2424249703159, 121.573824181891
2662, 954.495616348812, 207.293777634755, 2691.83340097663, 2826.96284824134, 15.006575245018, 25.9610005104806, 121.573824181891
2663, 1001.23451759867, 209.843342113501, 2691.83340097663, 2826.96284824134, 16.4621566742238, 28.5120293707049, 121.573824181891
2664, 1032.97052462854, 204.603356405697, 2691.83340097663, 2826.96284824134, 17.4440817092304, 30.2329480048974, 121.573824181891
2665, 1216.0411566442, 274.992970062208, 2691.83340097663, 2826.96284824134, 24.4612037583817, 42.5271754393722, 121.573824181891
2666, 1254.01570573073, 310.669805395529, 2691.83340097663, 2826.96284824134, 26.268499203263, 45.6945458444364, 121.573824181891
2667, 1175.82704534138, 180.494424833434, 2691.83340097663, 2826.96284824134, 22.2664208764467, 38.6805536530243, 121.573824181891
2668, 1164.623347789, 191.48835924791, 2691.83340097663, 2826.96284824134, 21.9181673578046, 38.0702091615406, 121.573824181891
2669, 1121.52187576591, 209.917958808125, 2691.83340097663, 2826.96284824134, 20.4834939099342, 35.5559385729163, 121.573824181891
2670, 1116.04989367776, 230.7260897476, 2691.83340097663, 2826.96284824134, 20.4354979492325, 35.4718098524345, 121.573824181891
2671, 1112.27264674058, 228.166845478035, 2691.83340097663, 2826.96284824134, 20.2844340720902, 35.2071152573575, 121.573824181891
2672, 1132.93809370364, 234.167473663515, 2691.83340097663, 2826.96284824134, 21.0587866460268, 36.5641779651234, 121.573824181891
2673, 1119.88661672536, 240.405166223127, 2691.83340097663, 2826.96284824134, 20.6425925016425, 35.8348052188782, 121.573824181891
2674, 1112.87003316108, 296.53749483466, 2691.83340097663, 2826.96284824134, 20.871563696158, 36.2360364808166, 121.573824181891
2675, 1118.67388337801, 315.870879263284, 2691.83340097663, 2826.96284824134, 21.2623347266208, 36.9209773418701, 121.573824181891
2676, 1111.27704267584, 324.885572012252, 2691.83340097663, 2826.96284824134, 21.0937384823934, 36.6255450864344, 121.573824181891
2677, 1112.87431455721, 299.012368871099, 2691.83340097663, 2826.96284824134, 20.895008940374, 36.2773312397967, 121.573824181891
2678, 1102.02417540225, 336.112274125266, 2691.83340097663, 2826.96284824134, 20.8882880244434, 36.2654259547019, 121.573824181891
2679, 1064.97004024052, 371.789768115956, 2691.83340097663, 2826.96284824134, 20.0221937020427, 34.7476181425743, 121.573824181891
2680, 1061.4030585311, 406.834714836859, 2691.83340097663, 2826.96284824134, 20.0857386849926, 34.8547813646895, 121.573824181891
2681, 1067.29485809434, 438.06309208091, 2691.83340097663, 2826.96284824134, 20.6915050662475, 35.9162569688793, 121.573824181891
2682, 1062.06102806555, 461.600523207272, 2691.83340097663, 2826.96284824134, 20.8479947849894, 36.1905182753057, 121.573824181891
2683, 1073.24650811716, 452.761633909273, 2691.83340097663, 2826.96284824134, 21.0938346519599, 36.6214013158887, 121.573824181891
2684, 1059.040972268, 504.423560098439, 2691.83340097663, 2826.96284824134, 21.3926346476837, 37.1449648614893, 121.573824181891
2685, 1056.37585818788, 451.757606801241, 2691.83340097663, 2826.96284824134, 20.5207611036021, 35.6171165151427, 121.573824181891
2686, 1026.4438030871, 295.768173715177, 2691.83340097663, 2826.96284824134, 17.7348627132471, 30.7348429046508, 121.573824181891
2687, 1045.5652045219, 339.440934453152, 2691.83340097663, 2826.96284824134, 18.7831618717829, 32.5719606104271, 121.573824181891
2688, 1040.06099914419, 350.963667992168, 2691.83340097663, 2826.96284824134, 18.7285131598218, 32.4762028254103, 121.573824181891
2689, 1044.02797194553, 374.892202836607, 2691.83340097663, 2826.96284824134, 19.1275449200653, 33.1754731366642, 121.573824181891
2690, 1034.8069541887, 379.134480983978, 2691.83340097663, 2826.96284824134, 18.8793469248506, 32.7405774240225, 121.573824181891
2691, 1006.37050709708, 27.2557164152194, 2691.83340097663, 2826.96284824134, 15.7468062740847, 27.249878971376, 121.573824181891
2692, 1019.37860160803, 27.9652607748586, 2691.83340097663, 2826.96284824134, 16.1569380408747, 27.9685181244449, 121.573824181891
2693, 1023.13947858584, 28.1772666553948, 2691.83340097663, 2826.96284824134, 16.2765914140965, 28.1782308420077, 121.573824181891
2694, 1032.4810403347, 28.6997006680991, 2691.83340097663, 2826.96284824134, 16.5755931256793, 28.702222092291, 121.573824181891
2695, 1028.76797285603, 28.494461044933, 2691.83340097663, 2826.96284824134, 16.4564655476868, 28.4934790460056, 121.573824181891
2696, 1013.82882576025, 27.6644871417608, 2691.83340097663, 2826.96284824134, 15.9813508057212, 27.6608604750585, 121.573824181891
2697, 1023.12738121337, 28.1751227624643, 2691.83340097663, 2826.96284824134, 16.2761828251925, 28.1775030809089, 121.573824181891
2698, 1032.48101059704, 28.6996950920172, 2691.83340097663, 2826.96284824134, 16.5755920910943, 28.7022201450154, 121.573824181891
2699, 1032.50168637051, 28.7034707354862, 2691.83340097663, 2826.96284824134, 16.5762970657864, 28.703476955198, 121.573824181891
2700, 1026.90130618606, 28.390244719519, 2691.83340097663, 2826.96284824134, 16.3967195928506, 28.3887779206047, 121.573824181891
2701, 1019.42318898729, 27.9730687980041, 2691.83340097663, 2826.96284824134, 16.1584386941667, 27.9711923257361, 121.573824181891
2702, 1026.87260789161, 28.3850947320478, 2691.83340097663, 2826.96284824134, 16.3957464574603, 28.3870433513756, 121.573824181891
2703, 1023.15584579507, 28.1801689780598, 2691.83340097663, 2826.96284824134, 16.2771444030659, 28.1792166687927, 121.573824181891
2704, 1036.2150686694, 28.9094021543198, 2691.83340097663, 2826.96284824134, 16.6958683998067, 28.9129976841953, 121.573824181891
2705, 1032.50994343145, 28.7049788733985, 2691.83340097663, 2826.96284824134, 16.5765785998374, 28.7039787900062, 121.573824181891
2706, 1034.36875394397, 28.8082683470198, 2691.83340097663, 2826.96284824134, 16.6363834017383, 28.8087752062026, 121.573824181891
2707, 1028.77213259437, 28.4952123354504, 2691.83340097663, 2826.96284824134, 16.4566068917142, 28.4937311788707, 121.573824181891
2708, 1026.89312057801, 28.3887755755453, 2691.83340097663, 2826.96284824134, 16.3964420312385, 28.3882832490731, 121.573824181891
2709, 1036.22336534088, 28.9109341827988, 2691.83340097663, 2826.96284824134, 16.696152314366, 28.9135038238398, 121.573824181891
2710, 1025.04283147208, 28.2876593459622, 2691.83340097663, 2826.96284824134, 16.3373596956896, 28.284761274259, 121.573824181891
2711, 1026.8849383997, 28.3873072848174, 2691.83340097663, 2826.96284824134, 16.3961645953308, 28.387788803864, 121.573824181891
2712, 1004.49596447926, 27.1520470661927, 2691.83340097663, 2826.96284824134, 15.6880805709705, 27.1469182333129, 121.573824181891
2713, 940.539313649923, 23.7544125451585, 2691.83340097663, 2826.96284824134, 13.7509238396951, 23.7540268359038, 121.573824181891
2714, 923.780194349407, 22.9036997643545, 2691.83340097663, 2826.96284824134, 13.2646700084319, 22.9018611078273, 121.573824181891
2715, 874.181993152165, 532.649154682328, 2691.83340097663, 2826.96284824134, 16.2882655210078, 28.20144726138, 121.573824181891
2716, 862.498199736595, 496.236297335517, 2691.83340097663, 2826.96284824134, 15.3898595873837, 26.6271816490728, 121.573824181891
2717, 785.216538483676, 468.796947479874, 2691.83340097663, 2826.96284824134, 12.9972548244008, 22.4357182807548, 121.573824181891
2718, 794.28970013387, 452.51629173213, 2691.83340097663, 2826.96284824134, 12.9867427420676, 22.4173472296601, 121.573824181891
2719, 805.334564431878, 448.230234269864, 2691.83340097663, 2826.96284824134, 13.2013338579604, 22.7934218180227, 121.573824181891
2720, 810.716960761412, 431.813050557271, 2691.83340097663, 2826.96284824134, 13.1118341965575, 22.6366200006051, 121.573824181891
2721, 461.117034648515, 378.997374683878, 2691.83340097663, 2826.96284824134, 5.53390035336864, 9.35930689564979, 121.573824181891
2722, 458.74781650131, 331.526724668034, 2691.83340097663, 2826.96284824134, 4.97572277916885, 8.38116628824133, 121.573824181891
2723, 432.659060183648, 293.041419416705, 2691.83340097663, 2826.96284824134, 4.24085125850606, 7.09303949633931, 121.573824181891
2724, 434.378265197415, 276.562277601612, 2691.83340097663, 2826.96284824134, 4.11810368059764, 6.87795317190183, 121.573824181891
2725, 317.455576031491, 226.981225292255, 2691.83340097663, 2826.96284824134, 2.36484470555706, 3.80468166347786, 121.573824181891
2726, 298.555810831552, 109.347022449153, 2691.83340097663, 2826.96284824134, 1.56903829636667, 2.40950450889395, 121.573824181891
2727, 300.353154542105, 93.0200621471484, 2691.83340097663, 2826.96284824134, 1.53434396349123, 2.34868410579102, 121.573824181891
2728, 294.841091127502, 90.5854172095686, 2691.83340097663, 2826.96284824134, 1.4764633390353, 2.2471417040298, 121.573824181891
2729, 719.478732694244, 83.6840125230622, 2691.83340097663, 2826.96284824134, 8.14809617700456, 13.9378309526435, 121.573824181891
2730, 712.093090497612, 76.3876460074716, 2691.83340097663, 2826.96284824134, 7.96563983406689, 13.6180472312279, 121.573824181891
2731, 721.327546616735, 102.442223926136, 2691.83340097663, 2826.96284824134, 8.24391132042103, 14.1058217404857, 121.573824181891
2732, 725.096277451127, 93.250634234905, 2691.83340097663, 2826.96284824134, 8.30064508618826, 14.2052604947946, 121.573824181891
2733, 309.146958617429, 62.7986235524698, 2691.83340097663, 2826.96284824134, 1.54425776760226, 2.36568026718305, 121.573824181891
2734, 340.252007017713, 93.7293043162937, 2691.83340097663, 2826.96284824134, 1.93312254296001, 3.04774880700392, 121.573824181891
2735, 333.016139975164, 100.586224476374, 2691.83340097663, 2826.96284824134, 1.87827692633766, 2.95155312865353, 121.573824181891
2736, 327.535715073643, 98.1527892293444, 2691.83340097663, 2826.96284824134, 1.81456813327589, 2.83982235592155, 121.573824181891
2737, -26.5592562191372, 97.5602005044934, 2691.83340097663, 2826.96284824134, 0.160203407640614, -0.0665065519622387, 121.573824181891
2738, -21.112845828699, 102.24722857848, 2691.83340097663, 2826.96284824134, 0.170704691933871, -0.0479264842752157, 121.573824181891
2739, -19.3050237087438, 97.5697812354205, 2691.83340097663, 2826.96284824134, 0.155027714855016, -0.0753525200647382, 121.573824181891
2740, -22.9217123791515, 102.238415390118, 2691.83340097663, 2826.96284824134, 0.171922950422665, -0.0458492311217788, 121.573824181891
2741, 783.913354203188, 128.425101292927, 2691.83340097663, 2826.96284824134, 9.80164994484747, 16.834841647973, 121.573824181891
2742, 802.512751276989, 138.59752487069, 2691.83340097663, 2826.96284824134, 10.3025741274931, 17.7127996859715, 121.573824181891
2743, 800.696506019728, 131.4982775671, 2691.83340097663, 2826.96284824134, 10.2275175991672, 17.5812674753981, 121.573824181891
2744, 795.137326662364, 145.302309437161, 2691.83340097663, 2826.96284824134, 10.1491537781514, 17.4439577525019, 121.573824181891
2745, 624.697792892519, 209.025122335774, 2691.83340097663, 2826.96284824134, 6.73967647989821, 11.4714184279231, 121.573824181891
2746, 638.222453593028, 284.958575435339, 2691.83340097663, 2826.96284824134, 7.58853418389609, 12.9593314519487, 121.573824181891
2747, 627.265825404732, 301.102810159134, 2691.83340097663, 2826.96284824134, 7.52023894548598, 12.8395862740543, 121.573824181891
2748, 632.957055364167, 317.854477978535, 2691.83340097663, 2826.96284824134, 7.79293743785335, 13.3175305584241, 121.573824181891
2749, 643.313884728433, 318.231488672228, 2691.83340097663, 2826.96284824134, 8.00205200377157, 13.6842879346121, 121.573824181891
2750, 645.299981445922, 334.859546628253, 2691.83340097663, 2826.96284824134, 8.21070223153626, 14.0499417669243, 121.573824181891
2751, 667.674854779491, 354.625831043004, 2691.83340097663, 2826.96284824134, 8.87919348923281, 15.2215875058344, 121.573824181891
2752, 656.654638735201, 354.235874984847, 2691.83340097663, 2826.96284824134, 8.64817957263491, 14.8166828201151, 121.573824181891
2753, 632.011793816674, 360.461184593677, 2691.83340097663, 2826.96284824134, 8.22385300410161, 14.0729274293597, 121.573824181891
2754, 622.499453199291, 326.987704646594, 2691.83340097663, 2826.96284824134, 7.68060422313781, 13.120881865266, 121.573824181891
2755, 613.055507751651, 310.091483128086, 2691.83340097663, 2826.96284824134, 7.33183121200404, 12.5095909591202, 121.573824181891
2756, 620.496971237287, 324.521811254395, 2691.83340097663, 2826.96284824134, 7.61680305094887, 13.0090303382497, 121.573824181891
2757, 872.080018978389, 342.04628701379, 2691.83340097663, 2826.96284824134, 13.6366478573488, 23.5546990674509, 121.573824181891
2758, 877.493863025306, 318.655312010936, 2691.83340097663, 2826.96284824134, 13.5434571064931, 23.3914138910459, 121.573824181891
2759, 854.71478701549, 277.372623695283, 2691.83340097663, 2826.96284824134, 12.5468658674252, 21.6448221874295, 121.573824181891
2760, 877.201908680716, 306.770428137903, 2691.83340097663, 2826.96284824134, 13.4195321957013, 23.1741320239811, 121.573824181891
2761, 954.957660649336, 230.542511521804, 2691.83340097663, 2826.96284824134, 14.997350820147, 25.9373314137676, 121.573824181891
2762, 991.954786995599, 178.447184913111, 2691.83340097663, 2826.96284824134, 15.7852262175879, 27.3178531757107, 121.573824181891
2763, 1006.77608429754, 172.200299844356, 2691.83340097663, 2826.96284824134, 16.2115692019089, 28.064919424751, 121.573824181891
2764, 997.493257733266, 185.771232279694, 2691.83340097663, 2826.96284824134, 15.998045598641, 27.6907730864143, 121.573824181891
2765, 1001.30290608612, 202.421869655148, 2691.83340097663, 2826.96284824134, 16.2171819126129, 28.0748327018857, 121.573824181891
2766, 1012.67059097086, 231.272120416449, 2691.83340097663, 2826.96284824134, 16.7681626911094, 29.0404583862703, 121.573824181891
2767, 999.96634985069, 280.069154915366, 2691.83340097663, 2826.96284824134, 16.7593533388046, 29.0251453252669, 121.573824181891
2768, 1009.65780233254, 316.054596133119, 2691.83340097663, 2826.96284824134, 17.3963942793429, 30.1415980174122, 121.573824181891
2769, 1015.42029358069, 321.139488124683, 2691.83340097663, 2826.96284824134, 17.6285115178229, 30.5484479152196, 121.573824181891
2770, 1013.6659036805, 332.873348225914, 2691.83340097663, 2826.96284824134, 17.6926764049124, 30.6609103353147, 121.573824181891
2771, 1017.62347695471, 356.774883426017, 2691.83340097663, 2826.96284824134, 18.074365731881, 31.3298029552828, 121.573824181891
2772, 1021.54161479009, 368.867168554056, 2691.83340097663, 2826.96284824134, 18.3353541403909, 31.7872091412524, 121.573824181891
2773, 1027.3183635546, 383.433457652651, 2691.83340097663, 2826.96284824134, 18.690095353231, 32.4088820145497, 121.573824181891
2774, 1023.77073175724, 397.48873417205, 2691.83340097663, 2826.96284824134, 18.7478834948111, 32.5101748040847, 121.573824181891
2775, 1012.86202191855, 423.01817975978, 2691.83340097663, 2826.96284824134, 18.7284579975252, 32.4761266905582, 121.573824181891
2776, 1005.23797083297, 401.235116643936, 2691.83340097663, 2826.96284824134, 18.2097742877456, 31.5672404015372, 121.573824181891
2777, 1005.13457780903, 398.827549343036, 2691.83340097663, 2826.96284824134, 18.1764245801835, 31.5087497891765, 121.573824181891
2778, 999.838910219068, 429.417972284905, 2691.83340097663, 2826.96284824134, 18.4056379831242, 31.9103866365009, 121.573824181891
2779, 1015.43792172687, 468.455905281565, 2691.83340097663, 2826.96284824134, 19.4405250053186, 33.7240002805621, 121.573824181891
2780, 1016.51495699018, 535.442204345579, 2691.83340097663, 2826.96284824134, 20.5215869614242, 35.6184202276857, 121.573824181891
2781, 1016.04649330143, 499.58402696502, 2691.83340097663, 2826.96284824134, 19.9291576503102, 34.5803597043954, 121.573824181891
2782, 1010.17425314999, 487.276673841881, 2691.83340097663, 2826.96284824134, 19.55483664709, 33.9243547518667, 121.573824181891
2783, 996.876520227735, 472.212937166096, 2691.83340097663, 2826.96284824134, 18.9146542998051, 32.8024929355191, 121.573824181891
2784, 1004.84914956577, 508.460605418992, 2691.83340097663, 2826.96284824134, 19.7162136124352, 34.2070929935198, 121.573824181891
2785, 1024.51314035169, 564.661492863997, 2691.83340097663, 2826.96284824134, 21.2760423399903, 36.9405049859685, 121.573824181891
2786, 1004.07758559573, 570.703308901336, 2691.83340097663, 2826.96284824134, 20.737904123588, 35.9974565003051, 121.573824181891
2787, 1002.65582481099, 27.0547351095372, 2691.83340097663, 2826.96284824134, 15.630662650758, 27.046375112393, 121.573824181891
2788, 1000.71373018176, 26.9402212380706, 2691.83340097663, 2826.96284824134, 15.5699126711245, 26.939787336763, 121.573824181891
2789, 996.979376494032, 26.7370591695002, 2691.83340097663, 2826.96284824134, 15.4537677408786, 26.7362463603979, 121.573824181891
2790, 998.836556802442, 26.8369245257964, 2691.83340097663, 2826.96284824134, 15.5114560410612, 26.8373335641842, 121.573824181891
2791, 996.975419111478, 26.736419183782, 2691.83340097663, 2826.96284824134, 15.4536374970567, 26.7360142349217, 121.573824181891
2792, 982.054459561001, 25.933361131515, 2691.83340097663, 2826.96284824134, 14.9939495680003, 25.9304398786843, 121.573824181891
2793, 989.481125648228, 26.3282050378626, 2691.83340097663, 2826.96284824134, 15.2218201196295, 26.329737528567, 121.573824181891
2794, 991.361237235823, 26.4310055897787, 2691.83340097663, 2826.96284824134, 15.2798238319875, 26.4313991442369, 121.573824181891
2795, 985.771503406708, 26.1310508959986, 2691.83340097663, 2826.96284824134, 15.1077903885496, 26.1299267465086, 121.573824181891
2796, 989.488869124922, 26.3294204935105, 2691.83340097663, 2826.96284824134, 15.2220730025221, 26.3301878641108, 121.573824181891
2797, 982.038990519705, 25.9310039758957, 2691.83340097663, 2826.96284824134, 14.9934481472174, 25.9295466148315, 121.573824181891
2798, 989.481091040982, 26.328199584575, 2691.83340097663, 2826.96284824134, 15.2218189706654, 26.329735354166, 121.573824181891
2799, 987.632052459749, 26.2304477573097, 2691.83340097663, 2826.96284824134, 15.1649385978132, 26.2300710433231, 121.573824181891
2800, 991.35737602255, 26.4303949023229, 2691.83340097663, 2826.96284824134, 15.2796975202012, 26.4311742586069, 121.573824181891
2801, 976.450580443757, 25.6337951188704, 2691.83340097663, 2826.96284824134, 14.8230843889327, 25.6310002062571, 121.573824181891
2802, 980.147978700654, 25.8275041377111, 2691.83340097663, 2826.96284824134, 14.9356393910051, 25.828216339011, 121.573824181891
2803, 978.291547781362, 25.7294227872721, 2691.83340097663, 2826.96284824134, 14.8790589206884, 25.7290701058094, 121.573824181891
2804, 1023.0499801444, 28.1614143184494, 2691.83340097663, 2826.96284824134, 16.2735681681656, 28.1728424119946, 121.573824181891
2805, 1015.68247561129, 27.7652525759701, 2691.83340097663, 2826.96284824134, 16.0398978009871, 27.7634471538358, 121.573824181891
2806, 1053.00567469004, 29.8589676761725, 2691.83340097663, 2826.96284824134, 17.2420624538416, 29.8701536530805, 121.573824181891
2807, 1023.21298704875, 28.1903079951217, 2691.83340097663, 2826.96284824134, 16.2790749475685, 28.182657404773, 121.573824181891
2808, 1023.1478724706, 28.1787558361796, 2691.83340097663, 2826.96284824134, 16.2768751597624, 28.1787374822362, 121.573824181891
2809, 792.128883786408, 16.7424442819517, 2691.83340097663, 2826.96284824134, 9.74928686808305, 16.7434660287463, 121.573824181891
2810, 812.512466133724, 17.6360692277018, 2691.83340097663, 2826.96284824134, 10.2579647267831, 17.6349457068885, 121.573824181891
2811, 775.817100950141, 163.229196135156, 2691.83340097663, 2826.96284824134, 9.76343214358624, 16.7688739146704, 121.573824181891
2812, 773.944239505274, 149.087206197654, 2691.83340097663, 2826.96284824134, 9.64957746147971, 16.5693199292176, 121.573824181891
2813, 483.440900715877, 75.9128826640255, 2691.83340097663, 2826.96284824134, 3.71734437876768, 6.17567430846446, 121.573824181891
2814, 527.557871265109, 42.1757493944858, 2691.83340097663, 2826.96284824134, 4.34777267089121, 7.28086692481603, 121.573824181891
2815, 615.945685195947, 26.3070580424249, 2691.83340097663, 2826.96284824134, 5.90033528521292, 10.0025719610274, 121.573824181891
2816, 728.844395560712, 46.7260797500845, 2691.83340097663, 2826.96284824134, 8.28227859968659, 14.1782098018139, 121.573824181891
2817, 440.768967853348, 53.8413937097478, 2691.83340097663, 2826.96284824134, 3.05955751878332, 5.02669139383659, 121.573824181891
2818, 497.72361328781, 15.7399269001195, 2691.83340097663, 2826.96284824134, 3.84781731215716, 6.40935796028335, 121.573824181891
2819, 604.606343434666, 60.8598982897409, 2691.83340097663, 2826.96284824134, 5.7313604125773, 9.71274686090728, 121.573824181891
2820, 791.951724282403, 383.40319643525, 2691.83340097663, 2826.96284824134, 12.0267048898426, 20.7491482527826, 121.573824181891
2821, 658.198422842084, 401.774237521308, 2691.83340097663, 2826.96284824134, 9.23593927136985, 15.8599402619312, 121.573824181891
2822, 654.137139483154, 363.665578286344, 2691.83340097663, 2826.96284824134, 8.69953611290012, 14.9200235007279, 121.573824181891
2823, 569.5065722704, 197.867423285304, 2691.83340097663, 2826.96284824134, 5.64272243398092, 9.56090891619677, 121.573824181891
2824, 656.496048675728, 233.743385750565, 2691.83340097663, 2826.96284824134, 7.54000520404979, 12.888540193717, 121.573824181891
2825, 659.66990046383, 226.800022228203, 2691.83340097663, 2826.96284824134, 7.5549468590871, 12.9162349957281, 121.573824181891
2826, 691.076283084977, 227.967869316511, 2691.83340097663, 2826.96284824134, 8.22210518964877, 14.0864958121532, 121.573824181891
2827, 694.878340808588, 242.235173184743, 2691.83340097663, 2826.96284824134, 8.40837371629173, 14.4129985636692, 121.573824181891
2828, 666.882413547691, 201.185727006268, 2691.83340097663, 2826.96284824134, 7.53294462941548, 12.8779977082487, 121.573824181891
2829, -302.147485889139, 207.829499519499, 2691.83340097663, 2826.96284824134, 2.10564063552227, 3.30075055285725, 121.573824181891
2830, -282.492943625677, 184.12041373355, 2691.83340097663, 2826.96284824134, 1.78258036655326, 2.73692677486932, 121.573824181891
2831, -195.925315564813, 239.450165986792, 2691.83340097663, 2826.96284824134, 1.5022569058308, 2.25352046496624, 121.573824181891
2832, -204.87587319966, 239.466764098077, 2691.83340097663, 2826.96284824134, 1.55821312578833, 2.35062615736329, 121.573824181891
2833, 633.242640366692, 268.280621890881, 2691.83340097663, 2826.96284824134, 7.34294544337312, 12.5504774621992, 121.573824181891
2834, 586.792017383989, 226.649378339865, 2691.83340097663, 2826.96284824134, 6.14242857654899, 10.444565590827, 121.573824181891
2835, 592.550989673398, 269.235259906726, 2691.83340097663, 2826.96284824134, 6.57628665126477, 11.204874266559, 121.573824181891
2836, 588.858034923398, 250.279257086499, 2691.83340097663, 2826.96284824134, 6.35550096603458, 10.81793964795, 121.573824181891
2837, -5.79212291660324, 210.069567246638, 2691.83340097663, 2826.96284824134, 0.694612006274653, 0.861013628038492, 121.573824181891
2838, 129.381590655297, 319.0659204192, 2691.83340097663, 2826.96284824134, 1.84747041940421, 2.89105599336793, 121.573824181891
2839, 127.566251340299, 319.047465009373, 2691.83340097663, 2826.96284824134, 1.84007855556766, 2.87794273397635, 121.573824181891
2840, 141.964527858935, 300.2641985687, 2691.83340097663, 2826.96284824134, 1.71933015914849, 2.66781400693538, 121.573824181891
2841, 909.122814255151, 362.851497576349, 2691.83340097663, 2826.96284824134, 14.8835978793363, 25.7737351387091, 121.573824181891
2842, 925.688261897826, 332.925374923607, 2691.83340097663, 2826.96284824134, 15.0320953514364, 26.0350690892889, 121.573824181891
2843, 989.862488451326, 400.371664929173, 2691.83340097663, 2826.96284824134, 17.7131782897417, 30.7360431798974, 121.573824181891
2844, 988.616387111151, 445.519885797047, 2691.83340097663, 2826.96284824134, 18.2695293861236, 31.7106372273265, 121.573824181891
2845, 1197.43655540793, 389.259236025539, 2691.83340097663, 2826.96284824134, 24.6401287830808, 42.8718925191736, 121.573824181891
2846, 1151.68748448226, 331.736677315846, 2691.83340097663, 2826.96284824134, 22.322061370414, 38.8081836599354, 121.573824181891
2847, 1218.14601636942, 390.651379456437, 2691.83340097663, 2826.96284824134, 25.4353041692298, 44.2662142328839, 121.573824181891
2848, 1186.4373533814, 409.923952631671, 2691.83340097663, 2826.96284824134, 24.4896993984585, 42.60783399755, 121.573824181891
2849, 1467.11952518198, 435.452175381942, 2691.83340097663, 2826.96284824134, 36.4195148487572, 63.5145687107239, 121.573824181891
2850, 1467.46771573796, 461.674493704983, 2691.83340097663, 2826.96284824134, 36.8025021655829, 64.1857814422383, 121.573824181891
2851, 1396.99863900918, 429.876776340642, 2691.83340097663, 2826.96284824134, 33.2181730317219, 57.9020086290235, 121.573824181891
2852, 1430.47740037885, 516.031766247474, 2691.83340097663, 2826.96284824134, 35.9627015616696, 62.7124124860945, 121.573824181891
2853, 1900.26575367424, 585.170378802418, 2691.83340097663, 2826.96284824134, 60.790708776408, 106.2149022084, 121.573824181891
2854, 1958.46663768607, 711.822479795558, 2691.83340097663, 2826.96284824134, 66.7847238354454, 116.721225844458, 121.573824181891
2855, 1928.30686489913, 737.57845374534, 2691.83340097663, 2826.96284824134, 65.5557064631914, 114.566222944824, 121.573824181891
2856, 1877.7839823318, 710.443854472605, 2691.83340097663, 2826.96284824134, 61.9874503320916, 108.310669464393, 121.573824181891
2857, 2208.78799725795, 625.275965890708, 2691.83340097663, 2826.96284824134, 81.075963629732, 141.761673912658, 121.573824181891
2858, 2173.87828974143, 510.757328225718, 2691.83340097663, 2826.96284824134, 76.7072239794287, 134.104898633371, 121.573824181891
2859, 2142.32816782608, 485.444505515133, 2691.83340097663, 2826.96284824134, 74.2182131150868, 129.740656109623, 121.573824181891
2860, 2121.3257303536, 518.735234421927, 2691.83340097663, 2826.96284824134, 73.3549320239457, 128.226125084713, 121.573824181891
2861, 2104.084558286, 504.878698300485, 2691.83340097663, 2826.96284824134, 72.014538773937, 125.876780030716, 121.573824181891
2862, 2076.24505813002, 470.554100386235, 2691.83340097663, 2826.96284824134, 69.7031180964949, 121.824313391524, 121.573824181891
2863, 2043.62721580539, 488.300981217473, 2691.83340097663, 2826.96284824134, 67.896277797633, 118.656146654513, 121.573824181891
2864, 2001.14162584699, 488.311343690139, 2691.83340097663, 2826.96284824134, 65.2493531523527, 114.015337722484, 121.573824181891
2865, 2001.18666682138, 497.841706757047, 2691.83340097663, 2826.96284824134, 65.3970020079268, 114.273837671607, 121.573824181891
2866, 1979.70320560792, 474.012236521985, 2691.83340097663, 2826.96284824134, 63.7222526186676, 111.338164452147, 121.573824181891
2867, 2021.86170558492, 469.087505229741, 2691.83340097663, 2826.96284824134, 66.2476843706902, 115.765293288821, 121.573824181891
2868, 1998.99748476847, 466.626165675658, 2691.83340097663, 2826.96284824134, 64.7975932400737, 113.223731829493, 121.573824181891
2869, 1855.86852465507, 425.140278930648, 2691.83340097663, 2826.96284824134, 55.7296408716663, 97.3266951289182, 121.573824181891
2870, 1804.52525967876, 479.446158396733, 2691.83340097663, 2826.96284824134, 53.594245108466, 93.5821760802763, 121.573824181891
2871, 1754.12509763675, 546.246819971305, 2691.83340097663, 2826.96284824134, 51.8909270857607, 90.5957063670414, 121.573824181891
2872, 1743.64886589738, 600.405056698967, 2691.83340097663, 2826.96284824134, 52.2848776823058, 91.2856969280539, 121.573824181891
2873, 1721.58819378808, 643.98122144811, 2691.83340097663, 2826.96284824134, 51.9444094488957, 90.68841384686, 121.573824181891
2874, 1691.27099030865, 554.62482421837, 2691.83340097663, 2826.96284824134, 48.700070096828, 85.0024080153485, 121.573824181891
2875, 1659.45101450461, 479.910210578847, 2691.83340097663, 2826.96284824134, 45.8666789192609, 80.0362825305176, 121.573824181891
2876, 1581.37717134707, 487.216218123711, 2691.83340097663, 2826.96284824134, 42.0818690843212, 73.4018618596758, 121.573824181891
2877, 1412.8137646267, 511.45527791352, 2691.83340097663, 2826.96284824134, 34.6902388913164, 60.4458931775448, 121.573824181891
2878, 1343.44089375385, 422.697243919017, 2691.83340097663, 2826.96284824134, 30.4723093471017, 53.0535809187441, 121.573824181891
2879, 1272.80418256648, 358.234595505669, 2691.83340097663, 2826.96284824134, 26.8553051423821, 46.7144004808007, 121.573824181891
2880, 1217.99515178407, 342.636857038526, 2691.83340097663, 2826.96284824134, 24.5882003719068, 42.7410774441603, 121.573824181891
