{
  "pv011": 0.03676470588235294,
  "pv012": 0.03676470588235294,
  "pv013": 0.03676470588235294,
  "pv014": 0.03676470588235294,
  "pv021": 0.03676470588235294,
  "pv022": 0.03676470588235294,
  "pv023": 0.03676470588235294,
  "pv024": 0.03676470588235294,
  "pv031": 0.03676470588235294,
  "pv032": 0.03676470588235294,
  "pv033": 0.03676470588235294,
  "pv034": 0.03676470588235294,
  "pv041": 0.03676470588235294,
  "pv042": 0.03676470588235294,
  "pv043": 0.03676470588235294,
  "pv044": 0.03676470588235294,
  "pv051": 0.03676470588235294,
  "pv052": 0.03676470588235294,
  "pv053": 0.03676470588235294,
  "pv054": 0.03676470588235294,
  "pv061": 0.011029411764705883,
  "pv062": 0.011029411764705883,
  "pv063": 0.011029411764705883,
  "pv064": 0.011029411764705883,
  "pv071": 0.011029411764705883,
  "pv072": 0.011029411764705883,
  "pv073": 0.011029411764705883,
  "pv074": 0.011029411764705883,
  "pv081": 0.011029411764705883,
  "pv082": 0.011029411764705883,
  "pv083": 0.011029411764705883,
  "pv084": 0.011029411764705883,
  "pv091": 0.011029411764705883,
  "pv092": 0.011029411764705883,
  "pv093": 0.011029411764705883,
  "pv094": 0.011029411764705883,
  "pv101": 0.011029411764705883,
  "pv102": 0.011029411764705883,
  "pv103": 0.011029411764705883,
  "pv104": 0.011029411764705883,
  "pv111": 0.011029411764705883,
  "pv112": 0.011029411764705883,
  "pv113": 0.011029411764705883,
  "pv114": 0.011029411764705883
}