{
  "tap_min": {
    "reg1": 0.9,
    "reg2": 0.9,
    "reg3": 0.9
  },
  "tap_step": {
    "reg1": 0.006451612903225808,
    "reg2": 0.006451612903225808,
    "reg3": 0.006451612903225808
  },
  "tap_max_pos": {
    "reg1": 31,
    "reg2": 31,
    "reg3": 31
  },
  "reg_bus": {
    "reg1": "rg60",
    "reg2": "rg60",
    "reg3": "rg60"
  }
}